[ {
  "id" : "0197c570-6f60-11ec-8aab-63cd9c950ac0-0",
  "name" : "buffer_pal_nom_01.txt",
  "createdDate" : 0,
  "text" : "ATO Nº 1.523 - NM. A PREFEITA DE PALMAS, no uso das atribuições que lhe confere o art. 71, incisos I e VI, da Lei Orgânica do Município, RESOLVE: Art. 1º É nomeada ELIANE VIEIRA E SOUZA SILVA no cargo de Gerente Administrativo-Financeiro - DAS-7, no Instituto 20 de Maio de Ensino, Ciência e Tecnologia do Município de Palmas, a partir de 17 de dezembro de 2021. Art. 2º Este Ato entra em vigor na data de sua publicação. Palmas, 16 de dezembro de 2021. CINTHIA ALVES CAETANO RIBEIRO Prefeita de Palmas Agostinho Araújo Rodrigues Júnior Secretário da Casa Civil do Município de Palmas ATO Nº 1.524 - DSG. ",
  "status" : "IN_PROGRESS",
  "modifiedDate" : 1641585889233
}, {
  "id" : "0197c570-6f60-11ec-8aab-63cd9c950ac0-1",
  "name" : "buffer_pal_nom_02.txt",
  "createdDate" : 0,
  "text" : "ATO Nº 1.464 - NM. A PREFEITA DE PALMAS, no uso das atribuições que lhe confere o art. 71, incisos I e VI, da Lei Orgânica do Município, RESOLVE: Art. 1° É nomeada ISABELLA CARDOSO SANTA ROSA no cargo de Assistente de Gabinete II - DAS-9, na Secretaria Municipal de Comunicação, a partir de 3 de dezembro de 2021. Art. 2º Este Ato entra em vigor na data de sua publicação. Palmas, 2 de dezembro de 2021. CINTHIA ALVES CAETANO RIBEIRO Prefeita de Palmas Agostinho Araújo Rodrigues Júnior Secretário da Casa Civil do Município de Palmas ATO Nº 1.465. ",
  "status" : "IN_PROGRESS",
  "modifiedDate" : 1641605974020
}, {
  "id" : "0197c570-6f60-11ec-8aab-63cd9c950ac0-2",
  "name" : "buffer_pal_nom_03.txt",
  "createdDate" : 0,
  "text" : "ATO Nº 1.475 - NM. A PREFEITA DE PALMAS, no uso das atribuições que lhe confere o art. 71, incisos I e VI, da Lei Orgânica do Município, RESOLVE: Art. 1° É nomeada GABRIELLE VILANOVA DOS SANTOS no cargo de Assistente de Gabinete I – DAS-8, na Agência de Regulação, Controle e Fiscalização de Serviços Públicos de Palmas, a partir de 6 de dezembro de 2021. Art. 2º Este Ato entra em vigor na data de sua publicação. Palmas, 3 de dezembro de 2021. CINTHIA ALVES CAETANO RIBEIRO Prefeita de Palmas Agostinho Araújo Rodrigues Júnior Secretário da Casa Civil do Município de Palmas",
  "status" : "IN_PROGRESS",
  "modifiedDate" : 1641606019599
}, {
  "id" : "0197c570-6f60-11ec-8aab-63cd9c950ac0-3",
  "name" : "buffer_pal_nom_04.txt",
  "createdDate" : 0,
  "text" : "ATO Nº 1.476 - NM. A PREFEITA DE PALMAS, no uso das atribuições que lhe confere o art. 71, incisos I e VI, da Lei Orgânica do Município, RESOLVE: Art. 1° É nomeado MATEUS DA SILVA DIAS no cargo de Assessor Especial Jurídico - DAS-3, no Instituto de Previdência Social do Município de Palmas, a partir de 9 de dezembro de 2021. Art. 2º Este Ato entra em vigor na data de sua publicação. Palmas, 8 de dezembro de 2021. CINTHIA ALVES CAETANO RIBEIRO Prefeita de Palmas Agostinho Araújo Rodrigues Júnior Secretário da Casa Civil do Município de Palmas",
  "status" : "IN_PROGRESS",
  "modifiedDate" : 1641606054571
}, {
  "id" : "0197c570-6f60-11ec-8aab-63cd9c950ac0-4",
  "name" : "buffer_pal_nom_05.txt",
  "createdDate" : 0,
  "text" : "ATO Nº 1.477 - NM. A PREFEITA DE PALMAS, no uso das atribuições que lhe confere o art. 71, incisos I e VI, da Lei Orgânica do Município, RESOLVE: Art. 1° É nomeado ONOEL SALES RAMOS no cargo de Assistente de Gabinete II - DAS-9, na Secretaria Municipal da Saúde, a partir de 9 de dezembro de 2021. Art. 2º Este Ato entra em vigor na data de sua publicação. Palmas, 8 de dezembro de 2021. CINTHIA ALVES CAETANO RIBEIRO Prefeita de Palmas Agostinho Araújo Rodrigues Júnior Secretário da Casa Civil do Município de Palmas ATO Nº 1.478",
  "status" : "IN_PROGRESS",
  "modifiedDate" : 1641606081001
}, {
  "id" : "0197c570-6f60-11ec-8aab-63cd9c950ac0-5",
  "name" : "buffer_pal_nom_06.txt",
  "createdDate" : 0,
  "text" : "ATO Nº 1.491 - NM. A PREFEITA DE PALMAS, no uso das atribuições que lhe confere o art. 71, incisos I e VI, da Lei Orgânica do Município, RESOLVE: Art. 1° É nomeado EYBE ROCHA FRIEDRISZICK no cargo de Gerente de Recursos Humanos - DAS-7, no Instituto de Previdência Social do Município de Palmas, a partir de 1º de dezembro de 2021. Art. 2º Este Ato entra em vigor na data de sua publicação. Palmas, 9 de dezembro de 2021. CINTHIA ALVES CAETANO RIBEIRO Prefeita de Palmas Agostinho Araújo Rodrigues Júnior Secretário da Casa Civil do Município de Palmas",
  "status" : "IN_PROGRESS",
  "modifiedDate" : 1641606112698
}, {
  "id" : "0197c570-6f60-11ec-8aab-63cd9c950ac0-6",
  "name" : "buffer_pal_nom_07.txt",
  "createdDate" : 0,
  "text" : "ATO Nº 1.492 - NM. A PREFEITA DE PALMAS, no uso das atribuições que lhe confere o art. 71, incisos I e VI, da Lei Orgânica do Município, RESOLVE: Art. 1º É nomeada KARINA RODRIGUES GOMES no cargo de Assessor Jurídico - DAS-5, na Secretaria Municipal de Desenvolvimento Social, a partir de 10 de dezembro de 2021. Art. 2º Este Ato entra em vigor na data de sua publicação. Palmas, 9 de dezembro de 2021. CINTHIA ALVES CAETANO RIBEIRO Prefeita de Palmas Agostinho Araújo Rodrigues Júnior Secretário da Casa Civil do Município de Palmas ATO Nº 1.493 - DSG.",
  "status" : "IN_PROGRESS",
  "modifiedDate" : 1641606140554
}, {
  "id" : "0197c570-6f60-11ec-8aab-63cd9c950ac0-7",
  "name" : "buffer_pal_nom_08.txt",
  "createdDate" : 0,
  "text" : "ATO Nº 1.507 - NM. A PREFEITA DE PALMAS, no uso das atribuições que lhe confere o art. 71, incisos I e VI, da Lei Orgânica do Município, RESOLVE: Art. 1º É nomeado LUÍS OTÁVIO JORGE SANTOS no cargo de Assistente de Relações Institucionais - DAS-8, na Secretaria Municipal de Infraestrutura e Serviços Públicos, a partir de 9 de dezembro de 2021. Art. 2º Este Ato entra em vigor na data de sua publicação. Palmas, 13 de dezembro de 2021. CINTHIA ALVES CAETANO RIBEIRO Prefeita de Palmas Agostinho Araújo Rodrigues Júnior Secretário da Casa Civil do Município de Palmas ",
  "status" : "IN_PROGRESS",
  "modifiedDate" : 1641606172365
}, {
  "id" : "0197c570-6f60-11ec-8aab-63cd9c950ac0-8",
  "name" : "buffer_pal_nom_09.txt",
  "createdDate" : 0,
  "text" : "ATO Nº 2 - NM. A PREFEITA DE PALMAS, no uso das atribuições que lhe confere o art. 71, incisos I e VI, da Lei Orgânica do Município, RESOLVE: Art. 1º É nomeado PEDRO HENRIQUE SANTOS BATISTA no cargo de Gerente de Planejamento de Obras Civis - DAS-7, na Secretaria Municipal de Infraestrutura e Serviços Públicos, a partir de 7 de janeiro de 2022. Art. 2º Este Ato entra em vigor na data de sua publicação. Palmas, 6 de janeiro de 2022. CINTHIA ALVES CAETANO RIBEIRO MANTOAN Prefeita de Palmas Agostinho Araújo Rodrigues Júnior Secretário da Casa Civil do Município de Palmas ",
  "status" : "IN_PROGRESS",
  "modifiedDate" : 1641606200984
}, {
  "id" : "0197c570-6f60-11ec-8aab-63cd9c950ac0-9",
  "name" : "buffer_pal_nom_10.txt",
  "createdDate" : 0,
  "text" : "ATO Nº 1.534 - NM. A PREFEITA DE PALMAS, no uso das atribuições que lhe confere o art. 71, incisos I e VI, da Lei Orgânica do Município, RESOLVE: Art. 1º É nomeada VANILA FERNANDA VERAS BARROS no cargo de Gerente de Promoção - DAS-7, na Agência de Turismo do Município de Palmas, a partir de 27 de dezembro de 2021. Art. 2º Este Ato entra em vigor na data de sua publicação. Palmas, 23 de dezembro de 2021. CINTHIA ALVES CAETANO RIBEIRO Prefeita de Palmas Agostinho Araújo Rodrigues Júnior Secretário da Casa Civil do Município de Palmas ",
  "status" : "IN_PROGRESS",
  "modifiedDate" : 1641606226693
}, {
  "id" : "28608c60-6fe6-11ec-8aab-63cd9c950ac0-0",
  "name" : "buffer_pal_exo_01.txt",
  "createdDate" : 0,
  "text" : "PORTARIA Nº 921, DE 15 DE DEZEMBRO DE 2021. O SECRETÁRIO DA CASA CIVIL DO MUNICÍPIO DE PALMAS, no uso da atribuição que lhe confere o Decreto nº 1.594, de 19 de abril de 2018, CONSIDERANDO o art. 32 da Lei Complementar nº 8, de 16 de novembro de 1999, que traz a previsão da exoneração de cargo em comissão, a pedido do servidor; RESOLVE: Art. 1° É exonerado, a pedido, JEAN CARLOS CARVALHO do cargo de Assistente de Gabinete I - DAS-8, da Secretaria Municipal de Desenvolvimento Social, a partir de 10 de dezembro de 2021. Art. 2° Esta Portaria entra em vigor na data de sua publicação. Palmas, 15 de dezembro de 2021. Agostinho Araújo Rodrigues Júnior Secretário da Casa Civil do Município de Palmas\n",
  "status" : "IN_PROGRESS",
  "modifiedDate" : 1641585746571
}, {
  "id" : "28608c60-6fe6-11ec-8aab-63cd9c950ac0-1",
  "name" : "buffer_pal_exo_02.txt",
  "createdDate" : 0,
  "text" : "PORTARIA Nº 926, DE 16 DE DEZEMBRO DE 2021. O SECRETÁRIO DA CASA CIVIL DO MUNICÍPIO DE PALMAS, no uso da atribuição que lhe confere o Decreto nº 1.594, de 19 de abril de 2018, \nRESOLVE: Art. 1° É exonerado FUAD NEIFE NETO do cargo de Gerente Administrativo-Financeiro - DAS-7, do Instituto 20 de Maio de Ensino, Ciência e Tecnologia do Município de Palmas, \na partir de 17 de dezembro de 2021. Art. 2° Esta Portaria entra em vigor na data de sua publicação. Palmas, 16 de dezembro de 2021. Agostinho Araújo Rodrigues Júnior Secretário da Casa Civil do Município de Palmas \nDIÁRIO OFICIAL DO MUNICÍPIO DE PALMAS Nº 2.879 - QUINTA-FEIRA, 16 DE DEZEMBRO DE 2021 3 SECRETARIA DE GOVERNO E RELAÇÕES INSTITUCIONAIS PORTARIA/SEGRI/GAB Nº 11, DE 15 DE DEZEMBRO DE 2021. ",
  "status" : "IN_PROGRESS",
  "modifiedDate" : 1641602580665
}, {
  "id" : "28608c60-6fe6-11ec-8aab-63cd9c950ac0-2",
  "name" : "buffer_pal_exo_03.txt",
  "createdDate" : 0,
  "text" : "PORTARIA Nº 897, DE 8 DE DEZEMBRO DE 2021. O SECRETÁRIO DA CASA CIVIL DO MUNICÍPIO DE PALMAS, no uso da atribuição que lhe confere o Decreto nº 1.594, de 19 de abril de 2018, RESOLVE: Art. 1° É exonerado JURANDIR PEREIRA DA SILVA do cargo de Assistente de Gabinete II - DAS-9, da Secretaria Municipal da Saúde, a partir de 9 de dezembro de 2021. Art. 2° Esta Portaria entra em vigor na data de sua publicação. Palmas, 8 de dezembro de 2021.",
  "status" : "IN_PROGRESS",
  "modifiedDate" : 1641607651550
}, {
  "id" : "28608c60-6fe6-11ec-8aab-63cd9c950ac0-3",
  "name" : "buffer_pal_exo_04.txt",
  "createdDate" : 0,
  "text" : "PORTARIA Nº 900, DE 8 DE DEZEMBRO DE 2021. O SECRETÁRIO DA CASA CIVIL DO MUNICÍPIO DE PALMAS, no uso da atribuição que lhe confere o Decreto nº 1.594, de 19 de abril de 2018, RESOLVE: Art. 1° É exonerado CARLOS HUMBERTO LUSTOZA DE SOUZA do cargo de Gerente de Convênios - DAS-7, da Secretaria Municipal de Desenvolvimento Urbano e Serviços Regionais, a partir de 9 de dezembro de 2021. Art. 2° Esta Portaria entra em vigor na data de sua publicação. Palmas, 8 de dezembro de 2021.",
  "status" : "IN_PROGRESS",
  "modifiedDate" : 1641607693537
}, {
  "id" : "28608c60-6fe6-11ec-8aab-63cd9c950ac0-4",
  "name" : "buffer_pal_exo_05.txt",
  "createdDate" : 0,
  "text" : "PORTARIA Nº 905, DE 9 DE DEZEMBRO DE 2021. O SECRETÁRIO DA CASA CIVIL DO MUNICÍPIO DE PALMAS, no uso da atribuição que lhe confere o Decreto nº 1.594, de 19 de abril de 2018, RESOLVE: Art . 1° É exonerada FERNANDA GUTIERREZ YAMAMOTO do cargo de Assessor Jurídico - DAS-5, da Secretaria Municipal de Desenvolvimento Social, a partir de 10 de dezembro de 2021. Art. 2° Esta Portaria entra em vigor na data de sua publicação. Palmas, 9 de dezembro de 2021. Agostinho Araújo Rodrigues Júnior Secretário da Casa Civil do Município de Palmas\n",
  "status" : "IN_PROGRESS",
  "modifiedDate" : 1641607718057
}, {
  "id" : "28608c60-6fe6-11ec-8aab-63cd9c950ac0-5",
  "name" : "buffer_pal_exo_06.txt",
  "createdDate" : 0,
  "text" : "PORTARIA Nº 942, DE 27 DE DEZEMBRO DE 2021. O SECRETÁRIO DA CASA CIVIL DO MUNICÍPIO DE PALMAS, no uso da atribuição que lhe confere o Decreto nº 1.594, de 19 de abril de 2018, RESOLVE: Art. 1° É exonerada HELEM CRISTINA SANTOS DE MELO COUTO do cargo de Chefe de Núcleo Setorial de Recursos Humanos - DAS-7, da Secretaria Municipal de Assuntos Fundiários, a partir de 28 de novembro de 2021. Art. 2° Esta Portaria entra em vigor na data de sua publicação. Palmas, 27 de dezembro de 2021. Agostinho Araújo Rodrigues Júnior Secretário da Casa Civil do Município de Palmas",
  "status" : "IN_PROGRESS",
  "modifiedDate" : 1641952041039
}, {
  "id" : "28608c60-6fe6-11ec-8aab-63cd9c950ac0-6",
  "name" : "buffer_pal_exo_07.txt",
  "createdDate" : 0,
  "text" : "PORTARIA Nº 940, DE 23 DE DEZEMBRO DE 2021. O SECRETÁRIO DA CASA CIVIL DO MUNICÍPIO DE PALMAS, no uso da atribuição que lhe confere o Decreto nº 1.594, de 19 de abril de 2018, RESOLVE: Art. 1° É exonerada MARINÊS CRUZ DA SILVA do cargo de Diretor de Proteção Básica – DAS-4, da Secretaria Municipal de Desenvolvimento Social, a partir de 30 de novembro de 2021. Art. 2° Esta Portaria entra em vigor na data de sua publicação. Palmas, 23 de dezembro de 2021. Agostinho Araújo Rodrigues Júnior Secretário da Casa Civil do Município de Palmas",
  "status" : "IN_PROGRESS",
  "modifiedDate" : 1641607770954
}, {
  "id" : "28608c60-6fe6-11ec-8aab-63cd9c950ac0-7",
  "name" : "buffer_pal_exo_08.txt",
  "createdDate" : 0,
  "text" : "PORTARIA Nº 941, DE 23 DE DEZEMBRO DE 2021. O SECRETÁRIO DA CASA CIVIL DO MUNICÍPIO DE PALMAS, no uso da atribuição que lhe confere o Decreto nº 1.594, de 19 de abril de 2018, RESOLVE: Art. 1° É exonerado VALBER SOARES BORGES do cargo de Gerente de Gestão e Finanças - DAS-7, da Secretaria Municipal de Planejamento e Desenvolvimento Humano, a partir de 27 de dezembro de 2021. Art. 2° Esta Portaria entra em vigor na data de sua publicação. Palmas, 23 de dezembro de 2021. Agostinho Araújo Rodrigues Júnior Secretário da Casa Civil do Município de Palmas",
  "status" : "IN_PROGRESS",
  "modifiedDate" : 1641607804106
}, {
  "id" : "28608c60-6fe6-11ec-8aab-63cd9c950ac0-8",
  "name" : "buffer_pal_exo_09.txt",
  "createdDate" : 0,
  "text" : "PORTARIA Nº 833, DE 8 DE NOVEMBRO DE 2021. O SECRETÁRIO DA CASA CIVIL DO MUNICÍPIO DE PALMAS, no uso da atribuição que lhe confere o Decreto nº 1.594, de 19 de abril de 2018, RESOLVE: Art. 1° É exonerado JULIO CESAR ALEXANDRE do cargo de Gerente de Prestação de Contas - DAS-7, da Secretaria Municipal Extraordinária de Assuntos Estratégicos, Captação de Recursos e Energias Sustentáveis, a partir de 1º de agosto de 2021. Art. 2° Esta Portaria entra em vigor na data de sua publicação. Palmas, 8 de novembro de 2021. Agostinho Araújo Rodrigues Júnior Secretário da Casa Civil do Município de Palmas",
  "status" : "IN_PROGRESS",
  "modifiedDate" : 1641607854625
}, {
  "id" : "28608c60-6fe6-11ec-8aab-63cd9c950ac0-9",
  "name" : "buffer_pal_exo_10.txt",
  "createdDate" : 0,
  "text" : "PORTARIA Nº 834, DE 8 DE NOVEMBRO DE 2021. O SECRETÁRIO DA CASA CIVIL DO MUNICÍPIO DE PALMAS, no uso da atribuição que lhe confere o Decreto nº 1.594, de 19 de abril de 2018, RESOLVE: Art. 1° É exonerado EDIVAN BEZERRA MARTINS do cargo de Diretor de Gestão e Finanças - DAS-4, Secretaria Municipal de Desenvolvimento Social. Art. 2° Esta Portaria entra em vigor na data de sua publicação. Palmas, 8 de novembro de 2021. Agostinho Araújo Rodrigues Júnior Secretário da Casa Civil do Município de Palmas",
  "status" : "IN_PROGRESS",
  "modifiedDate" : 1641607830256
}, {
  "id" : "33b26440-7026-11ec-a52f-0922da029c04-0",
  "name" : "buffer_flo_exo_01.txt",
  "createdDate" : 0,
  "text" : "DECRETO N. 23.379, DE 01 DE DEZEMBRO DE \n2021. O PREFEITO MUNICIPAL DE FLORIANÓPOLIS, \nusando da competência e atribuições, que lhe são \nconferidas pelo inciso VI do art. 74, da Lei Orgânica \ndo Município, RESOLVE:  EXONERAR, A PEDIDO, \nSIMONE BASTOS do Cargo em Comissão de \nAssessor do Sistema de Comunicação Social do \nGabinete do Prefeito, a partir de 01/12/2021. \nFlorianópolis, 1º de dezembro de 2021. GEAN \nMARQUES LOUREIRO PREFEITO MUNICIPAL \nEVERSON MENDES SECRETÁRIO MUNICIPAL DA \nCASA CIVIL. ",
  "status" : "IN_PROGRESS",
  "modifiedDate" : 1641607063932
}, {
  "id" : "33b26440-7026-11ec-a52f-0922da029c04-1",
  "name" : "buffer_flo_exo_02.txt",
  "createdDate" : 0,
  "text" : "DECRETO N. 23.417, DE 16 DE DEZEMBRO DE \n2021. O PREFEITO MUNICIPAL DE FLORIANÓPOLIS, \nusando da competência e atribuições, que lhe são \nconferidas pelo inciso VI do art. 74, da Lei Orgânica \ndo Município, RESOLVE:  EXONERAR, A PEDIDO, \nMARCO SACENTI do Cargo em Comissão de \nSecretário Adjunto da Secretaria Municipal do \nContinente e Assuntos Metropolitanos, a partir de \n01/12/2021. Florianópolis, aos 16 de dezembro de \n2021. GEAN MARQUES LOUREIRO PREFEITO \nMUNICIPAL EVERSON MENDES SECRETÁRIO \nMUNICIPAL DA CASA CIVIL.  ",
  "status" : "IN_PROGRESS",
  "modifiedDate" : 1641607104383
}, {
  "id" : "33b26440-7026-11ec-a52f-0922da029c04-2",
  "name" : "buffer_flo_exo_03.txt",
  "createdDate" : 0,
  "text" : "DECRETO N. 23.384, DE 02 DE DEZEMBRO DE \n2021. O PREFEITO MUNICIPAL DE FLORIANÓPOLIS, \nusando da competência e atribuições, que lhe são \nconferidas pelo inciso VI do art. 74, da Lei Orgânica \ndo Município, RESOLVE: EXONERAR, A PEDIDO, \nALEXANDRE DE JESUS do Cargo em Comissão de \nIntendente Lagoa da Conceição da Secretaria \nMunicipal de Infraestrutura, a partir de \n02/12/2021. Florianópolis, aos 02 de dezembro de \n2021. GEAN MARQUES LOUREIRO PREFEITO \nMUNICIPAL EVERSON MENDES SECRETÁRIO \nMUNICIPAL DA CASA CIVIL  ",
  "status" : "IN_PROGRESS",
  "modifiedDate" : 1641607130877
}, {
  "id" : "33b26440-7026-11ec-a52f-0922da029c04-3",
  "name" : "buffer_flo_exo_04.txt",
  "createdDate" : 0,
  "text" : "DECRETO N. 23.386, DE 02 DE DEZEMBRO DE \n2021. O PREFEITO MUNICIPAL DE FLORIANÓPOLIS, \nusando da competência e atribuições, que lhe são \nconferidas pelo inciso VI do art. 74, da Lei Orgânica \ndo Município, RESOLVE: EXONERAR, A PEDIDO, \nSIDNEI ARI TEIXEIRA do Cargo em Comissão de \nSubprefeito do Leste da Secretaria Municipal de \nInfraestrutura, a partir de 02/12/2021. \nFlorianópolis, aos 02 de dezembro de 2021. GEAN \nMARQUES LOUREIRO PREFEITO MUNICIPAL \nEVERSON MENDES SECRETÁRIO MUNICIPAL DA \nCASA CIVIL  ",
  "status" : "IN_PROGRESS",
  "modifiedDate" : 1641607164831
}, {
  "id" : "33b26440-7026-11ec-a52f-0922da029c04-4",
  "name" : "buffer_flo_exo_05.txt",
  "createdDate" : 0,
  "text" : "DECRETO N. 23.389, DE 03 DE DEZEMBRO DE \n2021. O PREFEITO MUNICIPAL DE FLORIANÓPOLIS, \nusando da competência e atribuições, que lhe são \n\nconferidas pelo inciso VI do art. 74, da Lei Orgânica \ndo Município, RESOLVE:  EXONERAR, A PEDIDO, \nCAROLINA FERREIRA do Cargo em Comissão de \nAssessor do Sistema Jurídico da Procuradoria Geral \ndo Município, a partir de 06/12/2021. \nFlorianópolis, aos 03 de dezembro de 2021. GEAN \nMARQUES LOUREIRO PREFEITO MUNICIPAL \nEVERSON MENDES SECRETÁRIO MUNICIPAL DA \nCASA CIVIL. ",
  "status" : "IN_PROGRESS",
  "modifiedDate" : 1641607189854
}, {
  "id" : "33b26440-7026-11ec-a52f-0922da029c04-5",
  "name" : "buffer_flo_exo_06.txt",
  "createdDate" : 0,
  "text" : "DECRETO N. 23.425, DE 21 DE DEZEMBRO DE \n2021. O PREFEITO MUNICIPAL DE FLORIANÓPOLIS, \nusando da competência e atribuições, que lhe são \nconferidas pelo inciso VI do art. 74, da Lei Orgânica \ndo Município, RESOLVE:  EXONERAR, A PEDIDO, \nSARUÊ MARIA LIMA DE OLIVEIRA do Cargo em \nComissão de Gerente de Perícia Médica e \nSegurança do Trabalho da Secretaria Municipal de \n\nAdministração, a partir de 21/12/2021. \nFlorianópolis, aos 21 de dezembro de 2021. GEAN \nMARQUES LOUREIRO PREFEITO MUNICIPAL \nEVERSON MENDES SECRETÁRIO MUNICIPAL DA \nCASA CIVIL. \n",
  "status" : "IN_PROGRESS",
  "modifiedDate" : 1641607238272
}, {
  "id" : "33b26440-7026-11ec-a52f-0922da029c04-6",
  "name" : "buffer_flo_exo_07.txt",
  "createdDate" : 0,
  "text" : "DECRETO N. 23.449, DE 30 DE DEZEMBRO DE \n2021. O PREFEITO MUNICIPAL DE FLORIANÓPOLIS, \nusando da competência e atribuições, que lhe são \nconferidas pelo inciso VI do art. 74, da Lei Orgânica \ndo Município, RESOLVE: EXONERAR, A PEDIDO, \nGEORGES MAVROS FILIZZOLA do Cargo em \nComissão de Superintendente de Receitas e \nTributos Municipais da Secretaria Municipal da \nFazenda, a partir de 03/01/2022. Florianópolis, aos \n30 de dezembro de 2021. GEAN MARQUES \nLOUREIRO PREFEITO MUNICIPAL EVERSON \nMENDES SECRETÁRIO MUNICIPAL DA CASA CIVIL. \n(Republicado por incorreção na publicação no \nDiário Oficial Eletrônico do Município, Edição n. \n3103, do dia 03/01/2022, página 01). \n",
  "status" : "IN_PROGRESS",
  "modifiedDate" : 1641607302576
}, {
  "id" : "33b26440-7026-11ec-a52f-0922da029c04-7",
  "name" : "buffer_flo_exo_08.txt",
  "createdDate" : 0,
  "text" : "DECRETO N. 23.369, DE 30 DE NOVEMBRO DE \n2021. O PREFEITO MUNICIPAL DE FLORIANÓPOLIS, \nusando da competência e atribuições, que lhe são \nconferidas pelo inciso VI do art. 74, da Lei Orgânica \ndo Município, RESOLVE: EXONERAR, A PEDIDO, \nPATRÍCIA KARLA FIRMINO do Cargo em Comissão \nde Coordenador do Escritório de Projetos da \nSecretaria Municipal da Casa Civil, a partir de \n30/11/2021. Florianópolis, aos 30 de novembro de \n2021. GEAN MARQUES LOUREIRO PREFEITO \nMUNICIPAL EVERSON MENDES SECRETÁRIO \nMUNICIPAL DA CASA CIVIL. ",
  "status" : "IN_PROGRESS",
  "modifiedDate" : 1641607261691
}, {
  "id" : "33b26440-7026-11ec-a52f-0922da029c04-8",
  "name" : "buffer_flo_exo_09.txt",
  "createdDate" : 0,
  "text" : "DECRETO N. 23.374, DE 30 DE NOVEMBRO DE \n2021. O PREFEITO MUNICIPAL DE FLORIANÓPOLIS, \nusando da competência e atribuições, que lhe são \nconferidas pelo inciso VI do art. 74, da Lei Orgânica \ndo Município, RESOLVE:  EXONERAR, A PEDIDO, \nLAUDELINO DE BASTOS E SILVA do Cargo em \nComissão de Secretário Adjunto da Secretaria \nMunicipal do Meio Ambiente, a partir de \n30/11/2021. Florianópolis, aos 30 de novembro de \n2021. GEAN MARQUES LOUREIRO PREFEITO \nMUNICIPAL EVERSON MENDES SECRETÁRIO \nMUNICIPAL DA CASA CIVIL.  ",
  "status" : "IN_PROGRESS",
  "modifiedDate" : 1641607335436
}, {
  "id" : "33b26440-7026-11ec-a52f-0922da029c04-9",
  "name" : "buffer_flo_exo_10.txt",
  "createdDate" : 0,
  "text" : "DECRETO N. 23.310, DE 29 DE OUTUBRO DE 2021. \nO PREFEITO MUNICIPAL DE FLORIANÓPOLIS, \nusando da competência e atribuições, que lhe são \nconferidas pelo inciso VI do art. 74, da Lei Orgânica \ndo Município, RESOLVE: EXONERAR, A PEDIDO, \nMARCOS LEANDRO GONÇALVES DA SILVA do Cargo \nem Comissão de Superintendente da Região \nContinental da Secretaria Municipal do Continente \ne Assuntos Metropolitanos, a partir de 29/10/2021. \nFlorianópolis, aos 29 de outubro de 2021. GEAN \nMARQUES LOUREIRO PREFEITO MUNICIPAL \nEVERSON MENDES SECRETÁRIO MUNICIPAL DA \nCASA CIVIL. \n\n",
  "status" : "IN_PROGRESS",
  "modifiedDate" : 1641607036124
}, {
  "id" : "459c38b0-6fe6-11ec-8aab-63cd9c950ac0-0",
  "name" : "buffer_mcz_exo_01.txt",
  "createdDate" : 0,
  "text" : "GABINETE DO PREFEITO - GP PORTARIA Nº. 3032 MACEIÓ/AL, 29 DE NOVEMBRO DE 2021. O PREFEITO DO MUNICÍPIO DE MACEIÓ, no uso de suas atribuições e prerrogativas legais, RESOLVE: Art. 1º Exonerar, a pedido, IGO JONAS DOS SANTOS SILVA, do cargo em comissão de Assessor, Símbolo DAS-2, CPF n°. 082.127.114-80, do(a) GABINETE DO VICE-PREFEITO - GVP, do Quadro de Pessoal do Poder Executivo Municipal. Art. 2º Esta Portaria entra em vigor na data de sua publicação, revogando-se as disposições em contrário. JHC Prefeito de Maceió Publicado por: Evandro José Cordeiro Código Identificador:128D37BB\n",
  "status" : "IN_PROGRESS",
  "modifiedDate" : 1641581239424
}, {
  "id" : "459c38b0-6fe6-11ec-8aab-63cd9c950ac0-1",
  "name" : "buffer_mcz_exo_02.txt",
  "createdDate" : 0,
  "text" : "GABINETE DO PREFEITO - GP PORTARIA Nº. 3079 MACEIÓ/AL, 09 DE DEZEMBRO DE 2021. O PREFEITO DO MUNICÍPIO DE MACEIÓ, no uso de suas atribuições e prerrogativas legais, RESOLVE: Art. 1º Exonerar, a pedido, ALLAN DIEGO SANTOS DE OLIVIEIRA E SOUZA, do cargo em comissão de Assessor, Símbolo DAS-2, CPF n°. 075.571.354-07, do(a) SECRETARIA MUNICIPAL DE GESTÃO - SEMGE, do Quadro de Pessoal do Poder Executivo Municipal. Art. 2º Esta Portaria entra em vigor na data de sua publicação, revogando-se as disposições em contrário. JHC Prefeito de Maceió Publicado por: Evandro José Cordeiro Código Identificador:7798CD0D\n",
  "status" : "IN_PROGRESS",
  "modifiedDate" : 1641581272673
}, {
  "id" : "459c38b0-6fe6-11ec-8aab-63cd9c950ac0-2",
  "name" : "buffer_mcz_exo_03.txt",
  "createdDate" : 0,
  "text" : "GABINETE DO PREFEITO - GP PORTARIA Nº. 3095 MACEIÓ/AL, 14 DE DEZEMBRO DE 2021. O PREFEITO DO MUNICÍPIO DE MACEIÓ, no uso de suas atribuições e prerrogativas legais, RESOLVE: Art. 1º Exonerar, a pedido, GRASYELLE AIDIL ALVES PEREIRA E SILVA, do cargo em comissão de Gerência de Vigilância Ambiental, Símbolo DAS-2, CPF n°. 008.036.414-43, do(a) SECRETARIA MUNICIPAL DE SAÚDE - SMS, do Quadro de Pessoal do Poder Executivo Municipal. Art. 2º Esta Portaria entra em vigor na data de sua publicação, revogando-se as disposições em contrário. JHC Prefeito de Maceió Publicado por: Evandro José Cordeiro Código Identificador:740DB160\n",
  "status" : "IN_PROGRESS",
  "modifiedDate" : 1641581311908
}, {
  "id" : "459c38b0-6fe6-11ec-8aab-63cd9c950ac0-3",
  "name" : "buffer_mcz_exo_04.txt",
  "createdDate" : 0,
  "text" : "GABINETE DO PREFEITO - GP PORTARIA Nº. 3094 MACEIÓ/AL, 14 DE DEZEMBRO DE 2021. O PREFEITO DO MUNICÍPIO DE MACEIÓ, no uso de suas atribuições e prerrogativas legais, RESOLVE: Art. 1º Exonerar, a pedido, ROBERTA BORGES DE MORAES OLIVEIRA, do cargo em comissão de Diretor, da Diretoria de Atenção à Saúde, Símbolo DAS-4, CPF n°. 073.211.364-42, do(a) SECRETARIA MUNICIPAL DE SAÚDE - SMS, do Quadro de Pessoal do Poder Executivo Municipal. Art. 2º Esta Portaria entra em vigor na data de sua publicação, revogando-se as disposições em contrário. JHC Prefeito de Maceió Publicado por: Evandro José Cordeiro Código Identificador:B9082E45\n",
  "status" : "IN_PROGRESS",
  "modifiedDate" : 1641581344421
}, {
  "id" : "459c38b0-6fe6-11ec-8aab-63cd9c950ac0-4",
  "name" : "buffer_mcz_exo_05.txt",
  "createdDate" : 0,
  "text" : "GABINETE DO PREFEITO - GP PORTARIA Nº. 3107 MACEIÓ/AL, 21 DE DEZEMBRO DE 2021. O PREFEITO DO MUNICÍPIO DE MACEIÓ, no uso de suas atribuições e prerrogativas legais, RESOLVE: Art. 1º Exonerar, a pedido, GILDEON SANTOS DE BARROS, do cargo em comissão de Assessor, Símbolo DAS-1, CPF n°. 075.401.154-24, do(a) SECRETARIA MUNICIPAL DE GESTÃO - SEMGE, do Quadro de Pessoal do Poder Executivo Municipal. Art. 2º Esta Portaria entra em vigor na data de sua publicação, revogando-se as disposições em contrário. JHC Prefeito de Maceió Publicado por: Evandro José Cordeiro Código Identificador:3FF7D8DD",
  "status" : "IN_PROGRESS",
  "modifiedDate" : 1641581386020
}, {
  "id" : "459c38b0-6fe6-11ec-8aab-63cd9c950ac0-5",
  "name" : "buffer_mcz_exo_06.txt",
  "createdDate" : 0,
  "text" : "GABINETE DO PREFEITO - GP PORTARIA Nº. 3108 MACEIÓ/AL, 21 DE DEZEMBRO DE 2021. O PREFEITO DO MUNICÍPIO DE MACEIÓ, no uso de suas atribuições e prerrogativas legais, RESOLVE: Art. 1º Exonerar, a pedido, YASMINE SILVÉRIO SANTA CRUZ LIMA, do cargo em comissão de Assessor, Símbolo DAS-1, CPF n°. 100.222.994-40, do(a) SECRETARIA MUNICIPAL DE GESTÃO - SEMGE, do Quadro de Pessoal do Poder Executivo Municipal. Art. 2º Esta Portaria entra em vigor na data de sua publicação, revogando-se as disposições em contrário. JHC Prefeito de Maceió Publicado por: Evandro José Cordeiro Código Identificador:75FDCD87",
  "status" : "IN_PROGRESS",
  "modifiedDate" : 1641581417679
}, {
  "id" : "459c38b0-6fe6-11ec-8aab-63cd9c950ac0-6",
  "name" : "buffer_mcz_exo_07.txt",
  "createdDate" : 0,
  "text" : "GABINETE DO PREFEITO - GP PORTARIA Nº. 3109 MACEIÓ/AL, 21 DE DEZEMBRO DE 2021. O PREFEITO DO MUNICÍPIO DE MACEIÓ, no uso de suas atribuições e prerrogativas legais, RESOLVE: Art. 1º Exonerar, a pedido, MARIA JOSÉ MARTINS DOS SANTOS, do cargo em comissão de Assessor Técnico, Símbolo DAS-2, CPF n°. 348.972.754-15, do(a) SECRETARIA MUNICIPAL DE SAÚDE - SMS, do Quadro de Pessoal do Poder Executivo Municipal. Art. 2º Esta Portaria entra em vigor na data de sua publicação, revogando-se as disposições em contrário. JHC Prefeito de Maceió ANO XXIV - Maceió/AL, Quarta-Feira, 22 de Dezembro de 2021 - Nº 6345 www.diariomunicipal.com.br/maceio 2 Publicado por: Evandro José Cordeiro Código Identificador:0369A900",
  "status" : "IN_PROGRESS",
  "modifiedDate" : 1641581463096
}, {
  "id" : "459c38b0-6fe6-11ec-8aab-63cd9c950ac0-7",
  "name" : "buffer_mcz_exo_08.txt",
  "createdDate" : 0,
  "text" : "GABINETE DO PREFEITO - GP PORTARIA Nº. 0001 MACEIÓ/AL, 05 DE JANEIRO DE 2022. O PREFEITO DO MUNICÍPIO DE MACEIÓ, no uso de suas atribuições e prerrogativas legais, RESOLVE: Art. 1º Exonerar, a pedido, DANILO RANIÉRE DOS SANTOS LEITE, do cargo em comissão de Coordenador Geral, da Coordenação Geral de Atualização Normativa e Implementação de Instrumentos Urbanísticos, Símbolo DAS-3, CPF n°. 087.890.154-01, do(a) SECRETARIA MUNICIPAL DE INFRAESTRUTURA - SEMINFRA, do Quadro de Pessoal do Poder Executivo Municipal. Art. 2º Esta Portaria entra em vigor na data de sua publicação, revogando-se as disposições em contrário. JHC Prefeito de Maceió Publicado por: Evandro José Cordeiro Código Identificador:423CF2D9",
  "status" : "IN_PROGRESS",
  "modifiedDate" : 1641581498841
}, {
  "id" : "459c38b0-6fe6-11ec-8aab-63cd9c950ac0-8",
  "name" : "buffer_mcz_exo_09.txt",
  "createdDate" : 0,
  "text" : "GABINETE DO PREFEITO - GP PORTARIA Nº. 0002 MACEIÓ/AL, 05 DE JANEIRO DE 2022. O PREFEITO DO MUNICÍPIO DE MACEIÓ, no uso de suas atribuições e prerrogativas legais, RESOLVE: Art. 1º Exonerar, a pedido, EDUARDA DE MELO FRANÇA, do cargo em comissão de Coordenador, da Coordenação de Vistoria, Acompanhamento e Fiscalização de Projetos, Símbolo DAS-2, CPF n°. 036.116.884-52, do(a) SECRETARIA MUNICIPAL DE INFRAESTRUTURA - SEMINFRA, do Quadro de Pessoal do Poder Executivo Municipal. Art. 2º Esta Portaria entra em vigor na data de sua publicação, revogando-se as disposições em contrário. JHC Prefeito de Maceió Publicado por: Evandro José Cordeiro Código Identificador:7D39151B",
  "status" : "IN_PROGRESS",
  "modifiedDate" : 1641581530030
}, {
  "id" : "459c38b0-6fe6-11ec-8aab-63cd9c950ac0-9",
  "name" : "buffer_mcz_exo_10.txt",
  "createdDate" : 0,
  "text" : "GABINETE DO PREFEITO - GP PORTARIA Nº. 0003 MACEIÓ/AL, 05 DE JANEIRO DE 2022. O PREFEITO DO MUNICÍPIO DE MACEIÓ, no uso de suas atribuições e prerrogativas legais, RESOLVE: Art. 1º Exonerar, a pedido, ARYANA ROMARIZ DA SILVA FEIJÓ, do cargo em comissão de Coordenador Geral, da Coordenador Geral de Qualificação Profissional, Símbolo DAS-3, CPF n°. 048.105.074-40, do(a) SECRETARIA MUNICIPAL DE TRABALHO, ABASTECIMENTO E ECONOMIA SOLIDÁRIA - SEMTABES, do Quadro de Pessoal do Poder Executivo Municipal. Art. 2º Esta Portaria entra em vigor na data de sua publicação, revogando-se as disposições em contrário. ANO XXV - Maceió/AL, Quinta-Feira, 06 de Janeiro de 2022 - Nº 6355 www.diariomunicipal.com.br/maceio 2 JHC Prefeito de Maceió Publicado por: Evandro José Cordeiro Código Identificador:70C06A0C",
  "status" : "IN_PROGRESS",
  "modifiedDate" : 1641581569330
}, {
  "id" : "a3c6fd00-6fdf-11ec-8aab-63cd9c950ac0-0",
  "name" : "buffer_flo_nom_01.txt",
  "createdDate" : 0,
  "text" : "DECRETO N. 23.385, DE 02 DE DEZEMBRO DE \n2021. O PREFEITO MUNICIPAL DE FLORIANÓPOLIS, \nusando da competência e atribuições, que lhe são \nconferidas pelo inciso VI do art. 74, da Lei Orgânica \ndo Município, RESOLVE: NOMEAR AMARILDO JOSÉ \nCORREIA para exercer o Cargo em Comissão de \nIntendente Lagoa da Conceição da Secretaria \nMunicipal de Infraestrutura, a partir de \n02/12/2021. Florianópolis, aos 02 de dezembro de \n2021. GEAN MARQUES LOUREIRO PREFEITO \nMUNICIPAL EVERSON MENDES SECRETÁRIO \nMUNICIPAL DA CASA CIVIL  ",
  "status" : "IN_PROGRESS",
  "modifiedDate" : 1641586047206
}, {
  "id" : "a3c6fd00-6fdf-11ec-8aab-63cd9c950ac0-1",
  "name" : "buffer_flo_nom_02.txt",
  "createdDate" : 0,
  "text" : "DECRETO N. 23.419, DE 16 DE DEZEMBRO DE \n2021. O PREFEITO MUNICIPAL DE FLORIANÓPOLIS, \nusando da competência e atribuições, que lhe são \nconferidas pelo inciso VI do art. 74, da Lei Orgânica \ndo Município, RESOLVE:  NOMEAR RODRIGO \nMOIZÉIS DA SILVA para exercer o Cargo em \nComissão de Assessor do Sistema de Comunicação \nSocial do Gabinete do Prefeito, a partir de \n\n16/12/2021. Florianópolis, aos 16 de dezembro de \n2021. GEAN MARQUES LOUREIRO PREFEITO \nMUNICIPAL EVERSON MENDES SECRETÁRIO \nMUNICIPAL DA CASA CIVIL. ",
  "status" : "IN_PROGRESS",
  "modifiedDate" : 1641607383264
}, {
  "id" : "a3c6fd00-6fdf-11ec-8aab-63cd9c950ac0-2",
  "name" : "buffer_flo_nom_03.txt",
  "createdDate" : 0,
  "text" : "DECRETO N. 23.387, DE 02 DE DEZEMBRO DE \n2021. O PREFEITO MUNICIPAL DE FLORIANÓPOLIS, \nusando da competência e atribuições, que lhe são \nconferidas pelo inciso VI do art. 74, da Lei Orgânica \ndo Município, RESOLVE: NOMEAR LOURIVAL \nMANOEL TEIXEIRA para exercer o Cargo em \nComissão de Subprefeito do Leste da Secretaria \nMunicipal de Infraestrutura, a partir de \n02/12/2021. Florianópolis, aos 02 de dezembro de \n2021. GEAN MARQUES LOUREIRO PREFEITO \nMUNICIPAL EVERSON MENDES SECRETÁRIO \nMUNICIPAL DA CASA CIVIL  ",
  "status" : "IN_PROGRESS",
  "modifiedDate" : 1641607411763
}, {
  "id" : "a3c6fd00-6fdf-11ec-8aab-63cd9c950ac0-3",
  "name" : "buffer_flo_nom_04.txt",
  "createdDate" : 0,
  "text" : "DECRETO N. 23.396, DE 06 DE DEZEMBRO DE \n2021. O PREFEITO MUNICIPAL DE FLORIANÓPOLIS, \nusando da competência e atribuições, que lhe são \nconferidas pelo inciso VI do art. 74, da Lei Orgânica \ndo Município, RESOLVE: NOMEAR RAFAEL BULCÃO \nVIANNA para exercer o Cargo em Comissão de \nAssessor do Sistema Jurídico da Procuradoria Geral \ndo Município, a partir de 06/12/2021. \nFlorianópolis, aos 06 de dezembro de 2021. GEAN \nMARQUES LOUREIRO PREFEITO MUNICIPAL \nEVERSON MENDES SECRETÁRIO MUNICIPAL DA \nCASA CIVIL.  ",
  "status" : "IN_PROGRESS",
  "modifiedDate" : 1641607435000
}, {
  "id" : "a3c6fd00-6fdf-11ec-8aab-63cd9c950ac0-4",
  "name" : "buffer_flo_nom_05.txt",
  "createdDate" : 0,
  "text" : "DECRETO N. 23.426, DE 21 DE DEZEMBRO DE \n2021. O PREFEITO MUNICIPAL DE FLORIANÓPOLIS, \nusando da competência e atribuições, que lhe são \nconferidas pelo inciso VI do art. 74, da Lei Orgânica \ndo Município, RESOLVE:  NOMEAR SARUÊ MARIA \nLIMA DE OLIVEIRA para exercer o Cargo em \nComissão de Gerente de Sistema de Apoio \nAdministrativo e Financeiro da Procuradoria Geral \ndo Município, a partir de 21/12/2021. \nFlorianópolis, aos 21 de dezembro de 2021. GEAN \nMARQUES LOUREIRO PREFEITO MUNICIPAL \nEVERSON MENDES SECRETÁRIO MUNICIPAL DA \nCASA CIVIL. \n",
  "status" : "IN_PROGRESS",
  "modifiedDate" : 1641607484424
}, {
  "id" : "a3c6fd00-6fdf-11ec-8aab-63cd9c950ac0-5",
  "name" : "buffer_flo_nom_06.txt",
  "createdDate" : 0,
  "text" : "DECRETO N. 23.437, DE 27 DE DEZEMBRO DE \n2021. O PREFEITO MUNICIPAL DE FLORIANÓPOLIS, \nusando da competência e atribuições, que lhe são \nconferidas pelo inciso VI do art. 74, da Lei Orgânica \ndo Município, RESOLVE: NOMEAR ANDRÉ LUIZ DI \nBERNARDI BRIDA para exercer o Cargo em \nComissão de Gerente de Sistema de Apoio \nAdministrativo e Financeiro da Secretaria Municipal \nde Segurança Pública, a partir de 27/12/2021. \nFlorianópolis, aos 27 de dezembro de 2021. GEAN \nMARQUES LOUREIRO PREFEITO MUNICIPAL \nEVERSON MENDES SECRETÁRIO MUNICIPAL DA \nCASA CIVIL. \n\n",
  "status" : "IN_PROGRESS",
  "modifiedDate" : 1641607569549
}, {
  "id" : "a3c6fd00-6fdf-11ec-8aab-63cd9c950ac0-6",
  "name" : "buffer_flo_nom_07.txt",
  "createdDate" : 0,
  "text" : "DECRETO N. 23.441, DE 28 DE DEZEMBRO DE \n2021. O PREFEITO MUNICIPAL DE FLORIANÓPOLIS, \nusando da competência e atribuições, que lhe são \nconferidas pelo inciso VI do art. 74, da Lei Orgânica \ndo Município, RESOLVE: NOMEAR NADJA MARA \nFERJO para exercer o Cargo em Comissão de \nGerente de Cultura da Fundação Cultural de \nFlorianópolis Franklin Cascaes (FCFFC), a partir de \n28/12/2021. Florianópolis, aos 28 de dezembro de \n2021. GEAN MARQUES LOUREIRO PREFEITO \nMUNICIPAL EVERSON MENDES SECRETÁRIO \nMUNICIPAL DA CASA CIVIL. \n",
  "status" : "IN_PROGRESS",
  "modifiedDate" : 1641607605322
}, {
  "id" : "a3c6fd00-6fdf-11ec-8aab-63cd9c950ac0-7",
  "name" : "buffer_flo_nom_08.txt",
  "createdDate" : 0,
  "text" : "DECRETO N. 23.443, DE 28 DE DEZEMBRO DE \n2021. O PREFEITO MUNICIPAL DE FLORIANÓPOLIS, \nusando da competência e atribuições, que lhe são \nconferidas pelo inciso VI do art. 74, da Lei Orgânica \ndo Município, RESOLVE: NOMEAR PATRICIA KARLA \nFIRMINO para exercer o Cargo em Comissão de \nDiretor de Sistemas de Gestão do Governo da \nSecretaria Municipal da Casa Civil, a partir de \n28/12/2021. Florianópolis, aos 28 de dezembro de \n2021. GEAN MARQUES LOUREIRO PREFEITO \nMUNICIPAL EVERSON MENDES SECRETÁRIO \nMUNICIPAL DA CASA CIVIL. \n\n",
  "status" : "IN_PROGRESS",
  "modifiedDate" : 1641607538813
}, {
  "id" : "a3c6fd00-6fdf-11ec-8aab-63cd9c950ac0-8",
  "name" : "buffer_flo_nom_09.txt",
  "createdDate" : 0,
  "text" : "DECRETO N. 23.444, DE 28 DE DEZEMBRO DE \n2021. O PREFEITO MUNICIPAL DE FLORIANÓPOLIS, \nusando da competência e atribuições, que lhe são \nconferidas pelo inciso VI do art. 74, da Lei Orgânica \ndo Município, RESOLVE:  NOMEAR ELIANE D' \nACAMPORA MÜLLER para exercer o Cargo em \nComissão de Gerente de Gestão de Pessoas da \nSecretaria Municipal de Educação, a partir de \n\n28/12/2021. Florianópolis, aos 28 de dezembro de \n2021. GEAN MARQUES LOUREIRO PREFEITO \nMUNICIPAL EVERSON MENDES SECRETÁRIO \nMUNICIPAL DA CASA CIVIL. \n",
  "status" : "IN_PROGRESS",
  "modifiedDate" : 1641607510526
}, {
  "id" : "a3c6fd00-6fdf-11ec-8aab-63cd9c950ac0-9",
  "name" : "buffer_flo_nom_10.txt",
  "createdDate" : 0,
  "text" : "DECRETO N. 23.451, DE 30 DE DEZEMBRO DE \n2021. O PREFEITO MUNICIPAL DE FLORIANÓPOLIS, \nusando da competência e atribuições, que lhe são \nconferidas pelo inciso VI do art. 74, da Lei Orgânica \ndo Município, RESOLVE: NOMEAR OSLY CESAR \nMULLER para exercer o Cargo em Comissão de \nSuperintendente de Receitas e Tributos Municipais \nda Secretaria Municipal da Fazenda, a partir de \n03/01/2022. Florianópolis, aos 30 de dezembro de \n",
  "status" : "IN_PROGRESS",
  "modifiedDate" : 1641607459977
}, {
  "id" : "cded0610-7020-11ec-8aab-63cd9c950ac0-0",
  "name" : "buffer_rio_exo_01.txt",
  "createdDate" : 0,
  "text" : "RESOLUÇÃO “P” Nº 765 DE 22 DE FEVEREIRO DE 2013\nO SECRETÁRIO CHEFE DA SECRETARIA MUNICIPAL DA CASA CI-\nVIL, no uso das atribuições que lhe são conferidas pela legislação em vigor,\n\nRESOLVE\nExonerar MARILENE MARTINS DE CARVALHO BARBOSA, 72/160.792-8, \ncom validade a partir de 18 de fevereiro de 2013, do Cargo em Comissão \nde Assistente I, símbolo DAS-06, código 005086, da Coordenadoria de Edu-\ncação, da Subsecretaria de Ensino, da Secretaria Municipal de Educação.\n",
  "status" : "IN_PROGRESS",
  "modifiedDate" : 1641604805896
}, {
  "id" : "cded0610-7020-11ec-8aab-63cd9c950ac0-1",
  "name" : "buffer_rio_exo_02.txt",
  "createdDate" : 0,
  "text" : "RESOLUÇÃO “P” Nº 770 DE 22 DE FEVEREIRO DE 2013\nO SECRETÁRIO CHEFE DA SECRETARIA MUNICIPAL DA CASA CI-\nVIL, no uso das atribuições que lhe são conferidas pela legislação em vigor,\n\nRESOLVE\nExonerar MôNICA MARTELLI PANO, matrícula 60/256.808-7, com valida-\nde a partir de 4 de fevereiro de 2013, do Cargo em Comissão de Assessor \nChefe, símbolo DAS-08, código 031047, da Assessoria de Comunicação \nSocial, da Secretaria Municipal de Trabalho e Emprego.\n",
  "status" : "IN_PROGRESS",
  "modifiedDate" : 1641604845788
}, {
  "id" : "cded0610-7020-11ec-8aab-63cd9c950ac0-2",
  "name" : "buffer_rio_exo_03.txt",
  "createdDate" : 0,
  "text" : "RESOLUÇÃO “P” N.º 776 DE 22 DE FEVEREIRO DE 2013\nO SECRETÁRIO CHEFE DA SECRETARIA MUNICIPAL DA CASA CI-\nVIL, no uso das atribuições que lhe são conferidas pela legislação em vigor,\n\nRESOLVE\nExonerar LEILIAN REGINA CORRêA DE FREITAS, matrícula 60/265.998-5, \ncom validade a partir de 22 de fevereiro de 2013, do Cargo em Comissão \nde Assistente I, símbolo DAS-06, código 017152, da Secretaria Especial de \nPromoção e Defesa dos Animais.\n\n",
  "status" : "IN_PROGRESS",
  "modifiedDate" : 1641604880300
}, {
  "id" : "cded0610-7020-11ec-8aab-63cd9c950ac0-3",
  "name" : "buffer_rio_exo_04.txt",
  "createdDate" : 0,
  "text" : "RESOLUÇÃO “P” N.º 777 DE 22 DE FEVEREIRO DE 2013\nO SECRETÁRIO CHEFE DA SECRETARIA MUNICIPAL DA CASA CI-\nVIL, no uso das atribuições que lhe são conferidas pela legislação em vigor,\n\nRESOLVE\nExonerar MARIA DE FÁTIMA ANDRADE PINTO ROSA, matrícula \n70/274.498-5, com validade a partir de 15 de fevereiro de 2013, do Cargo \nem Comissão de Superintendente, símbolo DAS-09, código 030884, da \nSuperintendência de Vigilância e Fiscalização Sanitária em Alimentos, da \nSubsecretaria de Vigilância, Fiscalização Sanitária e Controle de Zoono-\nses, da Secretaria Municipal de Saúde e Defesa Civil.\n",
  "status" : "IN_PROGRESS",
  "modifiedDate" : 1641604963679
}, {
  "id" : "cded0610-7020-11ec-8aab-63cd9c950ac0-4",
  "name" : "buffer_rio_exo_05.txt",
  "createdDate" : 0,
  "text" : "RESOLUÇÃO “P” N.º 787 DE 22 DE FEVEREIRO DE 2013\nO SECRETÁRIO CHEFE DA SECRETARIA MUNICIPAL DA CASA CI-\nVIL, no uso das atribuições que lhe são conferidas pela legislação em vigor,\n\nRESOLVE\nExonerar MARy HELEN RODRIGUES CERQUEIRA, matrícula 60/277.604-5, \ncom validade a partir de 1º de fevereiro de 2013, do Cargo em Comissão de \nAssessor III, símbolo DAS-07, código 035351, da Assessoria de Projetos Es-\npeciais, da Secretaria Municipal de Cultura.\n\n",
  "status" : "IN_PROGRESS",
  "modifiedDate" : 1641604990693
}, {
  "id" : "cded0610-7020-11ec-8aab-63cd9c950ac0-5",
  "name" : "buffer_rio_exo_06.txt",
  "createdDate" : 0,
  "text" : "RESOLUÇÃO “P” N.º 788 DE 22 DE FEVEREIRO DE 2013\nO SECRETÁRIO CHEFE DA SECRETARIA MUNICIPAL DA CASA CI-\nVIL, no uso das atribuições que lhe são conferidas pela legislação em vigor,\n\nRESOLVE\nExonerar RAFAEL DE PAULA CORREA, matrícula 60/271.221-4, com \nvalidade a partir de 5 de fevereiro de 2013, do Cargo em Comissão de \nGerente I, símbolo DAS-08, código 035361, da Gerência dos Centros Cul-\nturais, da Coordenadoria de Museus, Centros Culturais e Artes Visuais, da \nSubsecretaria de Cultura, da Secretaria Municipal de Cultura.\n",
  "status" : "IN_PROGRESS",
  "modifiedDate" : 1641605016803
}, {
  "id" : "cded0610-7020-11ec-8aab-63cd9c950ac0-6",
  "name" : "buffer_rio_exo_07.txt",
  "createdDate" : 0,
  "text" : "RESOLUÇÕES SME “P” DE 22 DE FEVEREIRO DE 2013.\n\nA SECRETÁRIA MUNICIPAL DE EDUCAÇÃO, no uso das atribuições \nque lhe são conferidas pela legislação em vigor, tendo em vista o que \nconsta dos processos, considerando os termos do Decreto nº 30.344, de \n1º de janeiro de 2009 e do Decreto nº 31.619, de 18 de dezembro de \n2009, em conformidade com o Decreto nº 14.202, de 18 de setembro de \n1995 e com a Resolução SME nº 659, de 16 de julho de 1998,\n\nRESOLVE:\nnº 430 - Exonerar, a pedido, ANGELA MARIA SOARES FONSECA HER-\nMES, PROFESSOR I, matrícula 11/134161-9, do Cargo em Comissão \nde GERENTE III da Gerência de Recursos Humanos, símbolo DAS-06, \ncódigo 031225, setor 10725 da 3ª Coordenadoria Regional de Educação, \ndesta Secretaria. (ref. ao processo n° 07/03/000289/2013).\n\n",
  "status" : "IN_PROGRESS",
  "modifiedDate" : 1641605105503
}, {
  "id" : "cded0610-7020-11ec-8aab-63cd9c950ac0-7",
  "name" : "buffer_rio_exo_08.txt",
  "createdDate" : 0,
  "text" : "RESOLUÇÕES “P” DE 22 DE FEVEREIRO DE 2013\n\nO SECRETÁRIO MUNICIPAL DE ADMINISTRAÇÃO, no uso de suas \natribuições que lhe são conferidas pela legislação em vigor,\n\nRESOLVE:\nResolução nº 134 - Exonerar, a pedido, ANDRE LUIZ BATISTA BEZER-\nRA, matrícula 11/224.453-1, do Cargo em Comissão de COORDENA-\nDOR I, símbolo DAS-09, código 016919, da Coordenadoria de Análise e \nPagamento da Secretaria Municipal de Administração.\n\n",
  "status" : "IN_PROGRESS",
  "modifiedDate" : 1641605199277
}, {
  "id" : "cded0610-7020-11ec-8aab-63cd9c950ac0-8",
  "name" : "buffer_rio_exo_09.txt",
  "createdDate" : 0,
  "text" : "RESOLUÇÕES “P” DE 22 DE FEVEREIRO DE 2013\n\nO SECRETÁRIO MUNICIPAL DE ADMINISTRAÇÃO, no uso de suas \natribuições que lhe são conferidas pela legislação em vigor,\n\nRESOLVE:\nResolução nº 135 - Exonerar ANDERSON FERRAZ CARNEIRO, matrí-\ncula 11/226.685-6, do Cargo em Comissão de Gerente, símbolo DAS-08, \ncódigo 016922, da Coordenadoria de Análise e Pagamento, da Coorde-\nnadoria Geral do Subsistema de Recursos Humanos da Secretaria Muni-\ncipal de Administração.\n\n",
  "status" : "IN_PROGRESS",
  "modifiedDate" : 1641605149115
}, {
  "id" : "cded0610-7020-11ec-8aab-63cd9c950ac0-9",
  "name" : "buffer_rio_exo_10.txt",
  "createdDate" : 0,
  "text" : "RESOLUÇÕES “P” DE 22 DE FEVEREIRO DE 2013\n\nO SECRETÁRIO MUNICIPAL DE ADMINISTRAÇÃO, no uso de suas \natribuições que lhe são conferidas pela legislação em vigor,\n\nRESOLVE:\nResolução nº 136 - Exonerar, a pedido, CARLOS EDUARDO LOPES DA \nSILVA, matrícula 11/210.634-2, do Cargo em Comissão de GERENTE, \nsímbolo DAS-08, código 016818, da Coordenadoria de Suprimentos da \nSecretaria Municipal de Administração.",
  "status" : "IN_PROGRESS",
  "modifiedDate" : 1641604763290
}, {
  "id" : "e854c6d0-6eec-11ec-8aab-63cd9c950ac0-0",
  "name" : "buffer_rec_exo_01.txt",
  "createdDate" : 0,
  "text" : "PORTARIA Nº 1526 DE 01 DE DEZEMBRO DE 2021\nO PREFEITO DO RECIFE, no uso de suas atribuições, e tendo em vista o contido no ofício n° 873/2021 – DPR-URB,\nR E S O L V E:\nExonerar VIVIAN DO AMARAL FARIAS, CPF nº ***.557.924-**, do cargo de provimento em comissão de Secretária, símbolo “CAA-\n4”, da Autarquia de Urbanização do Recife- URB RECIFE, a contar de 01 de dezembro de 2021.\n",
  "status" : "IN_PROGRESS",
  "modifiedDate" : 1641583004576
}, {
  "id" : "e854c6d0-6eec-11ec-8aab-63cd9c950ac0-1",
  "name" : "buffer_rec_exo_02.txt",
  "createdDate" : 0,
  "text" : "PORTARIA Nº 1527 DE 01 DE DEZEMBRO DE 2021\nO PREFEITO DO RECIFE, no uso de suas atribuições, e o contido no ofício n° 384/2021 – SEPLAGTD/GAB,\n\nR E S O L V E:\nExonerar MARIANA ALVES ARAÚJO, CPF nº. ***. 470.334-**, do cargo de provimento em comissão de Gerente do Escritório de \nGerenciamento de Processos, símbolo \"CDA-5”, da Secretaria de Planejamento, Gestão e Transformação Digital, a contar de 01 de \ndezembro de 2021.\n",
  "status" : "IN_PROGRESS",
  "modifiedDate" : 1641580842290
}, {
  "id" : "e854c6d0-6eec-11ec-8aab-63cd9c950ac0-2",
  "name" : "buffer_rec_exo_03.txt",
  "createdDate" : 0,
  "text" : "PORTARIA Nº 1527 DE 01 DE DEZEMBRO DE 2021\nO PREFEITO DO RECIFE, no uso de suas atribuições, e o contido no ofício n° 384/2021 – SEPLAGTD/GAB,\n\nR E S O L V E:\nExonerar MATHEUS SANTOS VERAS, CPF nº. ***. 059.734-**, do cargo de provimento em comissão de Assessor Técnico de \nGerenciamento de Processos, símbolo \"CAA-1”, da Secretaria de Planejamento, Gestão e Transformação Digital, a contar de 01 de \ndezembro de 2021.\n",
  "status" : "IN_PROGRESS",
  "modifiedDate" : 1641583052815
}, {
  "id" : "e854c6d0-6eec-11ec-8aab-63cd9c950ac0-3",
  "name" : "buffer_rec_exo_04.txt",
  "createdDate" : 0,
  "text" : "PORTARIA Nº 1528 DE 01 DE DEZEMBRO DE 2021\nO PREFEITO DO RECIFE, no uso de suas atribuições, tendo em vista o contido no Ofício nº 378/2021 – SEPLAGTD/GAB.\n\nR E S O L V E:\nExonerar MÁRCIA CANUTO MENDES, CPF nº ***.327.704-**, do cargo de provimento em comissão de Chefe da Divisão de Análise \nde Projetos de Obras e Serviços de Engenharia, símbolo \"CAA-2\", da Secretaria de Planejamento, Gestão e Transformação Digital, \na contar de 01 de dezembro de 2021.\n",
  "status" : "IN_PROGRESS",
  "modifiedDate" : 1641583091869
}, {
  "id" : "e854c6d0-6eec-11ec-8aab-63cd9c950ac0-4",
  "name" : "buffer_rec_exo_05.txt",
  "createdDate" : 0,
  "text" : "PORTARIA Nº 1530 DE 01 DE DEZEMBRO DE 2021\nO PREFEITO DO RECIFE, no uso de suas atribuições, e tendo em vista o contido no ofício n° 1528/2021 - GAB/SESAU,\n\nR E S O L V E:\nExonerar VALÉRIA BARROS DE SOUZA TAVARES, CPF nº ***.592.004-**, do cargo de provimento em comissão de Chefe de Setor \nde Apoio Institucional, símbolo “CAA-3”, da Secretaria de Saúde, a contar de 03 de novembro de 2021.\n",
  "status" : "IN_PROGRESS",
  "modifiedDate" : 1641583700808
}, {
  "id" : "e854c6d0-6eec-11ec-8aab-63cd9c950ac0-5",
  "name" : "buffer_rec_exo_06.txt",
  "createdDate" : 0,
  "text" : "PORTARIA Nº 1533 DE 01 DE DEZEMBRO DE 2021\nO PREFEITO DO RECIFE, no uso de suas atribuições, e tendo em vista o contido no ofício n° 737/2021 - GAB/FCCR,\n\nR E S O L V E:\nExonerar MAÍRA LIMA BRANDÃO, CPF nº ***.733.624-**, do cargo de provimento em comissão de Gerente da Rádio Frei Caneca, \nsímbolo “CDA-5”, da Fundação de Cultura Cidade do Recife - FCCR, a contar de 01 de novembro de 2021.\n",
  "status" : "IN_PROGRESS",
  "modifiedDate" : 1641583743603
}, {
  "id" : "e854c6d0-6eec-11ec-8aab-63cd9c950ac0-6",
  "name" : "buffer_rec_exo_07.txt",
  "createdDate" : 0,
  "text" : "PORTARIA Nº 1535 DE 01 DE DEZEMBRO DE 2021\nO PREFEITO DO RECIFE, no uso de suas atribuições, e tendo em vista o contido no ofício n° 589/2021 - GSF,\n\nR E S O L V E:\nExonerar CAROLINA DE ARAÚJO CAVALCANTI, CPF nº ***.902.214-**, do cargo de provimento em comissão de Chefe de Setor \nda Unidade Jurídica, símbolo “CAA-3”, da Secretaria de Finanças, a contar de 01 de dezembro de 2021.\n",
  "status" : "IN_PROGRESS",
  "modifiedDate" : 1641583840914
}, {
  "id" : "e854c6d0-6eec-11ec-8aab-63cd9c950ac0-7",
  "name" : "buffer_rec_exo_08.txt",
  "createdDate" : 0,
  "text" : "PORTARIA Nº 1537 DE 01 DE DEZEMBRO DE 2021\nO PREFEITO DO RECIFE, no uso de suas atribuições, e tendo em vista o contido no ofício n° 543/2021 - DPR/EMLURB,\n\nR E S O L V E:\nExonerar MARCELLA GOMES DE BARROS MONTEIRO, CPF nº ***.905.024-**, do cargo de provimento em comissão de Gestor \nda Unidade Socioambiental, símbolo “CAA-1”, da Autarquia de Manutenção e Limpeza Urbana - EMLURB, a contar de 30 de novem-\nbro de 2021.\n",
  "status" : "IN_PROGRESS",
  "modifiedDate" : 1641583886600
}, {
  "id" : "e854c6d0-6eec-11ec-8aab-63cd9c950ac0-8",
  "name" : "buffer_rec_exo_09.txt",
  "createdDate" : 0,
  "text" : "PORTARIA Nº 1570 DE 10 DE DEZEMBRO DE 2021\nO PREFEITO DO RECIFE, no uso de suas atribuições, e o contido no ofício n° 987/2021 - GAB/SEPUL,\n\nR E S O L V E:\nExonerar MARIANA ASFORA DE MEDEIROS, CPF: ***.117.914-**, do cargo de provimento em comissão de Secretária Executiva \nde Planejamento, símbolo “CDE-1”, da Secretaria de Política Urbana e Licenciamento, a contar de 01 de dezembro de 2021.\n",
  "status" : "IN_PROGRESS",
  "modifiedDate" : 1641583958947
}, {
  "id" : "e854c6d0-6eec-11ec-8aab-63cd9c950ac0-9",
  "name" : "buffer_rec_exo_10.txt",
  "createdDate" : 0,
  "text" : "PORTARIA Nº 1570 DE 10 DE DEZEMBRO DE 2021\nO PREFEITO DO RECIFE, no uso de suas atribuições, e o contido no ofício n° 987/2021 - GAB/SEPUL,\n\nR E S O L V E:\nExonerar JÉSSICA YALE CARNEIRO DA CUNHA, CPF: ***.611.634-**, do cargo de provimento em comissão de Gerente de Gestão \nde Instrumentos Urbanísticos, símbolo “CDA-5”, da Secretaria de Política Urbana e Licenciamento, a contar de 01 de dezembro de \n2021.\n",
  "status" : "IN_PROGRESS",
  "modifiedDate" : 1641584026238
}, {
  "id" : "ed03c910-7022-11ec-85e7-8327690ca1b0-0",
  "name" : "buffer_rio_nom_01.txt",
  "createdDate" : 0,
  "text" : "RESOLUÇÃO “P” Nº 761 DE 22 DE FEVEREIRO DE 2013\nO SECRETÁRIO CHEFE DA SECRETARIA MUNICIPAL DA CASA CI-\nVIL, no uso das atribuições que lhe são conferidas pela legislação em vigor,\n\nRESOLVE\nNomear ANDREA DA SILVA GALLO DE CASTRO, matrícula 11/114.447-6, \nAgente Auxiliar de Administração, para exercer o Cargo em Comissão de \nAssessor de Gestão Institucional, símbolo DAS-08, código 030123, da Co-\nordenadoria Especial de Gestão Institucional, da Secretaria Municipal da \nCasa Civil.\n",
  "status" : "IN_PROGRESS",
  "modifiedDate" : 1641605633585
}, {
  "id" : "ed03c910-7022-11ec-85e7-8327690ca1b0-1",
  "name" : "buffer_rio_nom_02.txt",
  "createdDate" : 0,
  "text" : "RESOLUÇÃO “P” Nº 762 DE 22 DE FEVEREIRO DE 2013\nO SECRETÁRIO CHEFE DA SECRETARIA MUNICIPAL DA CASA CI-\nVIL, no uso das atribuições que lhe são conferidas pela legislação em vigor,\n\nRESOLVE\nNomear PAULO HENRIQUE FERREIRA, para exercer o Cargo em Co-\nmissão de Gerente de Processo II, símbolo DAS-07, código 038283, da \nCoordenadoria Geral de Comunicação, da Secretaria Especial de Políticas \npara as Mulheres.\n",
  "status" : "IN_PROGRESS",
  "modifiedDate" : 1641605690073
}, {
  "id" : "ed03c910-7022-11ec-85e7-8327690ca1b0-2",
  "name" : "buffer_rio_nom_03.txt",
  "createdDate" : 0,
  "text" : "RESOLUÇÃO “P” N.º 763 DE 22 DE FEVEREIRO DE 2013\nO SECRETÁRIO CHEFE DA SECRETARIA MUNICIPAL DA CASA CI-\nVIL, no uso das atribuições que lhe são conferidas pela legislação em vigor,\n\nRESOLVE\nNomear SELMA MARINA GONZAGA DOS SANTOS, matrícula 11/195.229-0, \nAgente de Administração, para exercer o Cargo em Comissão de Assistente I, \nsímbolo DAS-06, código 032415, da Casa Viva Mulher - Cora Coralina, da \nSecretaria Especial de Políticas para as Mulheres.\n",
  "status" : "IN_PROGRESS",
  "modifiedDate" : 1641605713717
}, {
  "id" : "ed03c910-7022-11ec-85e7-8327690ca1b0-3",
  "name" : "buffer_rio_nom_04.txt",
  "createdDate" : 0,
  "text" : "RESOLUÇÃO “P” Nº 768 DE 22 DE FEVEREIRO DE 2013\nO SECRETÁRIO CHEFE DA SECRETARIA MUNICIPAL DA CASA CI-\nVIL, no uso das atribuições que lhe são conferidas pela legislação em vigor,\n\nRESOLVE\nNomear ECIO PEREIRA DE SALLES, com validade a partir de 5 de feve-\nreiro de 2013, para exercer o Cargo em Comissão de Assistente I, símbolo \nDAS-06, código 038400, da Vice-Prefeitura.\n",
  "status" : "IN_PROGRESS",
  "modifiedDate" : 1641605745368
}, {
  "id" : "ed03c910-7022-11ec-85e7-8327690ca1b0-4",
  "name" : "buffer_rio_nom_05.txt",
  "createdDate" : 0,
  "text" : "RESOLUÇÃO “P” N.º 782 DE 22 DE FEVEREIRO DE 2013\nO SECRETÁRIO CHEFE DA SECRETARIA MUNICIPAL DA CASA CI-\nVIL, no uso das atribuições que lhe são conferidas pela legislação em vigor,\n\nRESOLVE\nNomear MARIA DAS GRAÇAS RIBEIRO xAVIER, matrícula 70/277.562-5, \ncom validade a partir de 15 de fevereiro de 2013, para exercer o Cargo em \nComissão de Assistente I, símbolo DAS-06, código 039154, da Gerência \nde Administração de Contratos e Convênios, da Administração Setorial, \nda Subsecretaria de Gestão, da Secretaria Municipal de Esportes e Lazer.\n",
  "status" : "IN_PROGRESS",
  "modifiedDate" : 1641605768730
}, {
  "id" : "ed03c910-7022-11ec-85e7-8327690ca1b0-5",
  "name" : "buffer_rio_nom_06.txt",
  "createdDate" : 0,
  "text" : "RESOLUÇÃO “P” N.º 789 DE 22 DE FEVEREIRO DE 2013\nO SECRETÁRIO CHEFE DA SECRETARIA MUNICIPAL DA CASA CI-\nVIL, no uso das atribuições que lhe são conferidas pela legislação em vigor,\n\nRESOLVE\nNomear RAFAEL DE PAULA CORREA, matrícula 60/271.221-4, com vali-\ndade a partir de 5 de fevereiro de 2013, para exercer o Cargo em Comissão \nde Gerente II, símbolo DAS-07, código 022380, do Centro Cultural Munici-\npal José Bonifácio, da Gerência dos Centros Culturais, da Coordenadoria \nde Museus, Centros Culturais e Artes Visuais, da Subsecretaria de Cultura, \nda Secretaria Municipal de Cultura.\n",
  "status" : "IN_PROGRESS",
  "modifiedDate" : 1641605799726
}, {
  "id" : "ed03c910-7022-11ec-85e7-8327690ca1b0-6",
  "name" : "buffer_rio_nom_07.txt",
  "createdDate" : 0,
  "text" : "RESOLUÇÃO “P” N.º 701 DE 6 DE FEVEREIRO DE 2013*\nO SECRETÁRIO CHEFE DA SECRETARIA MUNICIPAL DA CASA CI-\nVIL, no uso das atribuições que lhe são conferidas pela legislação em vigor,\n\nRESOLVE\nNomear yURI ROSÁRIO DUARTE, matrícula 11/255.847-6, Analista de \nPlanejamento e Orçamento, para exercer o Cargo em Comissão de Geren-\nte I, símbolo DAS-08, código 038135, da Gerência de Análise e Acompa-\nnhamento de Despesa, da Administração Setorial, da Secretaria Especial \nde Abastecimento e Segurança Alimentar, mantida sua vinculação com o \nSistema Municipal de Orçamento.\n",
  "status" : "IN_PROGRESS",
  "modifiedDate" : 1641605827913
}, {
  "id" : "ed03c910-7022-11ec-85e7-8327690ca1b0-7",
  "name" : "buffer_rio_nom_08.txt",
  "createdDate" : 0,
  "text" : "RESOLUÇÕES “P” DE 22 DE FEVEREIRO DE 2013\n\nO SECRETÁRIO MUNICIPAL DE ADMINISTRAÇÃO, no uso de suas \natribuições que lhe são conferidas pela legislação em vigor,\n\nResolução nº 150 - Nomear KATIA RIZIK DE AZEVEDO, matrícu-\nla 10/226.005-7, para exercer do Cargo em Comissão de Assistente I, \nsímbolo DAS-06, código 016825, da Coordenadoria de Suprimentos, da \nCoordenadoria Geral do Subsistema de Infraestrutura e Logística da Se-\ncretaria Municipal de Administração.\n",
  "status" : "IN_PROGRESS",
  "modifiedDate" : 1641605859962
}, {
  "id" : "ed03c910-7022-11ec-85e7-8327690ca1b0-8",
  "name" : "buffer_rio_nom_09.txt",
  "createdDate" : 0,
  "text" : "RESOLUÇÕES “P” DE 22 DE FEVEREIRO DE 2013\n\nO SECRETÁRIO MUNICIPAL DE ADMINISTRAÇÃO, no uso de suas \natribuições que lhe são conferidas pela legislação em vigor,\n\nResolução nº 147 - Nomear VERA LUCIA SILVARES, matrícula \n11/153.123-5, para exercer o Cargo em Comissão de Assessor III, símbo-\nlo DAS-07, código 022956, da Coordenadoria de Análise e Pagamento, \nda Coordenadoria Geral do Subsistema de Recursos Humanos da Secre-\ntaria Municipal de Administração.\n",
  "status" : "IN_PROGRESS",
  "modifiedDate" : 1641605661397
}, {
  "id" : "ed03c910-7022-11ec-85e7-8327690ca1b0-9",
  "name" : "buffer_rio_nom_10.txt",
  "createdDate" : 0,
  "text" : "RESOLUÇÕES SME “P” DE 22 DE FEVEREIRO DE 2013.\n\nA SECRETÁRIA MUNICIPAL DE EDUCAÇÃO, no uso das atribuições \nque lhe são conferidas pela legislação em vigor, tendo em vista o que \nconsta dos processos, considerando os termos do Decreto nº 30.344, de \n1º de janeiro de 2009 e do Decreto nº 31.619, de 18 de dezembro de \n2009, em conformidade com o Decreto nº 14.202, de 18 de setembro de \n1995 e com a Resolução SME nº 659, de 16 de julho de 1998,\n\nRESOLVE:\n\nnº 431 - Nomear ANDRÉA VIEIRA DE PAULA CARMO, PROFES-\nSOR II, matrícula 10/162796-7, para exercer o Cargo em Comis-\nsão de GERENTE III da Gerência de Recursos Humanos, símbolo \nDAS-06, código 031225, setor 10725 da 3ª Coordenadoria Regio-\nnal de Educação, da Secretaria Municipal de Educação, em vaga \ndecorrente da exoneração de ANGELA MARIA SOARES FONSECA \nHERMES, e considerá-la dispensada da Função Gratificada de AS-\nSISTENTE II, símbolo DAI-06, código 005758, setor 1604 da 3ª Coor-\ndenadoria Regional de Educação, desta Secretaria. (ref. ao processo \nn° 07/03/000290/2013).\n",
  "status" : "IN_PROGRESS",
  "modifiedDate" : 1641951464764
}, {
  "id" : "f17cd4f0-6eec-11ec-bfc5-1d2301fb7f11-0",
  "name" : "buffer_rec_nom_01.txt",
  "createdDate" : 0,
  "text" : "PORTARIA Nº 1526 DE 01 DE DEZEMBRO DE 2021\nO PREFEITO DO RECIFE, no uso de suas atribuições, e tendo em vista o contido no ofício n° 873/2021 – DPR-URB,\nR E S O L V E:\nNomear VIVIAN DO AMARAL FARIAS, CPF nº ***.557.924-**, para exercer o cargo de provimento em comissão de Chefe do Setor \nde Atendimento Jurídico, símbolo “CAA-3”, da Autarquia de Urbanização do Recife- URB RECIFE, a contar de 01 de dezembro de \n2021.\n",
  "status" : "IN_PROGRESS",
  "modifiedDate" : 1641584095572
}, {
  "id" : "f17cd4f0-6eec-11ec-bfc5-1d2301fb7f11-1",
  "name" : "buffer_rec_nom_02.txt",
  "createdDate" : 0,
  "text" : "PORTARIA Nº 1526 DE 01 DE DEZEMBRO DE 2021\nO PREFEITO DO RECIFE, no uso de suas atribuições, e tendo em vista o contido no ofício n° 873/2021 – DPR-URB,\nR E S O L V E:\nNomear JULIANA PAULA DE LIMA MATOS DEMESIO, CPF nº ***.876.244-**, para exercer o cargo de provimento em comissão de \nSecretária, símbolo “CAA-4”, da Autarquia de Urbanização do Recife- URB RECIFE, a contar de 01 de dezembro de 2021.\n",
  "status" : "IN_PROGRESS",
  "modifiedDate" : 1641584228556
}, {
  "id" : "f17cd4f0-6eec-11ec-bfc5-1d2301fb7f11-2",
  "name" : "buffer_rec_nom_03.txt",
  "createdDate" : 0,
  "text" : "PORTARIA Nº 1526 DE 01 DE DEZEMBRO DE 2021\nO PREFEITO DO RECIFE, no uso de suas atribuições, e tendo em vista o contido no ofício n° 873/2021 – DPR-URB,\nR E S O L V E:\nNomear JOSE PAULO DA SILVA FILHO, CPF nº ***.694.204-**, para exercer o cargo de provimento em comissão de Assistente \nTécnico, símbolo “CAA-4”, da Autarquia de Urbanização do Recife- URB RECIFE, a contar de 01 de dezembro de 2021.\n",
  "status" : "IN_PROGRESS",
  "modifiedDate" : 1641584264932
}, {
  "id" : "f17cd4f0-6eec-11ec-bfc5-1d2301fb7f11-3",
  "name" : "buffer_rec_nom_04.txt",
  "createdDate" : 0,
  "text" : "PORTARIA Nº 1526 DE 01 DE DEZEMBRO DE 2021\nO PREFEITO DO RECIFE, no uso de suas atribuições, e tendo em vista o contido no ofício n° 873/2021 – DPR-URB,\nR E S O L V E:\nNomear FÁBIO LUIZ CAZUMBA, CPF nº ***.001.694-**, para exercer o cargo de provimento em comissão de Assistente Técnico, \nsímbolo “CAA-4”, da Autarquia de Urbanização do Recife- URB RECIFE, a contar de 01 de dezembro de 2021.\n",
  "status" : "IN_PROGRESS",
  "modifiedDate" : 1641584338465
}, {
  "id" : "f17cd4f0-6eec-11ec-bfc5-1d2301fb7f11-4",
  "name" : "buffer_rec_nom_05.txt",
  "createdDate" : 0,
  "text" : "PORTARIA Nº 1527 DE 01 DE DEZEMBRO DE 2021\nO PREFEITO DO RECIFE, no uso de suas atribuições, e o contido no ofício n° 384/2021 – SEPLAGTD/GAB,\n\nR E S O L V E:\nNomear MATHEUS SANTOS VERAS, CPF nº. ***. 059.734-**, para exercer o cargo de provimento em comissão de Gerente do \nEscritório de Gerenciamento de Processos, símbolo \"CDA-5”, da Secretaria de Planejamento, Gestão e Transformação Digital, a \ncontar de 01 de dezembro de 2021.\n",
  "status" : "IN_PROGRESS",
  "modifiedDate" : 1641584377110
}, {
  "id" : "f17cd4f0-6eec-11ec-bfc5-1d2301fb7f11-5",
  "name" : "buffer_rec_nom_06.txt",
  "createdDate" : 0,
  "text" : "PORTARIA Nº 1527 DE 01 DE DEZEMBRO DE 2021\nO PREFEITO DO RECIFE, no uso de suas atribuições, e o contido no ofício n° 384/2021 – SEPLAGTD/GAB,\n\nR E S O L V E:\nNomear MARCELA MAIA MAGALHÃES, CPF nº. ***. 938.194-**, para exercer o cargo de provimento em comissão de Assessor \nTécnico de Gerenciamento de Processos, símbolo \"CAA-1”, da Secretaria de Planejamento, Gestão e Transformação Digital, a con-\ntar de 01 de dezembro de 2021.\n",
  "status" : "IN_PROGRESS",
  "modifiedDate" : 1641584411777
}, {
  "id" : "f17cd4f0-6eec-11ec-bfc5-1d2301fb7f11-6",
  "name" : "buffer_rec_nom_07.txt",
  "createdDate" : 0,
  "text" : "PORTARIA Nº 1528 DE 01 DE DEZEMBRO DE 2021\nO PREFEITO DO RECIFE, no uso de suas atribuições, tendo em vista o contido no Ofício nº 378/2021 – SEPLAGTD/GAB.\n\nR E S O L V E:\nNomear VINICIUS BARBOSA SOBRAL PESSOA, CPF nº ***.852.504-** para exercer o cargo de provimento em comissão de Chefe \nda Divisão de Análise de Projetos de Obras e Serviços de Engenharia, símbolo \"CAA-2\", da Secretaria de Planejamento, Gestão e \nTransformação Digital, a contar de 01 de dezembro de 2021.\n",
  "status" : "IN_PROGRESS",
  "modifiedDate" : 1641586132275
}, {
  "id" : "f17cd4f0-6eec-11ec-bfc5-1d2301fb7f11-7",
  "name" : "buffer_rec_nom_08.txt",
  "createdDate" : 0,
  "text" : "PORTARIA Nº 1537 DE 01 DE DEZEMBRO DE 2021\nO PREFEITO DO RECIFE, no uso de suas atribuições, e tendo em vista o contido no ofício n° 543/2021 - DPR/EMLURB,\n\nR E S O L V E:\nNomear ALINE JULIANA DA SILVA OMAR, CPF nº ***.859.284.**, para exercer o cargo de provimento em comissão de Gestor da \nUnidade Socioambiental, símbolo “CAA-1”, da Autarquia de Manutenção e Limpeza Urbana - EMLURB, a contar de 01 de dezembro \nde 2021.\n\n",
  "status" : "IN_PROGRESS",
  "modifiedDate" : 1641586169137
}, {
  "id" : "f17cd4f0-6eec-11ec-bfc5-1d2301fb7f11-8",
  "name" : "buffer_rec_nom_09.txt",
  "createdDate" : 0,
  "text" : "PORTARIA Nº 1537 DE 01 DE DEZEMBRO DE 2021\nO PREFEITO DO RECIFE, no uso de suas atribuições, e tendo em vista o contido no ofício n° 543/2021 - DPR/EMLURB,\n\nR E S O L V E:\nNomear MARIANA EMANUELLE DA SILVA NASCIMENTO, CPF ***.316.984-**, para exercer o cargo de provimento em comissão \nde Assessor Técnico de Projetos e Orçamento, símbolo “CAA-1”, Autarquia de Manutenção e Limpeza Urbana - EMLURB, a contar \nde 25 de novembro de 2021.\n",
  "status" : "IN_PROGRESS",
  "modifiedDate" : 1641586201730
}, {
  "id" : "f17cd4f0-6eec-11ec-bfc5-1d2301fb7f11-9",
  "name" : "buffer_rec_nom_10.txt",
  "createdDate" : 0,
  "text" : "PORTARIA Nº 1543 DE 01 DE DEZEMBRO DE 2021\nO PREFEITO DO RECIFE, no uso de suas atribuições, tendo em vista o contido no Ofício nº 295/2021 – DPR/CSURB,\n\nR E S O L V E:\nNomear EMERSON JOSÉ CAVALCANTI BRAGA, CPF nº ***.423.774-**, para exercer o cargo de provimento em comissão de Chefe \nde Divisão de Comunicação, símbolo “CAA-2”, da Autarquia de Serviços Urbanos do Recife - CSURB, a contar de 01 de dezembro \nde 2021.\n",
  "status" : "IN_PROGRESS",
  "modifiedDate" : 1641586236604
}, {
  "id" : "fa2db150-6e6a-11ec-a52f-0922da029c04-0",
  "name" : "buffer_mcz_nom_01.txt",
  "createdDate" : 0,
  "text" : "GABINETE DO PREFEITO - GP PORTARIA Nº. 0053 MACEIÓ/AL, 06 DE JANEIRO DE 2021. O PREFEITO DO MUNICÍPIO DE MACEIÓ, no uso de suas atribuições e prerrogativas legais, RESOLVE: Art. 1º Nomear EVANDRO JOSE CORDEIRO, para o cargo em comissão de Diretor, da Diretoria de Legislação e Protocolo, Símbolo DAS-5, CPF n°. 091.219.514-20, do(a) GABINETE DO PREFEITO - GP, do Quadro de Pessoal do Poder Executivo Municipal. Art. 2º Esta Portaria entra em vigor na data de sua publicação, revogando-se as disposições em contrário. JHC Prefeito de Maceió Publicado por: Evandro José Cordeiro Código Identificador:34C37A42\n",
  "status" : "IN_PROGRESS",
  "modifiedDate" : 1641580773002
}, {
  "id" : "fa2db150-6e6a-11ec-a52f-0922da029c04-1",
  "name" : "buffer_mcz_nom_02.txt",
  "createdDate" : 0,
  "text" : "GABINETE DO PREFEITO - GP PORTARIA Nº. 0058 MACEIÓ/AL, 06 DE JANEIRO DE 2021. O PREFEITO DO MUNICÍPIO DE MACEIÓ, no uso de suas atribuições e prerrogativas legais, RESOLVE: Art. 1º Nomear ANDREA KARLA PEREIRA DA SILVA, para o cargo em comissão de Assessor Especial, Símbolo DAS-5, CPF n°. 007.901.664-29, do(a) PROCURADORIA-GERAL DO MUNICÍPIO - PGM, do Quadro de Pessoal do Poder Executivo Municipal. Art. 2º Esta Portaria entra em vigor na data de sua publicação, revogando-se as disposições em contrário. JHC Prefeito de Maceió Publicado por: Evandro José Cordeiro Código Identificador:6941446D\n",
  "status" : "IN_PROGRESS",
  "modifiedDate" : 1641580807119
}, {
  "id" : "fa2db150-6e6a-11ec-a52f-0922da029c04-2",
  "name" : "buffer_mcz_nom_03.txt",
  "createdDate" : 0,
  "text" : "GABINETE DO PREFEITO - GP PORTARIA Nº. 0068 MACEIÓ/AL, 06 DE JANEIRO DE 2021. O PREFEITO DO MUNICÍPIO DE MACEIÓ, no uso de suas atribuições e prerrogativas legais, RESOLVE: Art. 1º Nomear CLAUDIO LUIZ DOS SANTOS BEIRÃO, para o cargo em comissão de Diretor, da Diretoria de Benefícios Previdenciários, Símbolo DAS-4, CPF n°. 495.426.054-04, do(a) INSTITUTO DE PREVIDÊNCIA DOS SERVIDORES PÚBLICOS DO MUNICÍPIO DE MACEIÓ - IPREV, do Quadro de Pessoal do Poder Executivo Municipal. Art. 2º Esta Portaria entra em vigor na data de sua publicação, revogando-se as disposições em contrário. JHC Prefeito de Maceió Publicado por: Evandro José Cordeiro Código Identificador:DA6B1532\n",
  "status" : "IN_PROGRESS",
  "modifiedDate" : 1641580900916
}, {
  "id" : "fa2db150-6e6a-11ec-a52f-0922da029c04-3",
  "name" : "buffer_mcz_nom_04.txt",
  "createdDate" : 0,
  "text" : "GABINETE DO PREFEITO - GP PORTARIA Nº. 0067 MACEIÓ/AL, 06 DE JANEIRO DE 2021. O PREFEITO DO MUNICÍPIO DE MACEIÓ, no uso de suas atribuições e prerrogativas legais, RESOLVE: ANO XXIV - Maceió/AL, Quinta-Feira, 07 de Janeiro de 2021 - Nº 6114 www.diariomunicipal.com.br/maceio 6 Art. 1º Nomear ELESJANDELY CORREIA CALHEIROS MARQUES BASTOS, para o cargo em comissão de Diretor, da Diretoria de Administração, Orçamento e Finanças, Símbolo DAS-4, CPF n°. 058.772.074-31, do(a) INSTITUTO DE PREVIDÊNCIA DOS SERVIDORES PÚBLICOS DO MUNICÍPIO DE MACEIÓ - IPREV, do Quadro de Pessoal do Poder Executivo Municipal. Art. 2º Esta Portaria entra em vigor na data de sua publicação, revogando-se as disposições em contrário. JHC Prefeito de Maceió Publicado por: Evandro José Cordeiro Código Identificador:841CA643\n",
  "status" : "IN_PROGRESS",
  "modifiedDate" : 1641580946640
}, {
  "id" : "fa2db150-6e6a-11ec-a52f-0922da029c04-4",
  "name" : "buffer_mcz_nom_05.txt",
  "createdDate" : 0,
  "text" : "GABINETE DO PREFEITO - GP PORTARIA Nº. 0074 MACEIÓ/AL, 06 DE JANEIRO DE 2021. O PREFEITO DO MUNICÍPIO DE MACEIÓ, no uso de suas atribuições e prerrogativas legais, RESOLVE: Art. 1º Nomear ROSA GARDÊNIA VASCONCELOS SILVA, para o cargo em comissão de Chefe de Gabinete, Símbolo DAS-3, CPF n°. 986.461.764-87, do(a) GABINETE DO VICE-PREFEITO - GVP, do Quadro de Pessoal do Poder Executivo Municipal. Art. 2º Esta Portaria entra em vigor na data de sua publicação, revogando-se as disposições em contrário. ANO XXIV - Maceió/AL, Quinta-Feira, 07 de Janeiro de 2021 - Nº 6114 www.diariomunicipal.com.br/maceio 7 JHC Prefeito de Maceió Publicado por: Evandro José Cordeiro Código Identificador:5D005829\n",
  "status" : "IN_PROGRESS",
  "modifiedDate" : 1641581006204
}, {
  "id" : "fa2db150-6e6a-11ec-a52f-0922da029c04-5",
  "name" : "buffer_mcz_nom_06.txt",
  "createdDate" : 0,
  "text" : "GABINETE DO PREFEITO - GP PORTARIA Nº. 0087 MACEIÓ/AL, 06 DE JANEIRO DE 2021. O PREFEITO DO MUNICÍPIO DE MACEIÓ, no uso de suas atribuições e prerrogativas legais, RESOLVE: Art. 1º Nomear LYSIA CLARISSA DANTAS DE SANTANA, para o cargo em comissão de Coordenador Setorial de Orçamento e Finanças, Símbolo DAS-3, CPF n°. 000.981.474-47, do(a) PROCURADORIA-GERAL DO MUNICÍPIO - PGM, do Quadro de Pessoal do Poder Executivo Municipal. Art. 2º Esta Portaria entra em vigor na data de sua publicação, revogando-se as disposições em contrário. JHC Prefeito de Maceió Publicado por: Evandro José Cordeiro Código Identificador:B0B36C30\n",
  "status" : "IN_PROGRESS",
  "modifiedDate" : 1641581047897
}, {
  "id" : "fa2db150-6e6a-11ec-a52f-0922da029c04-6",
  "name" : "buffer_mcz_nom_07.txt",
  "createdDate" : 0,
  "text" : "GABINETE DO PREFEITO - GP PORTARIA Nº. 0093 MACEIÓ/AL, 06 DE JANEIRO DE 2021. O PREFEITO DO MUNICÍPIO DE MACEIÓ, no uso de suas atribuições e prerrogativas legais, RESOLVE: Art. 1º Nomear WANESSA DA SILVA FERREIRA, para o cargo em comissão de Assessor, Símbolo DAS-3, CPF n°. 046.754.514-62, do(a) SECRETARIA MUNICIPAL DE COMUNICAÇÃO - SECOM, do Quadro de Pessoal do Poder Executivo Municipal. Art. 2º Esta Portaria entra em vigor na data de sua publicação, revogando-se as disposições em contrário. JHC Prefeito de Maceió Publicado por: Evandro José Cordeiro Código Identificador:F86BB32B\n",
  "status" : "IN_PROGRESS",
  "modifiedDate" : 1641581088831
}, {
  "id" : "fa2db150-6e6a-11ec-a52f-0922da029c04-7",
  "name" : "buffer_mcz_nom_08.txt",
  "createdDate" : 0,
  "text" : "GABINETE DO PREFEITO - GP PORTARIA Nº. 0105 MACEIÓ/AL, 06 DE JANEIRO DE 2021. O PREFEITO DO MUNICÍPIO DE MACEIÓ, no uso de suas atribuições e prerrogativas legais, RESOLVE: Art. 1º Nomear THAISA PATRICIA SALES DOS SANTOS FONSECA, para o cargo em comissão de Assessor Técnico III, Símbolo DAS-2, CPF n°. 032.411.194-08, do(a) PROCURADORIA- GERAL DO MUNICÍPIO - PGM, do Quadro de Pessoal do Poder Executivo Municipal. ANO XXIV - Maceió/AL, Quinta-Feira, 07 de Janeiro de 2021 - Nº 6114 www.diariomunicipal.com.br/maceio 12 Art. 2º Esta Portaria entra em vigor na data de sua publicação, revogando-se as disposições em contrário. JHC Prefeito de Maceió Publicado por: Evandro José Cordeiro Código Identificador:F212EE3B\n",
  "status" : "IN_PROGRESS",
  "modifiedDate" : 1641581121683
}, {
  "id" : "fa2db150-6e6a-11ec-a52f-0922da029c04-8",
  "name" : "buffer_mcz_nom_09.txt",
  "createdDate" : 0,
  "text" : "GABINETE DO PREFEITO - GP PORTARIA Nº. 0122 MACEIÓ/AL, 06 DE JANEIRO DE 2021. O PREFEITO DO MUNICÍPIO DE MACEIÓ, no uso de suas atribuições e prerrogativas legais, RESOLVE: Art. 1º Nomear SERGIO HONORATO LEONARDO, para o cargo em comissão de Assessor, Símbolo DAS-1, CPF n°. 020.278.694-33, do(a) SECRETARIA MUNICIPAL DE COMUNICAÇÃO - SECOM, do Quadro de Pessoal do Poder Executivo Municipal. Art. 2º Esta Portaria entra em vigor na data de sua publicação, revogando-se as disposições em contrário. JHC Prefeito de Maceió Publicado por: Evandro José Cordeiro Código Identificador:F54E6209\n",
  "status" : "IN_PROGRESS",
  "modifiedDate" : 1641581153980
}, {
  "id" : "fa2db150-6e6a-11ec-a52f-0922da029c04-9",
  "name" : "buffer_mcz_nom_10.txt",
  "createdDate" : 0,
  "text" : "GABINETE DO PREFEITO - GP PORTARIA Nº. 0060 MACEIÓ/AL, 06 DE JANEIRO DE 2021. O PREFEITO DO MUNICÍPIO DE MACEIÓ, no uso de suas atribuições e prerrogativas legais, RESOLVE: Art. 1º Nomear LEILIANE MARINHO SILVA, para o cargo em comissão de Assessor Especial, Símbolo DAS-5, CPF n°. 074.937.494-26, do(a) PROCURADORIA-GERAL DO MUNICÍPIO - PGM, do Quadro de Pessoal do Poder Executivo Municipal. Art. 2º Esta Portaria entra em vigor na data de sua publicação, revogando-se as disposições em contrário. ANO XXIV - Maceió/AL, Quinta-Feira, 07 de Janeiro de 2021 - Nº 6114 www.diariomunicipal.com.br/maceio 5 JHC Prefeito de Maceió Publicado por: Evandro José Cordeiro Código Identificador:3B1C4381\n",
  "status" : "IN_PROGRESS",
  "modifiedDate" : 1641581187379
} ]