{
  "id" : "0197c570-6f60-11ec-8aab-63cd9c950ac0-6",
  "name" : "buffer_pal_nom_07.txt",
  "createdDate" : 0,
  "version" : 3,
  "text" : "ATO Nº 1.492 - NM. A PREFEITA DE PALMAS, no uso das atribuições que lhe confere o art. 71, incisos I e VI, da Lei Orgânica do Município, RESOLVE: Art. 1º É nomeada KARINA RODRIGUES GOMES no cargo de Assessor Jurídico - DAS-5, na Secretaria Municipal de Desenvolvimento Social, a partir de 10 de dezembro de 2021. Art. 2º Este Ato entra em vigor na data de sua publicação. Palmas, 9 de dezembro de 2021. CINTHIA ALVES CAETANO RIBEIRO Prefeita de Palmas Agostinho Araújo Rodrigues Júnior Secretário da Casa Civil do Município de Palmas ATO Nº 1.493 - DSG.",
  "docLength" : 0,
  "language" : "PT",
  "status" : "IN_PROGRESS",
  "modifiedDate" : 1641606140554,
  "documentSet" : [ ],
  "preannotation" : [ ],
  "sentences" : [ {
    "id" : "s0",
    "begin" : 0,
    "end" : 18,
    "text" : "ATO Nº 1.492 - NM.",
    "tokens" : [ {
      "id" : "s0-t0",
      "begin" : 0,
      "end" : 3,
      "text" : "ATO",
      "whiteSpace" : false
    }, {
      "id" : "s0-t1",
      "begin" : 4,
      "end" : 6,
      "text" : "Nº",
      "whiteSpace" : false
    }, {
      "id" : "s0-t2",
      "begin" : 7,
      "end" : 12,
      "text" : "1.492",
      "whiteSpace" : false
    }, {
      "id" : "s0-t3",
      "begin" : 13,
      "end" : 14,
      "text" : "-",
      "whiteSpace" : false
    }, {
      "id" : "s0-t4",
      "begin" : 15,
      "end" : 17,
      "text" : "NM",
      "whiteSpace" : false
    }, {
      "id" : "s0-t5",
      "begin" : 17,
      "end" : 18,
      "text" : ".",
      "whiteSpace" : false
    } ]
  }, {
    "id" : "s1",
    "begin" : 19,
    "end" : 86,
    "text" : "A PREFEITA DE PALMAS, no uso das atribuições que lhe confere o art.",
    "tokens" : [ {
      "id" : "s1-t0",
      "begin" : 19,
      "end" : 20,
      "text" : "A",
      "whiteSpace" : false
    }, {
      "id" : "s1-t1",
      "begin" : 21,
      "end" : 29,
      "text" : "PREFEITA",
      "whiteSpace" : false
    }, {
      "id" : "s1-t2",
      "begin" : 30,
      "end" : 32,
      "text" : "DE",
      "whiteSpace" : false
    }, {
      "id" : "s1-t3",
      "begin" : 33,
      "end" : 39,
      "text" : "PALMAS",
      "whiteSpace" : false
    }, {
      "id" : "s1-t4",
      "begin" : 39,
      "end" : 40,
      "text" : ",",
      "whiteSpace" : false
    }, {
      "id" : "s1-t5",
      "begin" : 41,
      "end" : 43,
      "text" : "no",
      "whiteSpace" : false
    }, {
      "id" : "s1-t6",
      "begin" : 44,
      "end" : 47,
      "text" : "uso",
      "whiteSpace" : false
    }, {
      "id" : "s1-t7",
      "begin" : 48,
      "end" : 51,
      "text" : "das",
      "whiteSpace" : false
    }, {
      "id" : "s1-t8",
      "begin" : 52,
      "end" : 63,
      "text" : "atribuições",
      "whiteSpace" : false
    }, {
      "id" : "s1-t9",
      "begin" : 64,
      "end" : 67,
      "text" : "que",
      "whiteSpace" : false
    }, {
      "id" : "s1-t10",
      "begin" : 68,
      "end" : 71,
      "text" : "lhe",
      "whiteSpace" : false
    }, {
      "id" : "s1-t11",
      "begin" : 72,
      "end" : 79,
      "text" : "confere",
      "whiteSpace" : false
    }, {
      "id" : "s1-t12",
      "begin" : 80,
      "end" : 81,
      "text" : "o",
      "whiteSpace" : false
    }, {
      "id" : "s1-t13",
      "begin" : 82,
      "end" : 85,
      "text" : "art",
      "whiteSpace" : false
    }, {
      "id" : "s1-t14",
      "begin" : 85,
      "end" : 86,
      "text" : ".",
      "whiteSpace" : false
    } ]
  }, {
    "id" : "s2",
    "begin" : 87,
    "end" : 150,
    "text" : "71, incisos I e VI, da Lei Orgânica do Município, RESOLVE: Art.",
    "tokens" : [ {
      "id" : "s2-t0",
      "begin" : 87,
      "end" : 89,
      "text" : "71",
      "whiteSpace" : false
    }, {
      "id" : "s2-t1",
      "begin" : 89,
      "end" : 90,
      "text" : ",",
      "whiteSpace" : false
    }, {
      "id" : "s2-t2",
      "begin" : 91,
      "end" : 98,
      "text" : "incisos",
      "whiteSpace" : false
    }, {
      "id" : "s2-t3",
      "begin" : 99,
      "end" : 100,
      "text" : "I",
      "whiteSpace" : false
    }, {
      "id" : "s2-t4",
      "begin" : 101,
      "end" : 102,
      "text" : "e",
      "whiteSpace" : false
    }, {
      "id" : "s2-t5",
      "begin" : 103,
      "end" : 105,
      "text" : "VI",
      "whiteSpace" : false
    }, {
      "id" : "s2-t6",
      "begin" : 105,
      "end" : 106,
      "text" : ",",
      "whiteSpace" : false
    }, {
      "id" : "s2-t7",
      "begin" : 107,
      "end" : 109,
      "text" : "da",
      "whiteSpace" : false
    }, {
      "id" : "s2-t8",
      "begin" : 110,
      "end" : 113,
      "text" : "Lei",
      "whiteSpace" : false
    }, {
      "id" : "s2-t9",
      "begin" : 114,
      "end" : 122,
      "text" : "Orgânica",
      "whiteSpace" : false
    }, {
      "id" : "s2-t10",
      "begin" : 123,
      "end" : 125,
      "text" : "do",
      "whiteSpace" : false
    }, {
      "id" : "s2-t11",
      "begin" : 126,
      "end" : 135,
      "text" : "Município",
      "whiteSpace" : false
    }, {
      "id" : "s2-t12",
      "begin" : 135,
      "end" : 136,
      "text" : ",",
      "whiteSpace" : false
    }, {
      "id" : "s2-t13",
      "begin" : 137,
      "end" : 144,
      "text" : "RESOLVE",
      "whiteSpace" : false
    }, {
      "id" : "s2-t14",
      "begin" : 144,
      "end" : 145,
      "text" : ":",
      "whiteSpace" : false
    }, {
      "id" : "s2-t15",
      "begin" : 146,
      "end" : 149,
      "text" : "Art",
      "whiteSpace" : false
    }, {
      "id" : "s2-t16",
      "begin" : 149,
      "end" : 150,
      "text" : ".",
      "whiteSpace" : false
    } ]
  }, {
    "id" : "s3",
    "begin" : 151,
    "end" : 312,
    "text" : "1º É nomeada KARINA RODRIGUES GOMES no cargo de Assessor Jurídico - DAS-5, na Secretaria Municipal de Desenvolvimento Social, a partir de 10 de dezembro de 2021.",
    "tokens" : [ {
      "id" : "s3-t0",
      "begin" : 151,
      "end" : 153,
      "text" : "1º",
      "whiteSpace" : false
    }, {
      "id" : "s3-t1",
      "begin" : 154,
      "end" : 155,
      "text" : "É",
      "whiteSpace" : false
    }, {
      "id" : "s3-t2",
      "begin" : 156,
      "end" : 163,
      "text" : "nomeada",
      "whiteSpace" : false
    }, {
      "id" : "s3-t3",
      "begin" : 164,
      "end" : 170,
      "text" : "KARINA",
      "whiteSpace" : false
    }, {
      "id" : "s3-t4",
      "begin" : 171,
      "end" : 180,
      "text" : "RODRIGUES",
      "whiteSpace" : false
    }, {
      "id" : "s3-t5",
      "begin" : 181,
      "end" : 186,
      "text" : "GOMES",
      "whiteSpace" : false
    }, {
      "id" : "s3-t6",
      "begin" : 187,
      "end" : 189,
      "text" : "no",
      "whiteSpace" : false
    }, {
      "id" : "s3-t7",
      "begin" : 190,
      "end" : 195,
      "text" : "cargo",
      "whiteSpace" : false
    }, {
      "id" : "s3-t8",
      "begin" : 196,
      "end" : 198,
      "text" : "de",
      "whiteSpace" : false
    }, {
      "id" : "s3-t9",
      "begin" : 199,
      "end" : 207,
      "text" : "Assessor",
      "whiteSpace" : false
    }, {
      "id" : "s3-t10",
      "begin" : 208,
      "end" : 216,
      "text" : "Jurídico",
      "whiteSpace" : false
    }, {
      "id" : "s3-t11",
      "begin" : 217,
      "end" : 218,
      "text" : "-",
      "whiteSpace" : false
    }, {
      "id" : "s3-t12",
      "begin" : 219,
      "end" : 224,
      "text" : "DAS-5",
      "whiteSpace" : false
    }, {
      "id" : "s3-t13",
      "begin" : 224,
      "end" : 225,
      "text" : ",",
      "whiteSpace" : false
    }, {
      "id" : "s3-t14",
      "begin" : 226,
      "end" : 228,
      "text" : "na",
      "whiteSpace" : false
    }, {
      "id" : "s3-t15",
      "begin" : 229,
      "end" : 239,
      "text" : "Secretaria",
      "whiteSpace" : false
    }, {
      "id" : "s3-t16",
      "begin" : 240,
      "end" : 249,
      "text" : "Municipal",
      "whiteSpace" : false
    }, {
      "id" : "s3-t17",
      "begin" : 250,
      "end" : 252,
      "text" : "de",
      "whiteSpace" : false
    }, {
      "id" : "s3-t18",
      "begin" : 253,
      "end" : 268,
      "text" : "Desenvolvimento",
      "whiteSpace" : false
    }, {
      "id" : "s3-t19",
      "begin" : 269,
      "end" : 275,
      "text" : "Social",
      "whiteSpace" : false
    }, {
      "id" : "s3-t20",
      "begin" : 275,
      "end" : 276,
      "text" : ",",
      "whiteSpace" : false
    }, {
      "id" : "s3-t21",
      "begin" : 277,
      "end" : 278,
      "text" : "a",
      "whiteSpace" : false
    }, {
      "id" : "s3-t22",
      "begin" : 279,
      "end" : 285,
      "text" : "partir",
      "whiteSpace" : false
    }, {
      "id" : "s3-t23",
      "begin" : 286,
      "end" : 288,
      "text" : "de",
      "whiteSpace" : false
    }, {
      "id" : "s3-t24",
      "begin" : 289,
      "end" : 291,
      "text" : "10",
      "whiteSpace" : false
    }, {
      "id" : "s3-t25",
      "begin" : 292,
      "end" : 294,
      "text" : "de",
      "whiteSpace" : false
    }, {
      "id" : "s3-t26",
      "begin" : 295,
      "end" : 303,
      "text" : "dezembro",
      "whiteSpace" : false
    }, {
      "id" : "s3-t27",
      "begin" : 304,
      "end" : 306,
      "text" : "de",
      "whiteSpace" : false
    }, {
      "id" : "s3-t28",
      "begin" : 307,
      "end" : 311,
      "text" : "2021",
      "whiteSpace" : false
    }, {
      "id" : "s3-t29",
      "begin" : 311,
      "end" : 312,
      "text" : ".",
      "whiteSpace" : false
    } ]
  }, {
    "id" : "s4",
    "begin" : 313,
    "end" : 317,
    "text" : "Art.",
    "tokens" : [ {
      "id" : "s4-t0",
      "begin" : 313,
      "end" : 316,
      "text" : "Art",
      "whiteSpace" : false
    }, {
      "id" : "s4-t1",
      "begin" : 316,
      "end" : 317,
      "text" : ".",
      "whiteSpace" : false
    } ]
  }, {
    "id" : "s5",
    "begin" : 318,
    "end" : 371,
    "text" : "2º Este Ato entra em vigor na data de sua publicação.",
    "tokens" : [ {
      "id" : "s5-t0",
      "begin" : 318,
      "end" : 320,
      "text" : "2º",
      "whiteSpace" : false
    }, {
      "id" : "s5-t1",
      "begin" : 321,
      "end" : 325,
      "text" : "Este",
      "whiteSpace" : false
    }, {
      "id" : "s5-t2",
      "begin" : 326,
      "end" : 329,
      "text" : "Ato",
      "whiteSpace" : false
    }, {
      "id" : "s5-t3",
      "begin" : 330,
      "end" : 335,
      "text" : "entra",
      "whiteSpace" : false
    }, {
      "id" : "s5-t4",
      "begin" : 336,
      "end" : 338,
      "text" : "em",
      "whiteSpace" : false
    }, {
      "id" : "s5-t5",
      "begin" : 339,
      "end" : 344,
      "text" : "vigor",
      "whiteSpace" : false
    }, {
      "id" : "s5-t6",
      "begin" : 345,
      "end" : 347,
      "text" : "na",
      "whiteSpace" : false
    }, {
      "id" : "s5-t7",
      "begin" : 348,
      "end" : 352,
      "text" : "data",
      "whiteSpace" : false
    }, {
      "id" : "s5-t8",
      "begin" : 353,
      "end" : 355,
      "text" : "de",
      "whiteSpace" : false
    }, {
      "id" : "s5-t9",
      "begin" : 356,
      "end" : 359,
      "text" : "sua",
      "whiteSpace" : false
    }, {
      "id" : "s5-t10",
      "begin" : 360,
      "end" : 370,
      "text" : "publicação",
      "whiteSpace" : false
    }, {
      "id" : "s5-t11",
      "begin" : 370,
      "end" : 371,
      "text" : ".",
      "whiteSpace" : false
    } ]
  }, {
    "id" : "s6",
    "begin" : 372,
    "end" : 402,
    "text" : "Palmas, 9 de dezembro de 2021.",
    "tokens" : [ {
      "id" : "s6-t0",
      "begin" : 372,
      "end" : 378,
      "text" : "Palmas",
      "whiteSpace" : false
    }, {
      "id" : "s6-t1",
      "begin" : 378,
      "end" : 379,
      "text" : ",",
      "whiteSpace" : false
    }, {
      "id" : "s6-t2",
      "begin" : 380,
      "end" : 381,
      "text" : "9",
      "whiteSpace" : false
    }, {
      "id" : "s6-t3",
      "begin" : 382,
      "end" : 384,
      "text" : "de",
      "whiteSpace" : false
    }, {
      "id" : "s6-t4",
      "begin" : 385,
      "end" : 393,
      "text" : "dezembro",
      "whiteSpace" : false
    }, {
      "id" : "s6-t5",
      "begin" : 394,
      "end" : 396,
      "text" : "de",
      "whiteSpace" : false
    }, {
      "id" : "s6-t6",
      "begin" : 397,
      "end" : 401,
      "text" : "2021",
      "whiteSpace" : false
    }, {
      "id" : "s6-t7",
      "begin" : 401,
      "end" : 402,
      "text" : ".",
      "whiteSpace" : false
    } ]
  }, {
    "id" : "s7",
    "begin" : 403,
    "end" : 553,
    "text" : "CINTHIA ALVES CAETANO RIBEIRO Prefeita de Palmas Agostinho Araújo Rodrigues Júnior Secretário da Casa Civil do Município de Palmas ATO Nº 1.493 - DSG.",
    "tokens" : [ {
      "id" : "s7-t0",
      "begin" : 403,
      "end" : 410,
      "text" : "CINTHIA",
      "whiteSpace" : false
    }, {
      "id" : "s7-t1",
      "begin" : 411,
      "end" : 416,
      "text" : "ALVES",
      "whiteSpace" : false
    }, {
      "id" : "s7-t2",
      "begin" : 417,
      "end" : 424,
      "text" : "CAETANO",
      "whiteSpace" : false
    }, {
      "id" : "s7-t3",
      "begin" : 425,
      "end" : 432,
      "text" : "RIBEIRO",
      "whiteSpace" : false
    }, {
      "id" : "s7-t4",
      "begin" : 433,
      "end" : 441,
      "text" : "Prefeita",
      "whiteSpace" : false
    }, {
      "id" : "s7-t5",
      "begin" : 442,
      "end" : 444,
      "text" : "de",
      "whiteSpace" : false
    }, {
      "id" : "s7-t6",
      "begin" : 445,
      "end" : 451,
      "text" : "Palmas",
      "whiteSpace" : false
    }, {
      "id" : "s7-t7",
      "begin" : 452,
      "end" : 461,
      "text" : "Agostinho",
      "whiteSpace" : false
    }, {
      "id" : "s7-t8",
      "begin" : 462,
      "end" : 468,
      "text" : "Araújo",
      "whiteSpace" : false
    }, {
      "id" : "s7-t9",
      "begin" : 469,
      "end" : 478,
      "text" : "Rodrigues",
      "whiteSpace" : false
    }, {
      "id" : "s7-t10",
      "begin" : 479,
      "end" : 485,
      "text" : "Júnior",
      "whiteSpace" : false
    }, {
      "id" : "s7-t11",
      "begin" : 486,
      "end" : 496,
      "text" : "Secretário",
      "whiteSpace" : false
    }, {
      "id" : "s7-t12",
      "begin" : 497,
      "end" : 499,
      "text" : "da",
      "whiteSpace" : false
    }, {
      "id" : "s7-t13",
      "begin" : 500,
      "end" : 504,
      "text" : "Casa",
      "whiteSpace" : false
    }, {
      "id" : "s7-t14",
      "begin" : 505,
      "end" : 510,
      "text" : "Civil",
      "whiteSpace" : false
    }, {
      "id" : "s7-t15",
      "begin" : 511,
      "end" : 513,
      "text" : "do",
      "whiteSpace" : false
    }, {
      "id" : "s7-t16",
      "begin" : 514,
      "end" : 523,
      "text" : "Município",
      "whiteSpace" : false
    }, {
      "id" : "s7-t17",
      "begin" : 524,
      "end" : 526,
      "text" : "de",
      "whiteSpace" : false
    }, {
      "id" : "s7-t18",
      "begin" : 527,
      "end" : 533,
      "text" : "Palmas",
      "whiteSpace" : false
    }, {
      "id" : "s7-t19",
      "begin" : 534,
      "end" : 537,
      "text" : "ATO",
      "whiteSpace" : false
    }, {
      "id" : "s7-t20",
      "begin" : 538,
      "end" : 540,
      "text" : "Nº",
      "whiteSpace" : false
    }, {
      "id" : "s7-t21",
      "begin" : 541,
      "end" : 546,
      "text" : "1.493",
      "whiteSpace" : false
    }, {
      "id" : "s7-t22",
      "begin" : 547,
      "end" : 548,
      "text" : "-",
      "whiteSpace" : false
    }, {
      "id" : "s7-t23",
      "begin" : 549,
      "end" : 552,
      "text" : "DSG",
      "whiteSpace" : false
    }, {
      "id" : "s7-t24",
      "begin" : 552,
      "end" : 553,
      "text" : ".",
      "whiteSpace" : false
    } ]
  } ],
  "mentions" : [ {
    "id" : "s0-m1",
    "properties" : {
      "SIRE_MENTION_ROLE" : "portaria",
      "SIRE_ENTITY_SUBTYPE" : "NONE",
      "SIRE_MENTION_TYPE" : "NONE",
      "SIRE_MENTION_CLASS" : "SPC"
    },
    "type" : "portaria",
    "begin" : 7,
    "end" : 12,
    "inCoref" : false
  }, {
    "id" : "s3-m1",
    "properties" : {
      "SIRE_MENTION_ROLE" : "ato",
      "SIRE_ENTITY_SUBTYPE" : "NONE",
      "SIRE_MENTION_TYPE" : "NONE",
      "SIRE_MENTION_CLASS" : "SPC"
    },
    "type" : "ato",
    "begin" : 156,
    "end" : 163,
    "inCoref" : false
  }, {
    "id" : "s3-m2",
    "properties" : {
      "SIRE_MENTION_ROLE" : "nome",
      "SIRE_ENTITY_SUBTYPE" : "NONE",
      "SIRE_MENTION_TYPE" : "NONE",
      "SIRE_MENTION_CLASS" : "SPC"
    },
    "type" : "nome",
    "begin" : 164,
    "end" : 186,
    "inCoref" : false
  }, {
    "id" : "s3-m3",
    "properties" : {
      "SIRE_MENTION_ROLE" : "cargo",
      "SIRE_ENTITY_SUBTYPE" : "NONE",
      "SIRE_MENTION_TYPE" : "NONE",
      "SIRE_MENTION_CLASS" : "SPC"
    },
    "type" : "cargo",
    "begin" : 199,
    "end" : 216,
    "inCoref" : false
  }, {
    "id" : "s3-m4",
    "properties" : {
      "SIRE_MENTION_ROLE" : "dia",
      "SIRE_ENTITY_SUBTYPE" : "NONE",
      "SIRE_MENTION_TYPE" : "NONE",
      "SIRE_MENTION_CLASS" : "SPC"
    },
    "type" : "dia",
    "begin" : 289,
    "end" : 291,
    "inCoref" : false
  }, {
    "id" : "s3-m5",
    "properties" : {
      "SIRE_MENTION_ROLE" : "mes",
      "SIRE_ENTITY_SUBTYPE" : "NONE",
      "SIRE_MENTION_TYPE" : "NONE",
      "SIRE_MENTION_CLASS" : "SPC"
    },
    "type" : "mes",
    "begin" : 295,
    "end" : 303,
    "inCoref" : false
  }, {
    "id" : "s3-m6",
    "properties" : {
      "SIRE_MENTION_ROLE" : "ano",
      "SIRE_ENTITY_SUBTYPE" : "NONE",
      "SIRE_MENTION_TYPE" : "NONE",
      "SIRE_MENTION_CLASS" : "SPC"
    },
    "type" : "ano",
    "begin" : 307,
    "end" : 311,
    "inCoref" : false
  } ],
  "relations" : [ ],
  "corefs" : [ ],
  "typeResolved" : true,
  "userResolved" : false
}