{
  "id" : "0197c570-6f60-11ec-8aab-63cd9c950ac0-8",
  "name" : "buffer_pal_nom_09.txt",
  "createdDate" : 0,
  "version" : 3,
  "text" : "ATO Nº 2 - NM. A PREFEITA DE PALMAS, no uso das atribuições que lhe confere o art. 71, incisos I e VI, da Lei Orgânica do Município, RESOLVE: Art. 1º É nomeado PEDRO HENRIQUE SANTOS BATISTA no cargo de Gerente de Planejamento de Obras Civis - DAS-7, na Secretaria Municipal de Infraestrutura e Serviços Públicos, a partir de 7 de janeiro de 2022. Art. 2º Este Ato entra em vigor na data de sua publicação. Palmas, 6 de janeiro de 2022. CINTHIA ALVES CAETANO RIBEIRO MANTOAN Prefeita de Palmas Agostinho Araújo Rodrigues Júnior Secretário da Casa Civil do Município de Palmas ",
  "docLength" : 0,
  "language" : "PT",
  "status" : "IN_PROGRESS",
  "modifiedDate" : 1641606200984,
  "documentSet" : [ ],
  "preannotation" : [ ],
  "sentences" : [ {
    "id" : "s0",
    "begin" : 0,
    "end" : 14,
    "text" : "ATO Nº 2 - NM.",
    "tokens" : [ {
      "id" : "s0-t0",
      "begin" : 0,
      "end" : 3,
      "text" : "ATO",
      "whiteSpace" : false
    }, {
      "id" : "s0-t1",
      "begin" : 4,
      "end" : 6,
      "text" : "Nº",
      "whiteSpace" : false
    }, {
      "id" : "s0-t2",
      "begin" : 7,
      "end" : 8,
      "text" : "2",
      "whiteSpace" : false
    }, {
      "id" : "s0-t3",
      "begin" : 9,
      "end" : 10,
      "text" : "-",
      "whiteSpace" : false
    }, {
      "id" : "s0-t4",
      "begin" : 11,
      "end" : 13,
      "text" : "NM",
      "whiteSpace" : false
    }, {
      "id" : "s0-t5",
      "begin" : 13,
      "end" : 14,
      "text" : ".",
      "whiteSpace" : false
    } ]
  }, {
    "id" : "s1",
    "begin" : 15,
    "end" : 82,
    "text" : "A PREFEITA DE PALMAS, no uso das atribuições que lhe confere o art.",
    "tokens" : [ {
      "id" : "s1-t0",
      "begin" : 15,
      "end" : 16,
      "text" : "A",
      "whiteSpace" : false
    }, {
      "id" : "s1-t1",
      "begin" : 17,
      "end" : 25,
      "text" : "PREFEITA",
      "whiteSpace" : false
    }, {
      "id" : "s1-t2",
      "begin" : 26,
      "end" : 28,
      "text" : "DE",
      "whiteSpace" : false
    }, {
      "id" : "s1-t3",
      "begin" : 29,
      "end" : 35,
      "text" : "PALMAS",
      "whiteSpace" : false
    }, {
      "id" : "s1-t4",
      "begin" : 35,
      "end" : 36,
      "text" : ",",
      "whiteSpace" : false
    }, {
      "id" : "s1-t5",
      "begin" : 37,
      "end" : 39,
      "text" : "no",
      "whiteSpace" : false
    }, {
      "id" : "s1-t6",
      "begin" : 40,
      "end" : 43,
      "text" : "uso",
      "whiteSpace" : false
    }, {
      "id" : "s1-t7",
      "begin" : 44,
      "end" : 47,
      "text" : "das",
      "whiteSpace" : false
    }, {
      "id" : "s1-t8",
      "begin" : 48,
      "end" : 59,
      "text" : "atribuições",
      "whiteSpace" : false
    }, {
      "id" : "s1-t9",
      "begin" : 60,
      "end" : 63,
      "text" : "que",
      "whiteSpace" : false
    }, {
      "id" : "s1-t10",
      "begin" : 64,
      "end" : 67,
      "text" : "lhe",
      "whiteSpace" : false
    }, {
      "id" : "s1-t11",
      "begin" : 68,
      "end" : 75,
      "text" : "confere",
      "whiteSpace" : false
    }, {
      "id" : "s1-t12",
      "begin" : 76,
      "end" : 77,
      "text" : "o",
      "whiteSpace" : false
    }, {
      "id" : "s1-t13",
      "begin" : 78,
      "end" : 81,
      "text" : "art",
      "whiteSpace" : false
    }, {
      "id" : "s1-t14",
      "begin" : 81,
      "end" : 82,
      "text" : ".",
      "whiteSpace" : false
    } ]
  }, {
    "id" : "s2",
    "begin" : 83,
    "end" : 146,
    "text" : "71, incisos I e VI, da Lei Orgânica do Município, RESOLVE: Art.",
    "tokens" : [ {
      "id" : "s2-t0",
      "begin" : 83,
      "end" : 85,
      "text" : "71",
      "whiteSpace" : false
    }, {
      "id" : "s2-t1",
      "begin" : 85,
      "end" : 86,
      "text" : ",",
      "whiteSpace" : false
    }, {
      "id" : "s2-t2",
      "begin" : 87,
      "end" : 94,
      "text" : "incisos",
      "whiteSpace" : false
    }, {
      "id" : "s2-t3",
      "begin" : 95,
      "end" : 96,
      "text" : "I",
      "whiteSpace" : false
    }, {
      "id" : "s2-t4",
      "begin" : 97,
      "end" : 98,
      "text" : "e",
      "whiteSpace" : false
    }, {
      "id" : "s2-t5",
      "begin" : 99,
      "end" : 101,
      "text" : "VI",
      "whiteSpace" : false
    }, {
      "id" : "s2-t6",
      "begin" : 101,
      "end" : 102,
      "text" : ",",
      "whiteSpace" : false
    }, {
      "id" : "s2-t7",
      "begin" : 103,
      "end" : 105,
      "text" : "da",
      "whiteSpace" : false
    }, {
      "id" : "s2-t8",
      "begin" : 106,
      "end" : 109,
      "text" : "Lei",
      "whiteSpace" : false
    }, {
      "id" : "s2-t9",
      "begin" : 110,
      "end" : 118,
      "text" : "Orgânica",
      "whiteSpace" : false
    }, {
      "id" : "s2-t10",
      "begin" : 119,
      "end" : 121,
      "text" : "do",
      "whiteSpace" : false
    }, {
      "id" : "s2-t11",
      "begin" : 122,
      "end" : 131,
      "text" : "Município",
      "whiteSpace" : false
    }, {
      "id" : "s2-t12",
      "begin" : 131,
      "end" : 132,
      "text" : ",",
      "whiteSpace" : false
    }, {
      "id" : "s2-t13",
      "begin" : 133,
      "end" : 140,
      "text" : "RESOLVE",
      "whiteSpace" : false
    }, {
      "id" : "s2-t14",
      "begin" : 140,
      "end" : 141,
      "text" : ":",
      "whiteSpace" : false
    }, {
      "id" : "s2-t15",
      "begin" : 142,
      "end" : 145,
      "text" : "Art",
      "whiteSpace" : false
    }, {
      "id" : "s2-t16",
      "begin" : 145,
      "end" : 146,
      "text" : ".",
      "whiteSpace" : false
    } ]
  }, {
    "id" : "s3",
    "begin" : 147,
    "end" : 346,
    "text" : "1º É nomeado PEDRO HENRIQUE SANTOS BATISTA no cargo de Gerente de Planejamento de Obras Civis - DAS-7, na Secretaria Municipal de Infraestrutura e Serviços Públicos, a partir de 7 de janeiro de 2022.",
    "tokens" : [ {
      "id" : "s3-t0",
      "begin" : 147,
      "end" : 149,
      "text" : "1º",
      "whiteSpace" : false
    }, {
      "id" : "s3-t1",
      "begin" : 150,
      "end" : 151,
      "text" : "É",
      "whiteSpace" : false
    }, {
      "id" : "s3-t2",
      "begin" : 152,
      "end" : 159,
      "text" : "nomeado",
      "whiteSpace" : false
    }, {
      "id" : "s3-t3",
      "begin" : 160,
      "end" : 165,
      "text" : "PEDRO",
      "whiteSpace" : false
    }, {
      "id" : "s3-t4",
      "begin" : 166,
      "end" : 174,
      "text" : "HENRIQUE",
      "whiteSpace" : false
    }, {
      "id" : "s3-t5",
      "begin" : 175,
      "end" : 181,
      "text" : "SANTOS",
      "whiteSpace" : false
    }, {
      "id" : "s3-t6",
      "begin" : 182,
      "end" : 189,
      "text" : "BATISTA",
      "whiteSpace" : false
    }, {
      "id" : "s3-t7",
      "begin" : 190,
      "end" : 192,
      "text" : "no",
      "whiteSpace" : false
    }, {
      "id" : "s3-t8",
      "begin" : 193,
      "end" : 198,
      "text" : "cargo",
      "whiteSpace" : false
    }, {
      "id" : "s3-t9",
      "begin" : 199,
      "end" : 201,
      "text" : "de",
      "whiteSpace" : false
    }, {
      "id" : "s3-t10",
      "begin" : 202,
      "end" : 209,
      "text" : "Gerente",
      "whiteSpace" : false
    }, {
      "id" : "s3-t11",
      "begin" : 210,
      "end" : 212,
      "text" : "de",
      "whiteSpace" : false
    }, {
      "id" : "s3-t12",
      "begin" : 213,
      "end" : 225,
      "text" : "Planejamento",
      "whiteSpace" : false
    }, {
      "id" : "s3-t13",
      "begin" : 226,
      "end" : 228,
      "text" : "de",
      "whiteSpace" : false
    }, {
      "id" : "s3-t14",
      "begin" : 229,
      "end" : 234,
      "text" : "Obras",
      "whiteSpace" : false
    }, {
      "id" : "s3-t15",
      "begin" : 235,
      "end" : 240,
      "text" : "Civis",
      "whiteSpace" : false
    }, {
      "id" : "s3-t16",
      "begin" : 241,
      "end" : 242,
      "text" : "-",
      "whiteSpace" : false
    }, {
      "id" : "s3-t17",
      "begin" : 243,
      "end" : 248,
      "text" : "DAS-7",
      "whiteSpace" : false
    }, {
      "id" : "s3-t18",
      "begin" : 248,
      "end" : 249,
      "text" : ",",
      "whiteSpace" : false
    }, {
      "id" : "s3-t19",
      "begin" : 250,
      "end" : 252,
      "text" : "na",
      "whiteSpace" : false
    }, {
      "id" : "s3-t20",
      "begin" : 253,
      "end" : 263,
      "text" : "Secretaria",
      "whiteSpace" : false
    }, {
      "id" : "s3-t21",
      "begin" : 264,
      "end" : 273,
      "text" : "Municipal",
      "whiteSpace" : false
    }, {
      "id" : "s3-t22",
      "begin" : 274,
      "end" : 276,
      "text" : "de",
      "whiteSpace" : false
    }, {
      "id" : "s3-t23",
      "begin" : 277,
      "end" : 291,
      "text" : "Infraestrutura",
      "whiteSpace" : false
    }, {
      "id" : "s3-t24",
      "begin" : 292,
      "end" : 293,
      "text" : "e",
      "whiteSpace" : false
    }, {
      "id" : "s3-t25",
      "begin" : 294,
      "end" : 302,
      "text" : "Serviços",
      "whiteSpace" : false
    }, {
      "id" : "s3-t26",
      "begin" : 303,
      "end" : 311,
      "text" : "Públicos",
      "whiteSpace" : false
    }, {
      "id" : "s3-t27",
      "begin" : 311,
      "end" : 312,
      "text" : ",",
      "whiteSpace" : false
    }, {
      "id" : "s3-t28",
      "begin" : 313,
      "end" : 314,
      "text" : "a",
      "whiteSpace" : false
    }, {
      "id" : "s3-t29",
      "begin" : 315,
      "end" : 321,
      "text" : "partir",
      "whiteSpace" : false
    }, {
      "id" : "s3-t30",
      "begin" : 322,
      "end" : 324,
      "text" : "de",
      "whiteSpace" : false
    }, {
      "id" : "s3-t31",
      "begin" : 325,
      "end" : 326,
      "text" : "7",
      "whiteSpace" : false
    }, {
      "id" : "s3-t32",
      "begin" : 327,
      "end" : 329,
      "text" : "de",
      "whiteSpace" : false
    }, {
      "id" : "s3-t33",
      "begin" : 330,
      "end" : 337,
      "text" : "janeiro",
      "whiteSpace" : false
    }, {
      "id" : "s3-t34",
      "begin" : 338,
      "end" : 340,
      "text" : "de",
      "whiteSpace" : false
    }, {
      "id" : "s3-t35",
      "begin" : 341,
      "end" : 345,
      "text" : "2022",
      "whiteSpace" : false
    }, {
      "id" : "s3-t36",
      "begin" : 345,
      "end" : 346,
      "text" : ".",
      "whiteSpace" : false
    } ]
  }, {
    "id" : "s4",
    "begin" : 347,
    "end" : 351,
    "text" : "Art.",
    "tokens" : [ {
      "id" : "s4-t0",
      "begin" : 347,
      "end" : 350,
      "text" : "Art",
      "whiteSpace" : false
    }, {
      "id" : "s4-t1",
      "begin" : 350,
      "end" : 351,
      "text" : ".",
      "whiteSpace" : false
    } ]
  }, {
    "id" : "s5",
    "begin" : 352,
    "end" : 405,
    "text" : "2º Este Ato entra em vigor na data de sua publicação.",
    "tokens" : [ {
      "id" : "s5-t0",
      "begin" : 352,
      "end" : 354,
      "text" : "2º",
      "whiteSpace" : false
    }, {
      "id" : "s5-t1",
      "begin" : 355,
      "end" : 359,
      "text" : "Este",
      "whiteSpace" : false
    }, {
      "id" : "s5-t2",
      "begin" : 360,
      "end" : 363,
      "text" : "Ato",
      "whiteSpace" : false
    }, {
      "id" : "s5-t3",
      "begin" : 364,
      "end" : 369,
      "text" : "entra",
      "whiteSpace" : false
    }, {
      "id" : "s5-t4",
      "begin" : 370,
      "end" : 372,
      "text" : "em",
      "whiteSpace" : false
    }, {
      "id" : "s5-t5",
      "begin" : 373,
      "end" : 378,
      "text" : "vigor",
      "whiteSpace" : false
    }, {
      "id" : "s5-t6",
      "begin" : 379,
      "end" : 381,
      "text" : "na",
      "whiteSpace" : false
    }, {
      "id" : "s5-t7",
      "begin" : 382,
      "end" : 386,
      "text" : "data",
      "whiteSpace" : false
    }, {
      "id" : "s5-t8",
      "begin" : 387,
      "end" : 389,
      "text" : "de",
      "whiteSpace" : false
    }, {
      "id" : "s5-t9",
      "begin" : 390,
      "end" : 393,
      "text" : "sua",
      "whiteSpace" : false
    }, {
      "id" : "s5-t10",
      "begin" : 394,
      "end" : 404,
      "text" : "publicação",
      "whiteSpace" : false
    }, {
      "id" : "s5-t11",
      "begin" : 404,
      "end" : 405,
      "text" : ".",
      "whiteSpace" : false
    } ]
  }, {
    "id" : "s6",
    "begin" : 406,
    "end" : 435,
    "text" : "Palmas, 6 de janeiro de 2022.",
    "tokens" : [ {
      "id" : "s6-t0",
      "begin" : 406,
      "end" : 412,
      "text" : "Palmas",
      "whiteSpace" : false
    }, {
      "id" : "s6-t1",
      "begin" : 412,
      "end" : 413,
      "text" : ",",
      "whiteSpace" : false
    }, {
      "id" : "s6-t2",
      "begin" : 414,
      "end" : 415,
      "text" : "6",
      "whiteSpace" : false
    }, {
      "id" : "s6-t3",
      "begin" : 416,
      "end" : 418,
      "text" : "de",
      "whiteSpace" : false
    }, {
      "id" : "s6-t4",
      "begin" : 419,
      "end" : 426,
      "text" : "janeiro",
      "whiteSpace" : false
    }, {
      "id" : "s6-t5",
      "begin" : 427,
      "end" : 429,
      "text" : "de",
      "whiteSpace" : false
    }, {
      "id" : "s6-t6",
      "begin" : 430,
      "end" : 434,
      "text" : "2022",
      "whiteSpace" : false
    }, {
      "id" : "s6-t7",
      "begin" : 434,
      "end" : 435,
      "text" : ".",
      "whiteSpace" : false
    } ]
  }, {
    "id" : "s7",
    "begin" : 436,
    "end" : 574,
    "text" : "CINTHIA ALVES CAETANO RIBEIRO MANTOAN Prefeita de Palmas Agostinho Araújo Rodrigues Júnior Secretário da Casa Civil do Município de Palmas",
    "tokens" : [ {
      "id" : "s7-t0",
      "begin" : 436,
      "end" : 443,
      "text" : "CINTHIA",
      "whiteSpace" : false
    }, {
      "id" : "s7-t1",
      "begin" : 444,
      "end" : 449,
      "text" : "ALVES",
      "whiteSpace" : false
    }, {
      "id" : "s7-t2",
      "begin" : 450,
      "end" : 457,
      "text" : "CAETANO",
      "whiteSpace" : false
    }, {
      "id" : "s7-t3",
      "begin" : 458,
      "end" : 465,
      "text" : "RIBEIRO",
      "whiteSpace" : false
    }, {
      "id" : "s7-t4",
      "begin" : 466,
      "end" : 473,
      "text" : "MANTOAN",
      "whiteSpace" : false
    }, {
      "id" : "s7-t5",
      "begin" : 474,
      "end" : 482,
      "text" : "Prefeita",
      "whiteSpace" : false
    }, {
      "id" : "s7-t6",
      "begin" : 483,
      "end" : 485,
      "text" : "de",
      "whiteSpace" : false
    }, {
      "id" : "s7-t7",
      "begin" : 486,
      "end" : 492,
      "text" : "Palmas",
      "whiteSpace" : false
    }, {
      "id" : "s7-t8",
      "begin" : 493,
      "end" : 502,
      "text" : "Agostinho",
      "whiteSpace" : false
    }, {
      "id" : "s7-t9",
      "begin" : 503,
      "end" : 509,
      "text" : "Araújo",
      "whiteSpace" : false
    }, {
      "id" : "s7-t10",
      "begin" : 510,
      "end" : 519,
      "text" : "Rodrigues",
      "whiteSpace" : false
    }, {
      "id" : "s7-t11",
      "begin" : 520,
      "end" : 526,
      "text" : "Júnior",
      "whiteSpace" : false
    }, {
      "id" : "s7-t12",
      "begin" : 527,
      "end" : 537,
      "text" : "Secretário",
      "whiteSpace" : false
    }, {
      "id" : "s7-t13",
      "begin" : 538,
      "end" : 540,
      "text" : "da",
      "whiteSpace" : false
    }, {
      "id" : "s7-t14",
      "begin" : 541,
      "end" : 545,
      "text" : "Casa",
      "whiteSpace" : false
    }, {
      "id" : "s7-t15",
      "begin" : 546,
      "end" : 551,
      "text" : "Civil",
      "whiteSpace" : false
    }, {
      "id" : "s7-t16",
      "begin" : 552,
      "end" : 554,
      "text" : "do",
      "whiteSpace" : false
    }, {
      "id" : "s7-t17",
      "begin" : 555,
      "end" : 564,
      "text" : "Município",
      "whiteSpace" : false
    }, {
      "id" : "s7-t18",
      "begin" : 565,
      "end" : 567,
      "text" : "de",
      "whiteSpace" : false
    }, {
      "id" : "s7-t19",
      "begin" : 568,
      "end" : 574,
      "text" : "Palmas",
      "whiteSpace" : false
    } ]
  } ],
  "mentions" : [ {
    "id" : "s0-m1",
    "properties" : {
      "SIRE_MENTION_ROLE" : "portaria",
      "SIRE_ENTITY_SUBTYPE" : "NONE",
      "SIRE_MENTION_TYPE" : "NONE",
      "SIRE_MENTION_CLASS" : "SPC"
    },
    "type" : "portaria",
    "begin" : 7,
    "end" : 8,
    "inCoref" : false
  }, {
    "id" : "s3-m1",
    "properties" : {
      "SIRE_MENTION_ROLE" : "ato",
      "SIRE_ENTITY_SUBTYPE" : "NONE",
      "SIRE_MENTION_TYPE" : "NONE",
      "SIRE_MENTION_CLASS" : "SPC"
    },
    "type" : "ato",
    "begin" : 152,
    "end" : 159,
    "inCoref" : false
  }, {
    "id" : "s3-m2",
    "properties" : {
      "SIRE_MENTION_ROLE" : "nome",
      "SIRE_ENTITY_SUBTYPE" : "NONE",
      "SIRE_MENTION_TYPE" : "NONE",
      "SIRE_MENTION_CLASS" : "SPC"
    },
    "type" : "nome",
    "begin" : 160,
    "end" : 189,
    "inCoref" : false
  }, {
    "id" : "s3-m3",
    "properties" : {
      "SIRE_MENTION_ROLE" : "cargo",
      "SIRE_ENTITY_SUBTYPE" : "NONE",
      "SIRE_MENTION_TYPE" : "NONE",
      "SIRE_MENTION_CLASS" : "SPC"
    },
    "type" : "cargo",
    "begin" : 202,
    "end" : 240,
    "inCoref" : false
  }, {
    "id" : "s3-m4",
    "properties" : {
      "SIRE_MENTION_ROLE" : "dia",
      "SIRE_ENTITY_SUBTYPE" : "NONE",
      "SIRE_MENTION_TYPE" : "NONE",
      "SIRE_MENTION_CLASS" : "SPC"
    },
    "type" : "dia",
    "begin" : 325,
    "end" : 326,
    "inCoref" : false
  }, {
    "id" : "s3-m5",
    "properties" : {
      "SIRE_MENTION_ROLE" : "mes",
      "SIRE_ENTITY_SUBTYPE" : "NONE",
      "SIRE_MENTION_TYPE" : "NONE",
      "SIRE_MENTION_CLASS" : "SPC"
    },
    "type" : "mes",
    "begin" : 330,
    "end" : 337,
    "inCoref" : false
  }, {
    "id" : "s3-m6",
    "properties" : {
      "SIRE_MENTION_ROLE" : "ano",
      "SIRE_ENTITY_SUBTYPE" : "NONE",
      "SIRE_MENTION_TYPE" : "NONE",
      "SIRE_MENTION_CLASS" : "SPC"
    },
    "type" : "ano",
    "begin" : 341,
    "end" : 345,
    "inCoref" : false
  } ],
  "relations" : [ ],
  "corefs" : [ ],
  "typeResolved" : true,
  "userResolved" : false
}