{
  "id" : "0197c570-6f60-11ec-8aab-63cd9c950ac0-4",
  "name" : "buffer_pal_nom_05.txt",
  "createdDate" : 0,
  "version" : 3,
  "text" : "ATO Nº 1.477 - NM. A PREFEITA DE PALMAS, no uso das atribuições que lhe confere o art. 71, incisos I e VI, da Lei Orgânica do Município, RESOLVE: Art. 1° É nomeado ONOEL SALES RAMOS no cargo de Assistente de Gabinete II - DAS-9, na Secretaria Municipal da Saúde, a partir de 9 de dezembro de 2021. Art. 2º Este Ato entra em vigor na data de sua publicação. Palmas, 8 de dezembro de 2021. CINTHIA ALVES CAETANO RIBEIRO Prefeita de Palmas Agostinho Araújo Rodrigues Júnior Secretário da Casa Civil do Município de Palmas ATO Nº 1.478",
  "docLength" : 0,
  "language" : "PT",
  "status" : "IN_PROGRESS",
  "modifiedDate" : 1641606081001,
  "documentSet" : [ ],
  "preannotation" : [ ],
  "sentences" : [ {
    "id" : "s0",
    "begin" : 0,
    "end" : 18,
    "text" : "ATO Nº 1.477 - NM.",
    "tokens" : [ {
      "id" : "s0-t0",
      "begin" : 0,
      "end" : 3,
      "text" : "ATO",
      "whiteSpace" : false
    }, {
      "id" : "s0-t1",
      "begin" : 4,
      "end" : 6,
      "text" : "Nº",
      "whiteSpace" : false
    }, {
      "id" : "s0-t2",
      "begin" : 7,
      "end" : 12,
      "text" : "1.477",
      "whiteSpace" : false
    }, {
      "id" : "s0-t3",
      "begin" : 13,
      "end" : 14,
      "text" : "-",
      "whiteSpace" : false
    }, {
      "id" : "s0-t4",
      "begin" : 15,
      "end" : 17,
      "text" : "NM",
      "whiteSpace" : false
    }, {
      "id" : "s0-t5",
      "begin" : 17,
      "end" : 18,
      "text" : ".",
      "whiteSpace" : false
    } ]
  }, {
    "id" : "s1",
    "begin" : 19,
    "end" : 86,
    "text" : "A PREFEITA DE PALMAS, no uso das atribuições que lhe confere o art.",
    "tokens" : [ {
      "id" : "s1-t0",
      "begin" : 19,
      "end" : 20,
      "text" : "A",
      "whiteSpace" : false
    }, {
      "id" : "s1-t1",
      "begin" : 21,
      "end" : 29,
      "text" : "PREFEITA",
      "whiteSpace" : false
    }, {
      "id" : "s1-t2",
      "begin" : 30,
      "end" : 32,
      "text" : "DE",
      "whiteSpace" : false
    }, {
      "id" : "s1-t3",
      "begin" : 33,
      "end" : 39,
      "text" : "PALMAS",
      "whiteSpace" : false
    }, {
      "id" : "s1-t4",
      "begin" : 39,
      "end" : 40,
      "text" : ",",
      "whiteSpace" : false
    }, {
      "id" : "s1-t5",
      "begin" : 41,
      "end" : 43,
      "text" : "no",
      "whiteSpace" : false
    }, {
      "id" : "s1-t6",
      "begin" : 44,
      "end" : 47,
      "text" : "uso",
      "whiteSpace" : false
    }, {
      "id" : "s1-t7",
      "begin" : 48,
      "end" : 51,
      "text" : "das",
      "whiteSpace" : false
    }, {
      "id" : "s1-t8",
      "begin" : 52,
      "end" : 63,
      "text" : "atribuições",
      "whiteSpace" : false
    }, {
      "id" : "s1-t9",
      "begin" : 64,
      "end" : 67,
      "text" : "que",
      "whiteSpace" : false
    }, {
      "id" : "s1-t10",
      "begin" : 68,
      "end" : 71,
      "text" : "lhe",
      "whiteSpace" : false
    }, {
      "id" : "s1-t11",
      "begin" : 72,
      "end" : 79,
      "text" : "confere",
      "whiteSpace" : false
    }, {
      "id" : "s1-t12",
      "begin" : 80,
      "end" : 81,
      "text" : "o",
      "whiteSpace" : false
    }, {
      "id" : "s1-t13",
      "begin" : 82,
      "end" : 85,
      "text" : "art",
      "whiteSpace" : false
    }, {
      "id" : "s1-t14",
      "begin" : 85,
      "end" : 86,
      "text" : ".",
      "whiteSpace" : false
    } ]
  }, {
    "id" : "s2",
    "begin" : 87,
    "end" : 150,
    "text" : "71, incisos I e VI, da Lei Orgânica do Município, RESOLVE: Art.",
    "tokens" : [ {
      "id" : "s2-t0",
      "begin" : 87,
      "end" : 89,
      "text" : "71",
      "whiteSpace" : false
    }, {
      "id" : "s2-t1",
      "begin" : 89,
      "end" : 90,
      "text" : ",",
      "whiteSpace" : false
    }, {
      "id" : "s2-t2",
      "begin" : 91,
      "end" : 98,
      "text" : "incisos",
      "whiteSpace" : false
    }, {
      "id" : "s2-t3",
      "begin" : 99,
      "end" : 100,
      "text" : "I",
      "whiteSpace" : false
    }, {
      "id" : "s2-t4",
      "begin" : 101,
      "end" : 102,
      "text" : "e",
      "whiteSpace" : false
    }, {
      "id" : "s2-t5",
      "begin" : 103,
      "end" : 105,
      "text" : "VI",
      "whiteSpace" : false
    }, {
      "id" : "s2-t6",
      "begin" : 105,
      "end" : 106,
      "text" : ",",
      "whiteSpace" : false
    }, {
      "id" : "s2-t7",
      "begin" : 107,
      "end" : 109,
      "text" : "da",
      "whiteSpace" : false
    }, {
      "id" : "s2-t8",
      "begin" : 110,
      "end" : 113,
      "text" : "Lei",
      "whiteSpace" : false
    }, {
      "id" : "s2-t9",
      "begin" : 114,
      "end" : 122,
      "text" : "Orgânica",
      "whiteSpace" : false
    }, {
      "id" : "s2-t10",
      "begin" : 123,
      "end" : 125,
      "text" : "do",
      "whiteSpace" : false
    }, {
      "id" : "s2-t11",
      "begin" : 126,
      "end" : 135,
      "text" : "Município",
      "whiteSpace" : false
    }, {
      "id" : "s2-t12",
      "begin" : 135,
      "end" : 136,
      "text" : ",",
      "whiteSpace" : false
    }, {
      "id" : "s2-t13",
      "begin" : 137,
      "end" : 144,
      "text" : "RESOLVE",
      "whiteSpace" : false
    }, {
      "id" : "s2-t14",
      "begin" : 144,
      "end" : 145,
      "text" : ":",
      "whiteSpace" : false
    }, {
      "id" : "s2-t15",
      "begin" : 146,
      "end" : 149,
      "text" : "Art",
      "whiteSpace" : false
    }, {
      "id" : "s2-t16",
      "begin" : 149,
      "end" : 150,
      "text" : ".",
      "whiteSpace" : false
    } ]
  }, {
    "id" : "s3",
    "begin" : 151,
    "end" : 297,
    "text" : "1° É nomeado ONOEL SALES RAMOS no cargo de Assistente de Gabinete II - DAS-9, na Secretaria Municipal da Saúde, a partir de 9 de dezembro de 2021.",
    "tokens" : [ {
      "id" : "s3-t0",
      "begin" : 151,
      "end" : 152,
      "text" : "1",
      "whiteSpace" : false
    }, {
      "id" : "s3-t1",
      "begin" : 152,
      "end" : 153,
      "text" : "°",
      "whiteSpace" : false
    }, {
      "id" : "s3-t2",
      "begin" : 154,
      "end" : 155,
      "text" : "É",
      "whiteSpace" : false
    }, {
      "id" : "s3-t3",
      "begin" : 156,
      "end" : 163,
      "text" : "nomeado",
      "whiteSpace" : false
    }, {
      "id" : "s3-t4",
      "begin" : 164,
      "end" : 169,
      "text" : "ONOEL",
      "whiteSpace" : false
    }, {
      "id" : "s3-t5",
      "begin" : 170,
      "end" : 175,
      "text" : "SALES",
      "whiteSpace" : false
    }, {
      "id" : "s3-t6",
      "begin" : 176,
      "end" : 181,
      "text" : "RAMOS",
      "whiteSpace" : false
    }, {
      "id" : "s3-t7",
      "begin" : 182,
      "end" : 184,
      "text" : "no",
      "whiteSpace" : false
    }, {
      "id" : "s3-t8",
      "begin" : 185,
      "end" : 190,
      "text" : "cargo",
      "whiteSpace" : false
    }, {
      "id" : "s3-t9",
      "begin" : 191,
      "end" : 193,
      "text" : "de",
      "whiteSpace" : false
    }, {
      "id" : "s3-t10",
      "begin" : 194,
      "end" : 204,
      "text" : "Assistente",
      "whiteSpace" : false
    }, {
      "id" : "s3-t11",
      "begin" : 205,
      "end" : 207,
      "text" : "de",
      "whiteSpace" : false
    }, {
      "id" : "s3-t12",
      "begin" : 208,
      "end" : 216,
      "text" : "Gabinete",
      "whiteSpace" : false
    }, {
      "id" : "s3-t13",
      "begin" : 217,
      "end" : 219,
      "text" : "II",
      "whiteSpace" : false
    }, {
      "id" : "s3-t14",
      "begin" : 220,
      "end" : 221,
      "text" : "-",
      "whiteSpace" : false
    }, {
      "id" : "s3-t15",
      "begin" : 222,
      "end" : 227,
      "text" : "DAS-9",
      "whiteSpace" : false
    }, {
      "id" : "s3-t16",
      "begin" : 227,
      "end" : 228,
      "text" : ",",
      "whiteSpace" : false
    }, {
      "id" : "s3-t17",
      "begin" : 229,
      "end" : 231,
      "text" : "na",
      "whiteSpace" : false
    }, {
      "id" : "s3-t18",
      "begin" : 232,
      "end" : 242,
      "text" : "Secretaria",
      "whiteSpace" : false
    }, {
      "id" : "s3-t19",
      "begin" : 243,
      "end" : 252,
      "text" : "Municipal",
      "whiteSpace" : false
    }, {
      "id" : "s3-t20",
      "begin" : 253,
      "end" : 255,
      "text" : "da",
      "whiteSpace" : false
    }, {
      "id" : "s3-t21",
      "begin" : 256,
      "end" : 261,
      "text" : "Saúde",
      "whiteSpace" : false
    }, {
      "id" : "s3-t22",
      "begin" : 261,
      "end" : 262,
      "text" : ",",
      "whiteSpace" : false
    }, {
      "id" : "s3-t23",
      "begin" : 263,
      "end" : 264,
      "text" : "a",
      "whiteSpace" : false
    }, {
      "id" : "s3-t24",
      "begin" : 265,
      "end" : 271,
      "text" : "partir",
      "whiteSpace" : false
    }, {
      "id" : "s3-t25",
      "begin" : 272,
      "end" : 274,
      "text" : "de",
      "whiteSpace" : false
    }, {
      "id" : "s3-t26",
      "begin" : 275,
      "end" : 276,
      "text" : "9",
      "whiteSpace" : false
    }, {
      "id" : "s3-t27",
      "begin" : 277,
      "end" : 279,
      "text" : "de",
      "whiteSpace" : false
    }, {
      "id" : "s3-t28",
      "begin" : 280,
      "end" : 288,
      "text" : "dezembro",
      "whiteSpace" : false
    }, {
      "id" : "s3-t29",
      "begin" : 289,
      "end" : 291,
      "text" : "de",
      "whiteSpace" : false
    }, {
      "id" : "s3-t30",
      "begin" : 292,
      "end" : 296,
      "text" : "2021",
      "whiteSpace" : false
    }, {
      "id" : "s3-t31",
      "begin" : 296,
      "end" : 297,
      "text" : ".",
      "whiteSpace" : false
    } ]
  }, {
    "id" : "s4",
    "begin" : 298,
    "end" : 302,
    "text" : "Art.",
    "tokens" : [ {
      "id" : "s4-t0",
      "begin" : 298,
      "end" : 301,
      "text" : "Art",
      "whiteSpace" : false
    }, {
      "id" : "s4-t1",
      "begin" : 301,
      "end" : 302,
      "text" : ".",
      "whiteSpace" : false
    } ]
  }, {
    "id" : "s5",
    "begin" : 303,
    "end" : 356,
    "text" : "2º Este Ato entra em vigor na data de sua publicação.",
    "tokens" : [ {
      "id" : "s5-t0",
      "begin" : 303,
      "end" : 305,
      "text" : "2º",
      "whiteSpace" : false
    }, {
      "id" : "s5-t1",
      "begin" : 306,
      "end" : 310,
      "text" : "Este",
      "whiteSpace" : false
    }, {
      "id" : "s5-t2",
      "begin" : 311,
      "end" : 314,
      "text" : "Ato",
      "whiteSpace" : false
    }, {
      "id" : "s5-t3",
      "begin" : 315,
      "end" : 320,
      "text" : "entra",
      "whiteSpace" : false
    }, {
      "id" : "s5-t4",
      "begin" : 321,
      "end" : 323,
      "text" : "em",
      "whiteSpace" : false
    }, {
      "id" : "s5-t5",
      "begin" : 324,
      "end" : 329,
      "text" : "vigor",
      "whiteSpace" : false
    }, {
      "id" : "s5-t6",
      "begin" : 330,
      "end" : 332,
      "text" : "na",
      "whiteSpace" : false
    }, {
      "id" : "s5-t7",
      "begin" : 333,
      "end" : 337,
      "text" : "data",
      "whiteSpace" : false
    }, {
      "id" : "s5-t8",
      "begin" : 338,
      "end" : 340,
      "text" : "de",
      "whiteSpace" : false
    }, {
      "id" : "s5-t9",
      "begin" : 341,
      "end" : 344,
      "text" : "sua",
      "whiteSpace" : false
    }, {
      "id" : "s5-t10",
      "begin" : 345,
      "end" : 355,
      "text" : "publicação",
      "whiteSpace" : false
    }, {
      "id" : "s5-t11",
      "begin" : 355,
      "end" : 356,
      "text" : ".",
      "whiteSpace" : false
    } ]
  }, {
    "id" : "s6",
    "begin" : 357,
    "end" : 387,
    "text" : "Palmas, 8 de dezembro de 2021.",
    "tokens" : [ {
      "id" : "s6-t0",
      "begin" : 357,
      "end" : 363,
      "text" : "Palmas",
      "whiteSpace" : false
    }, {
      "id" : "s6-t1",
      "begin" : 363,
      "end" : 364,
      "text" : ",",
      "whiteSpace" : false
    }, {
      "id" : "s6-t2",
      "begin" : 365,
      "end" : 366,
      "text" : "8",
      "whiteSpace" : false
    }, {
      "id" : "s6-t3",
      "begin" : 367,
      "end" : 369,
      "text" : "de",
      "whiteSpace" : false
    }, {
      "id" : "s6-t4",
      "begin" : 370,
      "end" : 378,
      "text" : "dezembro",
      "whiteSpace" : false
    }, {
      "id" : "s6-t5",
      "begin" : 379,
      "end" : 381,
      "text" : "de",
      "whiteSpace" : false
    }, {
      "id" : "s6-t6",
      "begin" : 382,
      "end" : 386,
      "text" : "2021",
      "whiteSpace" : false
    }, {
      "id" : "s6-t7",
      "begin" : 386,
      "end" : 387,
      "text" : ".",
      "whiteSpace" : false
    } ]
  }, {
    "id" : "s7",
    "begin" : 388,
    "end" : 531,
    "text" : "CINTHIA ALVES CAETANO RIBEIRO Prefeita de Palmas Agostinho Araújo Rodrigues Júnior Secretário da Casa Civil do Município de Palmas ATO Nº 1.478",
    "tokens" : [ {
      "id" : "s7-t0",
      "begin" : 388,
      "end" : 395,
      "text" : "CINTHIA",
      "whiteSpace" : false
    }, {
      "id" : "s7-t1",
      "begin" : 396,
      "end" : 401,
      "text" : "ALVES",
      "whiteSpace" : false
    }, {
      "id" : "s7-t2",
      "begin" : 402,
      "end" : 409,
      "text" : "CAETANO",
      "whiteSpace" : false
    }, {
      "id" : "s7-t3",
      "begin" : 410,
      "end" : 417,
      "text" : "RIBEIRO",
      "whiteSpace" : false
    }, {
      "id" : "s7-t4",
      "begin" : 418,
      "end" : 426,
      "text" : "Prefeita",
      "whiteSpace" : false
    }, {
      "id" : "s7-t5",
      "begin" : 427,
      "end" : 429,
      "text" : "de",
      "whiteSpace" : false
    }, {
      "id" : "s7-t6",
      "begin" : 430,
      "end" : 436,
      "text" : "Palmas",
      "whiteSpace" : false
    }, {
      "id" : "s7-t7",
      "begin" : 437,
      "end" : 446,
      "text" : "Agostinho",
      "whiteSpace" : false
    }, {
      "id" : "s7-t8",
      "begin" : 447,
      "end" : 453,
      "text" : "Araújo",
      "whiteSpace" : false
    }, {
      "id" : "s7-t9",
      "begin" : 454,
      "end" : 463,
      "text" : "Rodrigues",
      "whiteSpace" : false
    }, {
      "id" : "s7-t10",
      "begin" : 464,
      "end" : 470,
      "text" : "Júnior",
      "whiteSpace" : false
    }, {
      "id" : "s7-t11",
      "begin" : 471,
      "end" : 481,
      "text" : "Secretário",
      "whiteSpace" : false
    }, {
      "id" : "s7-t12",
      "begin" : 482,
      "end" : 484,
      "text" : "da",
      "whiteSpace" : false
    }, {
      "id" : "s7-t13",
      "begin" : 485,
      "end" : 489,
      "text" : "Casa",
      "whiteSpace" : false
    }, {
      "id" : "s7-t14",
      "begin" : 490,
      "end" : 495,
      "text" : "Civil",
      "whiteSpace" : false
    }, {
      "id" : "s7-t15",
      "begin" : 496,
      "end" : 498,
      "text" : "do",
      "whiteSpace" : false
    }, {
      "id" : "s7-t16",
      "begin" : 499,
      "end" : 508,
      "text" : "Município",
      "whiteSpace" : false
    }, {
      "id" : "s7-t17",
      "begin" : 509,
      "end" : 511,
      "text" : "de",
      "whiteSpace" : false
    }, {
      "id" : "s7-t18",
      "begin" : 512,
      "end" : 518,
      "text" : "Palmas",
      "whiteSpace" : false
    }, {
      "id" : "s7-t19",
      "begin" : 519,
      "end" : 522,
      "text" : "ATO",
      "whiteSpace" : false
    }, {
      "id" : "s7-t20",
      "begin" : 523,
      "end" : 525,
      "text" : "Nº",
      "whiteSpace" : false
    }, {
      "id" : "s7-t21",
      "begin" : 526,
      "end" : 531,
      "text" : "1.478",
      "whiteSpace" : false
    } ]
  } ],
  "mentions" : [ {
    "id" : "s0-m1",
    "properties" : {
      "SIRE_MENTION_ROLE" : "portaria",
      "SIRE_ENTITY_SUBTYPE" : "NONE",
      "SIRE_MENTION_TYPE" : "NONE",
      "SIRE_MENTION_CLASS" : "SPC"
    },
    "type" : "portaria",
    "begin" : 7,
    "end" : 12,
    "inCoref" : false
  }, {
    "id" : "s3-m1",
    "properties" : {
      "SIRE_MENTION_ROLE" : "ato",
      "SIRE_ENTITY_SUBTYPE" : "NONE",
      "SIRE_MENTION_TYPE" : "NONE",
      "SIRE_MENTION_CLASS" : "SPC"
    },
    "type" : "ato",
    "begin" : 156,
    "end" : 163,
    "inCoref" : false
  }, {
    "id" : "s3-m2",
    "properties" : {
      "SIRE_MENTION_ROLE" : "nome",
      "SIRE_ENTITY_SUBTYPE" : "NONE",
      "SIRE_MENTION_TYPE" : "NONE",
      "SIRE_MENTION_CLASS" : "SPC"
    },
    "type" : "nome",
    "begin" : 164,
    "end" : 181,
    "inCoref" : false
  }, {
    "id" : "s3-m3",
    "properties" : {
      "SIRE_MENTION_ROLE" : "cargo",
      "SIRE_ENTITY_SUBTYPE" : "NONE",
      "SIRE_MENTION_TYPE" : "NONE",
      "SIRE_MENTION_CLASS" : "SPC"
    },
    "type" : "cargo",
    "begin" : 194,
    "end" : 219,
    "inCoref" : false
  }, {
    "id" : "s3-m4",
    "properties" : {
      "SIRE_MENTION_ROLE" : "dia",
      "SIRE_ENTITY_SUBTYPE" : "NONE",
      "SIRE_MENTION_TYPE" : "NONE",
      "SIRE_MENTION_CLASS" : "SPC"
    },
    "type" : "dia",
    "begin" : 275,
    "end" : 276,
    "inCoref" : false
  }, {
    "id" : "s3-m5",
    "properties" : {
      "SIRE_MENTION_ROLE" : "mes",
      "SIRE_ENTITY_SUBTYPE" : "NONE",
      "SIRE_MENTION_TYPE" : "NONE",
      "SIRE_MENTION_CLASS" : "SPC"
    },
    "type" : "mes",
    "begin" : 280,
    "end" : 288,
    "inCoref" : false
  }, {
    "id" : "s3-m6",
    "properties" : {
      "SIRE_MENTION_ROLE" : "ano",
      "SIRE_ENTITY_SUBTYPE" : "NONE",
      "SIRE_MENTION_TYPE" : "NONE",
      "SIRE_MENTION_CLASS" : "SPC"
    },
    "type" : "ano",
    "begin" : 292,
    "end" : 296,
    "inCoref" : false
  } ],
  "relations" : [ ],
  "corefs" : [ ],
  "typeResolved" : true,
  "userResolved" : false
}