{
  "id" : "0197c570-6f60-11ec-8aab-63cd9c950ac0-1",
  "name" : "buffer_pal_nom_02.txt",
  "createdDate" : 0,
  "version" : 3,
  "text" : "ATO Nº 1.464 - NM. A PREFEITA DE PALMAS, no uso das atribuições que lhe confere o art. 71, incisos I e VI, da Lei Orgânica do Município, RESOLVE: Art. 1° É nomeada ISABELLA CARDOSO SANTA ROSA no cargo de Assistente de Gabinete II - DAS-9, na Secretaria Municipal de Comunicação, a partir de 3 de dezembro de 2021. Art. 2º Este Ato entra em vigor na data de sua publicação. Palmas, 2 de dezembro de 2021. CINTHIA ALVES CAETANO RIBEIRO Prefeita de Palmas Agostinho Araújo Rodrigues Júnior Secretário da Casa Civil do Município de Palmas ATO Nº 1.465. ",
  "docLength" : 0,
  "language" : "PT",
  "status" : "IN_PROGRESS",
  "modifiedDate" : 1641605974020,
  "documentSet" : [ ],
  "preannotation" : [ ],
  "sentences" : [ {
    "id" : "s0",
    "begin" : 0,
    "end" : 18,
    "text" : "ATO Nº 1.464 - NM.",
    "tokens" : [ {
      "id" : "s0-t0",
      "begin" : 0,
      "end" : 3,
      "text" : "ATO",
      "whiteSpace" : false
    }, {
      "id" : "s0-t1",
      "begin" : 4,
      "end" : 6,
      "text" : "Nº",
      "whiteSpace" : false
    }, {
      "id" : "s0-t2",
      "begin" : 7,
      "end" : 12,
      "text" : "1.464",
      "whiteSpace" : false
    }, {
      "id" : "s0-t3",
      "begin" : 13,
      "end" : 14,
      "text" : "-",
      "whiteSpace" : false
    }, {
      "id" : "s0-t4",
      "begin" : 15,
      "end" : 17,
      "text" : "NM",
      "whiteSpace" : false
    }, {
      "id" : "s0-t5",
      "begin" : 17,
      "end" : 18,
      "text" : ".",
      "whiteSpace" : false
    } ]
  }, {
    "id" : "s1",
    "begin" : 19,
    "end" : 86,
    "text" : "A PREFEITA DE PALMAS, no uso das atribuições que lhe confere o art.",
    "tokens" : [ {
      "id" : "s1-t0",
      "begin" : 19,
      "end" : 20,
      "text" : "A",
      "whiteSpace" : false
    }, {
      "id" : "s1-t1",
      "begin" : 21,
      "end" : 29,
      "text" : "PREFEITA",
      "whiteSpace" : false
    }, {
      "id" : "s1-t2",
      "begin" : 30,
      "end" : 32,
      "text" : "DE",
      "whiteSpace" : false
    }, {
      "id" : "s1-t3",
      "begin" : 33,
      "end" : 39,
      "text" : "PALMAS",
      "whiteSpace" : false
    }, {
      "id" : "s1-t4",
      "begin" : 39,
      "end" : 40,
      "text" : ",",
      "whiteSpace" : false
    }, {
      "id" : "s1-t5",
      "begin" : 41,
      "end" : 43,
      "text" : "no",
      "whiteSpace" : false
    }, {
      "id" : "s1-t6",
      "begin" : 44,
      "end" : 47,
      "text" : "uso",
      "whiteSpace" : false
    }, {
      "id" : "s1-t7",
      "begin" : 48,
      "end" : 51,
      "text" : "das",
      "whiteSpace" : false
    }, {
      "id" : "s1-t8",
      "begin" : 52,
      "end" : 63,
      "text" : "atribuições",
      "whiteSpace" : false
    }, {
      "id" : "s1-t9",
      "begin" : 64,
      "end" : 67,
      "text" : "que",
      "whiteSpace" : false
    }, {
      "id" : "s1-t10",
      "begin" : 68,
      "end" : 71,
      "text" : "lhe",
      "whiteSpace" : false
    }, {
      "id" : "s1-t11",
      "begin" : 72,
      "end" : 79,
      "text" : "confere",
      "whiteSpace" : false
    }, {
      "id" : "s1-t12",
      "begin" : 80,
      "end" : 81,
      "text" : "o",
      "whiteSpace" : false
    }, {
      "id" : "s1-t13",
      "begin" : 82,
      "end" : 85,
      "text" : "art",
      "whiteSpace" : false
    }, {
      "id" : "s1-t14",
      "begin" : 85,
      "end" : 86,
      "text" : ".",
      "whiteSpace" : false
    } ]
  }, {
    "id" : "s2",
    "begin" : 87,
    "end" : 150,
    "text" : "71, incisos I e VI, da Lei Orgânica do Município, RESOLVE: Art.",
    "tokens" : [ {
      "id" : "s2-t0",
      "begin" : 87,
      "end" : 89,
      "text" : "71",
      "whiteSpace" : false
    }, {
      "id" : "s2-t1",
      "begin" : 89,
      "end" : 90,
      "text" : ",",
      "whiteSpace" : false
    }, {
      "id" : "s2-t2",
      "begin" : 91,
      "end" : 98,
      "text" : "incisos",
      "whiteSpace" : false
    }, {
      "id" : "s2-t3",
      "begin" : 99,
      "end" : 100,
      "text" : "I",
      "whiteSpace" : false
    }, {
      "id" : "s2-t4",
      "begin" : 101,
      "end" : 102,
      "text" : "e",
      "whiteSpace" : false
    }, {
      "id" : "s2-t5",
      "begin" : 103,
      "end" : 105,
      "text" : "VI",
      "whiteSpace" : false
    }, {
      "id" : "s2-t6",
      "begin" : 105,
      "end" : 106,
      "text" : ",",
      "whiteSpace" : false
    }, {
      "id" : "s2-t7",
      "begin" : 107,
      "end" : 109,
      "text" : "da",
      "whiteSpace" : false
    }, {
      "id" : "s2-t8",
      "begin" : 110,
      "end" : 113,
      "text" : "Lei",
      "whiteSpace" : false
    }, {
      "id" : "s2-t9",
      "begin" : 114,
      "end" : 122,
      "text" : "Orgânica",
      "whiteSpace" : false
    }, {
      "id" : "s2-t10",
      "begin" : 123,
      "end" : 125,
      "text" : "do",
      "whiteSpace" : false
    }, {
      "id" : "s2-t11",
      "begin" : 126,
      "end" : 135,
      "text" : "Município",
      "whiteSpace" : false
    }, {
      "id" : "s2-t12",
      "begin" : 135,
      "end" : 136,
      "text" : ",",
      "whiteSpace" : false
    }, {
      "id" : "s2-t13",
      "begin" : 137,
      "end" : 144,
      "text" : "RESOLVE",
      "whiteSpace" : false
    }, {
      "id" : "s2-t14",
      "begin" : 144,
      "end" : 145,
      "text" : ":",
      "whiteSpace" : false
    }, {
      "id" : "s2-t15",
      "begin" : 146,
      "end" : 149,
      "text" : "Art",
      "whiteSpace" : false
    }, {
      "id" : "s2-t16",
      "begin" : 149,
      "end" : 150,
      "text" : ".",
      "whiteSpace" : false
    } ]
  }, {
    "id" : "s3",
    "begin" : 151,
    "end" : 313,
    "text" : "1° É nomeada ISABELLA CARDOSO SANTA ROSA no cargo de Assistente de Gabinete II - DAS-9, na Secretaria Municipal de Comunicação, a partir de 3 de dezembro de 2021.",
    "tokens" : [ {
      "id" : "s3-t0",
      "begin" : 151,
      "end" : 152,
      "text" : "1",
      "whiteSpace" : false
    }, {
      "id" : "s3-t1",
      "begin" : 152,
      "end" : 153,
      "text" : "°",
      "whiteSpace" : false
    }, {
      "id" : "s3-t2",
      "begin" : 154,
      "end" : 155,
      "text" : "É",
      "whiteSpace" : false
    }, {
      "id" : "s3-t3",
      "begin" : 156,
      "end" : 163,
      "text" : "nomeada",
      "whiteSpace" : false
    }, {
      "id" : "s3-t4",
      "begin" : 164,
      "end" : 172,
      "text" : "ISABELLA",
      "whiteSpace" : false
    }, {
      "id" : "s3-t5",
      "begin" : 173,
      "end" : 180,
      "text" : "CARDOSO",
      "whiteSpace" : false
    }, {
      "id" : "s3-t6",
      "begin" : 181,
      "end" : 186,
      "text" : "SANTA",
      "whiteSpace" : false
    }, {
      "id" : "s3-t7",
      "begin" : 187,
      "end" : 191,
      "text" : "ROSA",
      "whiteSpace" : false
    }, {
      "id" : "s3-t8",
      "begin" : 192,
      "end" : 194,
      "text" : "no",
      "whiteSpace" : false
    }, {
      "id" : "s3-t9",
      "begin" : 195,
      "end" : 200,
      "text" : "cargo",
      "whiteSpace" : false
    }, {
      "id" : "s3-t10",
      "begin" : 201,
      "end" : 203,
      "text" : "de",
      "whiteSpace" : false
    }, {
      "id" : "s3-t11",
      "begin" : 204,
      "end" : 214,
      "text" : "Assistente",
      "whiteSpace" : false
    }, {
      "id" : "s3-t12",
      "begin" : 215,
      "end" : 217,
      "text" : "de",
      "whiteSpace" : false
    }, {
      "id" : "s3-t13",
      "begin" : 218,
      "end" : 226,
      "text" : "Gabinete",
      "whiteSpace" : false
    }, {
      "id" : "s3-t14",
      "begin" : 227,
      "end" : 229,
      "text" : "II",
      "whiteSpace" : false
    }, {
      "id" : "s3-t15",
      "begin" : 230,
      "end" : 231,
      "text" : "-",
      "whiteSpace" : false
    }, {
      "id" : "s3-t16",
      "begin" : 232,
      "end" : 237,
      "text" : "DAS-9",
      "whiteSpace" : false
    }, {
      "id" : "s3-t17",
      "begin" : 237,
      "end" : 238,
      "text" : ",",
      "whiteSpace" : false
    }, {
      "id" : "s3-t18",
      "begin" : 239,
      "end" : 241,
      "text" : "na",
      "whiteSpace" : false
    }, {
      "id" : "s3-t19",
      "begin" : 242,
      "end" : 252,
      "text" : "Secretaria",
      "whiteSpace" : false
    }, {
      "id" : "s3-t20",
      "begin" : 253,
      "end" : 262,
      "text" : "Municipal",
      "whiteSpace" : false
    }, {
      "id" : "s3-t21",
      "begin" : 263,
      "end" : 265,
      "text" : "de",
      "whiteSpace" : false
    }, {
      "id" : "s3-t22",
      "begin" : 266,
      "end" : 277,
      "text" : "Comunicação",
      "whiteSpace" : false
    }, {
      "id" : "s3-t23",
      "begin" : 277,
      "end" : 278,
      "text" : ",",
      "whiteSpace" : false
    }, {
      "id" : "s3-t24",
      "begin" : 279,
      "end" : 280,
      "text" : "a",
      "whiteSpace" : false
    }, {
      "id" : "s3-t25",
      "begin" : 281,
      "end" : 287,
      "text" : "partir",
      "whiteSpace" : false
    }, {
      "id" : "s3-t26",
      "begin" : 288,
      "end" : 290,
      "text" : "de",
      "whiteSpace" : false
    }, {
      "id" : "s3-t27",
      "begin" : 291,
      "end" : 292,
      "text" : "3",
      "whiteSpace" : false
    }, {
      "id" : "s3-t28",
      "begin" : 293,
      "end" : 295,
      "text" : "de",
      "whiteSpace" : false
    }, {
      "id" : "s3-t29",
      "begin" : 296,
      "end" : 304,
      "text" : "dezembro",
      "whiteSpace" : false
    }, {
      "id" : "s3-t30",
      "begin" : 305,
      "end" : 307,
      "text" : "de",
      "whiteSpace" : false
    }, {
      "id" : "s3-t31",
      "begin" : 308,
      "end" : 312,
      "text" : "2021",
      "whiteSpace" : false
    }, {
      "id" : "s3-t32",
      "begin" : 312,
      "end" : 313,
      "text" : ".",
      "whiteSpace" : false
    } ]
  }, {
    "id" : "s4",
    "begin" : 314,
    "end" : 318,
    "text" : "Art.",
    "tokens" : [ {
      "id" : "s4-t0",
      "begin" : 314,
      "end" : 317,
      "text" : "Art",
      "whiteSpace" : false
    }, {
      "id" : "s4-t1",
      "begin" : 317,
      "end" : 318,
      "text" : ".",
      "whiteSpace" : false
    } ]
  }, {
    "id" : "s5",
    "begin" : 319,
    "end" : 372,
    "text" : "2º Este Ato entra em vigor na data de sua publicação.",
    "tokens" : [ {
      "id" : "s5-t0",
      "begin" : 319,
      "end" : 321,
      "text" : "2º",
      "whiteSpace" : false
    }, {
      "id" : "s5-t1",
      "begin" : 322,
      "end" : 326,
      "text" : "Este",
      "whiteSpace" : false
    }, {
      "id" : "s5-t2",
      "begin" : 327,
      "end" : 330,
      "text" : "Ato",
      "whiteSpace" : false
    }, {
      "id" : "s5-t3",
      "begin" : 331,
      "end" : 336,
      "text" : "entra",
      "whiteSpace" : false
    }, {
      "id" : "s5-t4",
      "begin" : 337,
      "end" : 339,
      "text" : "em",
      "whiteSpace" : false
    }, {
      "id" : "s5-t5",
      "begin" : 340,
      "end" : 345,
      "text" : "vigor",
      "whiteSpace" : false
    }, {
      "id" : "s5-t6",
      "begin" : 346,
      "end" : 348,
      "text" : "na",
      "whiteSpace" : false
    }, {
      "id" : "s5-t7",
      "begin" : 349,
      "end" : 353,
      "text" : "data",
      "whiteSpace" : false
    }, {
      "id" : "s5-t8",
      "begin" : 354,
      "end" : 356,
      "text" : "de",
      "whiteSpace" : false
    }, {
      "id" : "s5-t9",
      "begin" : 357,
      "end" : 360,
      "text" : "sua",
      "whiteSpace" : false
    }, {
      "id" : "s5-t10",
      "begin" : 361,
      "end" : 371,
      "text" : "publicação",
      "whiteSpace" : false
    }, {
      "id" : "s5-t11",
      "begin" : 371,
      "end" : 372,
      "text" : ".",
      "whiteSpace" : false
    } ]
  }, {
    "id" : "s6",
    "begin" : 373,
    "end" : 403,
    "text" : "Palmas, 2 de dezembro de 2021.",
    "tokens" : [ {
      "id" : "s6-t0",
      "begin" : 373,
      "end" : 379,
      "text" : "Palmas",
      "whiteSpace" : false
    }, {
      "id" : "s6-t1",
      "begin" : 379,
      "end" : 380,
      "text" : ",",
      "whiteSpace" : false
    }, {
      "id" : "s6-t2",
      "begin" : 381,
      "end" : 382,
      "text" : "2",
      "whiteSpace" : false
    }, {
      "id" : "s6-t3",
      "begin" : 383,
      "end" : 385,
      "text" : "de",
      "whiteSpace" : false
    }, {
      "id" : "s6-t4",
      "begin" : 386,
      "end" : 394,
      "text" : "dezembro",
      "whiteSpace" : false
    }, {
      "id" : "s6-t5",
      "begin" : 395,
      "end" : 397,
      "text" : "de",
      "whiteSpace" : false
    }, {
      "id" : "s6-t6",
      "begin" : 398,
      "end" : 402,
      "text" : "2021",
      "whiteSpace" : false
    }, {
      "id" : "s6-t7",
      "begin" : 402,
      "end" : 403,
      "text" : ".",
      "whiteSpace" : false
    } ]
  }, {
    "id" : "s7",
    "begin" : 404,
    "end" : 548,
    "text" : "CINTHIA ALVES CAETANO RIBEIRO Prefeita de Palmas Agostinho Araújo Rodrigues Júnior Secretário da Casa Civil do Município de Palmas ATO Nº 1.465.",
    "tokens" : [ {
      "id" : "s7-t0",
      "begin" : 404,
      "end" : 411,
      "text" : "CINTHIA",
      "whiteSpace" : false
    }, {
      "id" : "s7-t1",
      "begin" : 412,
      "end" : 417,
      "text" : "ALVES",
      "whiteSpace" : false
    }, {
      "id" : "s7-t2",
      "begin" : 418,
      "end" : 425,
      "text" : "CAETANO",
      "whiteSpace" : false
    }, {
      "id" : "s7-t3",
      "begin" : 426,
      "end" : 433,
      "text" : "RIBEIRO",
      "whiteSpace" : false
    }, {
      "id" : "s7-t4",
      "begin" : 434,
      "end" : 442,
      "text" : "Prefeita",
      "whiteSpace" : false
    }, {
      "id" : "s7-t5",
      "begin" : 443,
      "end" : 445,
      "text" : "de",
      "whiteSpace" : false
    }, {
      "id" : "s7-t6",
      "begin" : 446,
      "end" : 452,
      "text" : "Palmas",
      "whiteSpace" : false
    }, {
      "id" : "s7-t7",
      "begin" : 453,
      "end" : 462,
      "text" : "Agostinho",
      "whiteSpace" : false
    }, {
      "id" : "s7-t8",
      "begin" : 463,
      "end" : 469,
      "text" : "Araújo",
      "whiteSpace" : false
    }, {
      "id" : "s7-t9",
      "begin" : 470,
      "end" : 479,
      "text" : "Rodrigues",
      "whiteSpace" : false
    }, {
      "id" : "s7-t10",
      "begin" : 480,
      "end" : 486,
      "text" : "Júnior",
      "whiteSpace" : false
    }, {
      "id" : "s7-t11",
      "begin" : 487,
      "end" : 497,
      "text" : "Secretário",
      "whiteSpace" : false
    }, {
      "id" : "s7-t12",
      "begin" : 498,
      "end" : 500,
      "text" : "da",
      "whiteSpace" : false
    }, {
      "id" : "s7-t13",
      "begin" : 501,
      "end" : 505,
      "text" : "Casa",
      "whiteSpace" : false
    }, {
      "id" : "s7-t14",
      "begin" : 506,
      "end" : 511,
      "text" : "Civil",
      "whiteSpace" : false
    }, {
      "id" : "s7-t15",
      "begin" : 512,
      "end" : 514,
      "text" : "do",
      "whiteSpace" : false
    }, {
      "id" : "s7-t16",
      "begin" : 515,
      "end" : 524,
      "text" : "Município",
      "whiteSpace" : false
    }, {
      "id" : "s7-t17",
      "begin" : 525,
      "end" : 527,
      "text" : "de",
      "whiteSpace" : false
    }, {
      "id" : "s7-t18",
      "begin" : 528,
      "end" : 534,
      "text" : "Palmas",
      "whiteSpace" : false
    }, {
      "id" : "s7-t19",
      "begin" : 535,
      "end" : 538,
      "text" : "ATO",
      "whiteSpace" : false
    }, {
      "id" : "s7-t20",
      "begin" : 539,
      "end" : 541,
      "text" : "Nº",
      "whiteSpace" : false
    }, {
      "id" : "s7-t21",
      "begin" : 542,
      "end" : 547,
      "text" : "1.465",
      "whiteSpace" : false
    }, {
      "id" : "s7-t22",
      "begin" : 547,
      "end" : 548,
      "text" : ".",
      "whiteSpace" : false
    } ]
  } ],
  "mentions" : [ {
    "id" : "s0-m1",
    "properties" : {
      "SIRE_MENTION_ROLE" : "portaria",
      "SIRE_ENTITY_SUBTYPE" : "NONE",
      "SIRE_MENTION_TYPE" : "NONE",
      "SIRE_MENTION_CLASS" : "SPC"
    },
    "type" : "portaria",
    "begin" : 7,
    "end" : 12,
    "inCoref" : false
  }, {
    "id" : "s3-m1",
    "properties" : {
      "SIRE_MENTION_ROLE" : "ato",
      "SIRE_ENTITY_SUBTYPE" : "NONE",
      "SIRE_MENTION_TYPE" : "NONE",
      "SIRE_MENTION_CLASS" : "SPC"
    },
    "type" : "ato",
    "begin" : 156,
    "end" : 163,
    "inCoref" : false
  }, {
    "id" : "s3-m2",
    "properties" : {
      "SIRE_MENTION_ROLE" : "nome",
      "SIRE_ENTITY_SUBTYPE" : "NONE",
      "SIRE_MENTION_TYPE" : "NONE",
      "SIRE_MENTION_CLASS" : "SPC"
    },
    "type" : "nome",
    "begin" : 164,
    "end" : 191,
    "inCoref" : false
  }, {
    "id" : "s3-m3",
    "properties" : {
      "SIRE_MENTION_ROLE" : "cargo",
      "SIRE_ENTITY_SUBTYPE" : "NONE",
      "SIRE_MENTION_TYPE" : "NONE",
      "SIRE_MENTION_CLASS" : "SPC"
    },
    "type" : "cargo",
    "begin" : 204,
    "end" : 229,
    "inCoref" : false
  }, {
    "id" : "s3-m4",
    "properties" : {
      "SIRE_MENTION_ROLE" : "dia",
      "SIRE_ENTITY_SUBTYPE" : "NONE",
      "SIRE_MENTION_TYPE" : "NONE",
      "SIRE_MENTION_CLASS" : "SPC"
    },
    "type" : "dia",
    "begin" : 291,
    "end" : 292,
    "inCoref" : false
  }, {
    "id" : "s3-m5",
    "properties" : {
      "SIRE_MENTION_ROLE" : "mes",
      "SIRE_ENTITY_SUBTYPE" : "NONE",
      "SIRE_MENTION_TYPE" : "NONE",
      "SIRE_MENTION_CLASS" : "SPC"
    },
    "type" : "mes",
    "begin" : 296,
    "end" : 304,
    "inCoref" : false
  }, {
    "id" : "s3-m6",
    "properties" : {
      "SIRE_MENTION_ROLE" : "ano",
      "SIRE_ENTITY_SUBTYPE" : "NONE",
      "SIRE_MENTION_TYPE" : "NONE",
      "SIRE_MENTION_CLASS" : "SPC"
    },
    "type" : "ano",
    "begin" : 308,
    "end" : 312,
    "inCoref" : false
  } ],
  "relations" : [ ],
  "corefs" : [ ],
  "typeResolved" : true,
  "userResolved" : false
}