{
  "id" : "0197c570-6f60-11ec-8aab-63cd9c950ac0-9",
  "name" : "buffer_pal_nom_10.txt",
  "createdDate" : 0,
  "version" : 3,
  "text" : "ATO Nº 1.534 - NM. A PREFEITA DE PALMAS, no uso das atribuições que lhe confere o art. 71, incisos I e VI, da Lei Orgânica do Município, RESOLVE: Art. 1º É nomeada VANILA FERNANDA VERAS BARROS no cargo de Gerente de Promoção - DAS-7, na Agência de Turismo do Município de Palmas, a partir de 27 de dezembro de 2021. Art. 2º Este Ato entra em vigor na data de sua publicação. Palmas, 23 de dezembro de 2021. CINTHIA ALVES CAETANO RIBEIRO Prefeita de Palmas Agostinho Araújo Rodrigues Júnior Secretário da Casa Civil do Município de Palmas ",
  "docLength" : 0,
  "language" : "PT",
  "status" : "IN_PROGRESS",
  "modifiedDate" : 1641606226693,
  "documentSet" : [ ],
  "preannotation" : [ ],
  "sentences" : [ {
    "id" : "s0",
    "begin" : 0,
    "end" : 18,
    "text" : "ATO Nº 1.534 - NM.",
    "tokens" : [ {
      "id" : "s0-t0",
      "begin" : 0,
      "end" : 3,
      "text" : "ATO",
      "whiteSpace" : false
    }, {
      "id" : "s0-t1",
      "begin" : 4,
      "end" : 6,
      "text" : "Nº",
      "whiteSpace" : false
    }, {
      "id" : "s0-t2",
      "begin" : 7,
      "end" : 12,
      "text" : "1.534",
      "whiteSpace" : false
    }, {
      "id" : "s0-t3",
      "begin" : 13,
      "end" : 14,
      "text" : "-",
      "whiteSpace" : false
    }, {
      "id" : "s0-t4",
      "begin" : 15,
      "end" : 17,
      "text" : "NM",
      "whiteSpace" : false
    }, {
      "id" : "s0-t5",
      "begin" : 17,
      "end" : 18,
      "text" : ".",
      "whiteSpace" : false
    } ]
  }, {
    "id" : "s1",
    "begin" : 19,
    "end" : 86,
    "text" : "A PREFEITA DE PALMAS, no uso das atribuições que lhe confere o art.",
    "tokens" : [ {
      "id" : "s1-t0",
      "begin" : 19,
      "end" : 20,
      "text" : "A",
      "whiteSpace" : false
    }, {
      "id" : "s1-t1",
      "begin" : 21,
      "end" : 29,
      "text" : "PREFEITA",
      "whiteSpace" : false
    }, {
      "id" : "s1-t2",
      "begin" : 30,
      "end" : 32,
      "text" : "DE",
      "whiteSpace" : false
    }, {
      "id" : "s1-t3",
      "begin" : 33,
      "end" : 39,
      "text" : "PALMAS",
      "whiteSpace" : false
    }, {
      "id" : "s1-t4",
      "begin" : 39,
      "end" : 40,
      "text" : ",",
      "whiteSpace" : false
    }, {
      "id" : "s1-t5",
      "begin" : 41,
      "end" : 43,
      "text" : "no",
      "whiteSpace" : false
    }, {
      "id" : "s1-t6",
      "begin" : 44,
      "end" : 47,
      "text" : "uso",
      "whiteSpace" : false
    }, {
      "id" : "s1-t7",
      "begin" : 48,
      "end" : 51,
      "text" : "das",
      "whiteSpace" : false
    }, {
      "id" : "s1-t8",
      "begin" : 52,
      "end" : 63,
      "text" : "atribuições",
      "whiteSpace" : false
    }, {
      "id" : "s1-t9",
      "begin" : 64,
      "end" : 67,
      "text" : "que",
      "whiteSpace" : false
    }, {
      "id" : "s1-t10",
      "begin" : 68,
      "end" : 71,
      "text" : "lhe",
      "whiteSpace" : false
    }, {
      "id" : "s1-t11",
      "begin" : 72,
      "end" : 79,
      "text" : "confere",
      "whiteSpace" : false
    }, {
      "id" : "s1-t12",
      "begin" : 80,
      "end" : 81,
      "text" : "o",
      "whiteSpace" : false
    }, {
      "id" : "s1-t13",
      "begin" : 82,
      "end" : 85,
      "text" : "art",
      "whiteSpace" : false
    }, {
      "id" : "s1-t14",
      "begin" : 85,
      "end" : 86,
      "text" : ".",
      "whiteSpace" : false
    } ]
  }, {
    "id" : "s2",
    "begin" : 87,
    "end" : 150,
    "text" : "71, incisos I e VI, da Lei Orgânica do Município, RESOLVE: Art.",
    "tokens" : [ {
      "id" : "s2-t0",
      "begin" : 87,
      "end" : 89,
      "text" : "71",
      "whiteSpace" : false
    }, {
      "id" : "s2-t1",
      "begin" : 89,
      "end" : 90,
      "text" : ",",
      "whiteSpace" : false
    }, {
      "id" : "s2-t2",
      "begin" : 91,
      "end" : 98,
      "text" : "incisos",
      "whiteSpace" : false
    }, {
      "id" : "s2-t3",
      "begin" : 99,
      "end" : 100,
      "text" : "I",
      "whiteSpace" : false
    }, {
      "id" : "s2-t4",
      "begin" : 101,
      "end" : 102,
      "text" : "e",
      "whiteSpace" : false
    }, {
      "id" : "s2-t5",
      "begin" : 103,
      "end" : 105,
      "text" : "VI",
      "whiteSpace" : false
    }, {
      "id" : "s2-t6",
      "begin" : 105,
      "end" : 106,
      "text" : ",",
      "whiteSpace" : false
    }, {
      "id" : "s2-t7",
      "begin" : 107,
      "end" : 109,
      "text" : "da",
      "whiteSpace" : false
    }, {
      "id" : "s2-t8",
      "begin" : 110,
      "end" : 113,
      "text" : "Lei",
      "whiteSpace" : false
    }, {
      "id" : "s2-t9",
      "begin" : 114,
      "end" : 122,
      "text" : "Orgânica",
      "whiteSpace" : false
    }, {
      "id" : "s2-t10",
      "begin" : 123,
      "end" : 125,
      "text" : "do",
      "whiteSpace" : false
    }, {
      "id" : "s2-t11",
      "begin" : 126,
      "end" : 135,
      "text" : "Município",
      "whiteSpace" : false
    }, {
      "id" : "s2-t12",
      "begin" : 135,
      "end" : 136,
      "text" : ",",
      "whiteSpace" : false
    }, {
      "id" : "s2-t13",
      "begin" : 137,
      "end" : 144,
      "text" : "RESOLVE",
      "whiteSpace" : false
    }, {
      "id" : "s2-t14",
      "begin" : 144,
      "end" : 145,
      "text" : ":",
      "whiteSpace" : false
    }, {
      "id" : "s2-t15",
      "begin" : 146,
      "end" : 149,
      "text" : "Art",
      "whiteSpace" : false
    }, {
      "id" : "s2-t16",
      "begin" : 149,
      "end" : 150,
      "text" : ".",
      "whiteSpace" : false
    } ]
  }, {
    "id" : "s3",
    "begin" : 151,
    "end" : 315,
    "text" : "1º É nomeada VANILA FERNANDA VERAS BARROS no cargo de Gerente de Promoção - DAS-7, na Agência de Turismo do Município de Palmas, a partir de 27 de dezembro de 2021.",
    "tokens" : [ {
      "id" : "s3-t0",
      "begin" : 151,
      "end" : 153,
      "text" : "1º",
      "whiteSpace" : false
    }, {
      "id" : "s3-t1",
      "begin" : 154,
      "end" : 155,
      "text" : "É",
      "whiteSpace" : false
    }, {
      "id" : "s3-t2",
      "begin" : 156,
      "end" : 163,
      "text" : "nomeada",
      "whiteSpace" : false
    }, {
      "id" : "s3-t3",
      "begin" : 164,
      "end" : 170,
      "text" : "VANILA",
      "whiteSpace" : false
    }, {
      "id" : "s3-t4",
      "begin" : 171,
      "end" : 179,
      "text" : "FERNANDA",
      "whiteSpace" : false
    }, {
      "id" : "s3-t5",
      "begin" : 180,
      "end" : 185,
      "text" : "VERAS",
      "whiteSpace" : false
    }, {
      "id" : "s3-t6",
      "begin" : 186,
      "end" : 192,
      "text" : "BARROS",
      "whiteSpace" : false
    }, {
      "id" : "s3-t7",
      "begin" : 193,
      "end" : 195,
      "text" : "no",
      "whiteSpace" : false
    }, {
      "id" : "s3-t8",
      "begin" : 196,
      "end" : 201,
      "text" : "cargo",
      "whiteSpace" : false
    }, {
      "id" : "s3-t9",
      "begin" : 202,
      "end" : 204,
      "text" : "de",
      "whiteSpace" : false
    }, {
      "id" : "s3-t10",
      "begin" : 205,
      "end" : 212,
      "text" : "Gerente",
      "whiteSpace" : false
    }, {
      "id" : "s3-t11",
      "begin" : 213,
      "end" : 215,
      "text" : "de",
      "whiteSpace" : false
    }, {
      "id" : "s3-t12",
      "begin" : 216,
      "end" : 224,
      "text" : "Promoção",
      "whiteSpace" : false
    }, {
      "id" : "s3-t13",
      "begin" : 225,
      "end" : 226,
      "text" : "-",
      "whiteSpace" : false
    }, {
      "id" : "s3-t14",
      "begin" : 227,
      "end" : 232,
      "text" : "DAS-7",
      "whiteSpace" : false
    }, {
      "id" : "s3-t15",
      "begin" : 232,
      "end" : 233,
      "text" : ",",
      "whiteSpace" : false
    }, {
      "id" : "s3-t16",
      "begin" : 234,
      "end" : 236,
      "text" : "na",
      "whiteSpace" : false
    }, {
      "id" : "s3-t17",
      "begin" : 237,
      "end" : 244,
      "text" : "Agência",
      "whiteSpace" : false
    }, {
      "id" : "s3-t18",
      "begin" : 245,
      "end" : 247,
      "text" : "de",
      "whiteSpace" : false
    }, {
      "id" : "s3-t19",
      "begin" : 248,
      "end" : 255,
      "text" : "Turismo",
      "whiteSpace" : false
    }, {
      "id" : "s3-t20",
      "begin" : 256,
      "end" : 258,
      "text" : "do",
      "whiteSpace" : false
    }, {
      "id" : "s3-t21",
      "begin" : 259,
      "end" : 268,
      "text" : "Município",
      "whiteSpace" : false
    }, {
      "id" : "s3-t22",
      "begin" : 269,
      "end" : 271,
      "text" : "de",
      "whiteSpace" : false
    }, {
      "id" : "s3-t23",
      "begin" : 272,
      "end" : 278,
      "text" : "Palmas",
      "whiteSpace" : false
    }, {
      "id" : "s3-t24",
      "begin" : 278,
      "end" : 279,
      "text" : ",",
      "whiteSpace" : false
    }, {
      "id" : "s3-t25",
      "begin" : 280,
      "end" : 281,
      "text" : "a",
      "whiteSpace" : false
    }, {
      "id" : "s3-t26",
      "begin" : 282,
      "end" : 288,
      "text" : "partir",
      "whiteSpace" : false
    }, {
      "id" : "s3-t27",
      "begin" : 289,
      "end" : 291,
      "text" : "de",
      "whiteSpace" : false
    }, {
      "id" : "s3-t28",
      "begin" : 292,
      "end" : 294,
      "text" : "27",
      "whiteSpace" : false
    }, {
      "id" : "s3-t29",
      "begin" : 295,
      "end" : 297,
      "text" : "de",
      "whiteSpace" : false
    }, {
      "id" : "s3-t30",
      "begin" : 298,
      "end" : 306,
      "text" : "dezembro",
      "whiteSpace" : false
    }, {
      "id" : "s3-t31",
      "begin" : 307,
      "end" : 309,
      "text" : "de",
      "whiteSpace" : false
    }, {
      "id" : "s3-t32",
      "begin" : 310,
      "end" : 314,
      "text" : "2021",
      "whiteSpace" : false
    }, {
      "id" : "s3-t33",
      "begin" : 314,
      "end" : 315,
      "text" : ".",
      "whiteSpace" : false
    } ]
  }, {
    "id" : "s4",
    "begin" : 316,
    "end" : 320,
    "text" : "Art.",
    "tokens" : [ {
      "id" : "s4-t0",
      "begin" : 316,
      "end" : 319,
      "text" : "Art",
      "whiteSpace" : false
    }, {
      "id" : "s4-t1",
      "begin" : 319,
      "end" : 320,
      "text" : ".",
      "whiteSpace" : false
    } ]
  }, {
    "id" : "s5",
    "begin" : 321,
    "end" : 374,
    "text" : "2º Este Ato entra em vigor na data de sua publicação.",
    "tokens" : [ {
      "id" : "s5-t0",
      "begin" : 321,
      "end" : 323,
      "text" : "2º",
      "whiteSpace" : false
    }, {
      "id" : "s5-t1",
      "begin" : 324,
      "end" : 328,
      "text" : "Este",
      "whiteSpace" : false
    }, {
      "id" : "s5-t2",
      "begin" : 329,
      "end" : 332,
      "text" : "Ato",
      "whiteSpace" : false
    }, {
      "id" : "s5-t3",
      "begin" : 333,
      "end" : 338,
      "text" : "entra",
      "whiteSpace" : false
    }, {
      "id" : "s5-t4",
      "begin" : 339,
      "end" : 341,
      "text" : "em",
      "whiteSpace" : false
    }, {
      "id" : "s5-t5",
      "begin" : 342,
      "end" : 347,
      "text" : "vigor",
      "whiteSpace" : false
    }, {
      "id" : "s5-t6",
      "begin" : 348,
      "end" : 350,
      "text" : "na",
      "whiteSpace" : false
    }, {
      "id" : "s5-t7",
      "begin" : 351,
      "end" : 355,
      "text" : "data",
      "whiteSpace" : false
    }, {
      "id" : "s5-t8",
      "begin" : 356,
      "end" : 358,
      "text" : "de",
      "whiteSpace" : false
    }, {
      "id" : "s5-t9",
      "begin" : 359,
      "end" : 362,
      "text" : "sua",
      "whiteSpace" : false
    }, {
      "id" : "s5-t10",
      "begin" : 363,
      "end" : 373,
      "text" : "publicação",
      "whiteSpace" : false
    }, {
      "id" : "s5-t11",
      "begin" : 373,
      "end" : 374,
      "text" : ".",
      "whiteSpace" : false
    } ]
  }, {
    "id" : "s6",
    "begin" : 375,
    "end" : 406,
    "text" : "Palmas, 23 de dezembro de 2021.",
    "tokens" : [ {
      "id" : "s6-t0",
      "begin" : 375,
      "end" : 381,
      "text" : "Palmas",
      "whiteSpace" : false
    }, {
      "id" : "s6-t1",
      "begin" : 381,
      "end" : 382,
      "text" : ",",
      "whiteSpace" : false
    }, {
      "id" : "s6-t2",
      "begin" : 383,
      "end" : 385,
      "text" : "23",
      "whiteSpace" : false
    }, {
      "id" : "s6-t3",
      "begin" : 386,
      "end" : 388,
      "text" : "de",
      "whiteSpace" : false
    }, {
      "id" : "s6-t4",
      "begin" : 389,
      "end" : 397,
      "text" : "dezembro",
      "whiteSpace" : false
    }, {
      "id" : "s6-t5",
      "begin" : 398,
      "end" : 400,
      "text" : "de",
      "whiteSpace" : false
    }, {
      "id" : "s6-t6",
      "begin" : 401,
      "end" : 405,
      "text" : "2021",
      "whiteSpace" : false
    }, {
      "id" : "s6-t7",
      "begin" : 405,
      "end" : 406,
      "text" : ".",
      "whiteSpace" : false
    } ]
  }, {
    "id" : "s7",
    "begin" : 407,
    "end" : 537,
    "text" : "CINTHIA ALVES CAETANO RIBEIRO Prefeita de Palmas Agostinho Araújo Rodrigues Júnior Secretário da Casa Civil do Município de Palmas",
    "tokens" : [ {
      "id" : "s7-t0",
      "begin" : 407,
      "end" : 414,
      "text" : "CINTHIA",
      "whiteSpace" : false
    }, {
      "id" : "s7-t1",
      "begin" : 415,
      "end" : 420,
      "text" : "ALVES",
      "whiteSpace" : false
    }, {
      "id" : "s7-t2",
      "begin" : 421,
      "end" : 428,
      "text" : "CAETANO",
      "whiteSpace" : false
    }, {
      "id" : "s7-t3",
      "begin" : 429,
      "end" : 436,
      "text" : "RIBEIRO",
      "whiteSpace" : false
    }, {
      "id" : "s7-t4",
      "begin" : 437,
      "end" : 445,
      "text" : "Prefeita",
      "whiteSpace" : false
    }, {
      "id" : "s7-t5",
      "begin" : 446,
      "end" : 448,
      "text" : "de",
      "whiteSpace" : false
    }, {
      "id" : "s7-t6",
      "begin" : 449,
      "end" : 455,
      "text" : "Palmas",
      "whiteSpace" : false
    }, {
      "id" : "s7-t7",
      "begin" : 456,
      "end" : 465,
      "text" : "Agostinho",
      "whiteSpace" : false
    }, {
      "id" : "s7-t8",
      "begin" : 466,
      "end" : 472,
      "text" : "Araújo",
      "whiteSpace" : false
    }, {
      "id" : "s7-t9",
      "begin" : 473,
      "end" : 482,
      "text" : "Rodrigues",
      "whiteSpace" : false
    }, {
      "id" : "s7-t10",
      "begin" : 483,
      "end" : 489,
      "text" : "Júnior",
      "whiteSpace" : false
    }, {
      "id" : "s7-t11",
      "begin" : 490,
      "end" : 500,
      "text" : "Secretário",
      "whiteSpace" : false
    }, {
      "id" : "s7-t12",
      "begin" : 501,
      "end" : 503,
      "text" : "da",
      "whiteSpace" : false
    }, {
      "id" : "s7-t13",
      "begin" : 504,
      "end" : 508,
      "text" : "Casa",
      "whiteSpace" : false
    }, {
      "id" : "s7-t14",
      "begin" : 509,
      "end" : 514,
      "text" : "Civil",
      "whiteSpace" : false
    }, {
      "id" : "s7-t15",
      "begin" : 515,
      "end" : 517,
      "text" : "do",
      "whiteSpace" : false
    }, {
      "id" : "s7-t16",
      "begin" : 518,
      "end" : 527,
      "text" : "Município",
      "whiteSpace" : false
    }, {
      "id" : "s7-t17",
      "begin" : 528,
      "end" : 530,
      "text" : "de",
      "whiteSpace" : false
    }, {
      "id" : "s7-t18",
      "begin" : 531,
      "end" : 537,
      "text" : "Palmas",
      "whiteSpace" : false
    } ]
  } ],
  "mentions" : [ {
    "id" : "s0-m1",
    "properties" : {
      "SIRE_MENTION_ROLE" : "portaria",
      "SIRE_ENTITY_SUBTYPE" : "NONE",
      "SIRE_MENTION_TYPE" : "NONE",
      "SIRE_MENTION_CLASS" : "SPC"
    },
    "type" : "portaria",
    "begin" : 7,
    "end" : 12,
    "inCoref" : false
  }, {
    "id" : "s3-m1",
    "properties" : {
      "SIRE_MENTION_ROLE" : "ato",
      "SIRE_ENTITY_SUBTYPE" : "NONE",
      "SIRE_MENTION_TYPE" : "NONE",
      "SIRE_MENTION_CLASS" : "SPC"
    },
    "type" : "ato",
    "begin" : 156,
    "end" : 163,
    "inCoref" : false
  }, {
    "id" : "s3-m2",
    "properties" : {
      "SIRE_MENTION_ROLE" : "nome",
      "SIRE_ENTITY_SUBTYPE" : "NONE",
      "SIRE_MENTION_TYPE" : "NONE",
      "SIRE_MENTION_CLASS" : "SPC"
    },
    "type" : "nome",
    "begin" : 164,
    "end" : 192,
    "inCoref" : false
  }, {
    "id" : "s3-m3",
    "properties" : {
      "SIRE_MENTION_ROLE" : "cargo",
      "SIRE_ENTITY_SUBTYPE" : "NONE",
      "SIRE_MENTION_TYPE" : "NONE",
      "SIRE_MENTION_CLASS" : "SPC"
    },
    "type" : "cargo",
    "begin" : 205,
    "end" : 224,
    "inCoref" : false
  }, {
    "id" : "s3-m4",
    "properties" : {
      "SIRE_MENTION_ROLE" : "dia",
      "SIRE_ENTITY_SUBTYPE" : "NONE",
      "SIRE_MENTION_TYPE" : "NONE",
      "SIRE_MENTION_CLASS" : "SPC"
    },
    "type" : "dia",
    "begin" : 292,
    "end" : 294,
    "inCoref" : false
  }, {
    "id" : "s3-m5",
    "properties" : {
      "SIRE_MENTION_ROLE" : "mes",
      "SIRE_ENTITY_SUBTYPE" : "NONE",
      "SIRE_MENTION_TYPE" : "NONE",
      "SIRE_MENTION_CLASS" : "SPC"
    },
    "type" : "mes",
    "begin" : 298,
    "end" : 306,
    "inCoref" : false
  }, {
    "id" : "s3-m6",
    "properties" : {
      "SIRE_MENTION_ROLE" : "ano",
      "SIRE_ENTITY_SUBTYPE" : "NONE",
      "SIRE_MENTION_TYPE" : "NONE",
      "SIRE_MENTION_CLASS" : "SPC"
    },
    "type" : "ano",
    "begin" : 310,
    "end" : 314,
    "inCoref" : false
  } ],
  "relations" : [ ],
  "corefs" : [ ],
  "typeResolved" : true,
  "userResolved" : false
}