{
  "id" : "0197c570-6f60-11ec-8aab-63cd9c950ac0-0",
  "name" : "buffer_pal_nom_01.txt",
  "createdDate" : 0,
  "version" : 3,
  "text" : "ATO Nº 1.523 - NM. A PREFEITA DE PALMAS, no uso das atribuições que lhe confere o art. 71, incisos I e VI, da Lei Orgânica do Município, RESOLVE: Art. 1º É nomeada ELIANE VIEIRA E SOUZA SILVA no cargo de Gerente Administrativo-Financeiro - DAS-7, no Instituto 20 de Maio de Ensino, Ciência e Tecnologia do Município de Palmas, a partir de 17 de dezembro de 2021. Art. 2º Este Ato entra em vigor na data de sua publicação. Palmas, 16 de dezembro de 2021. CINTHIA ALVES CAETANO RIBEIRO Prefeita de Palmas Agostinho Araújo Rodrigues Júnior Secretário da Casa Civil do Município de Palmas ATO Nº 1.524 - DSG. ",
  "docLength" : 0,
  "language" : "PT",
  "status" : "IN_PROGRESS",
  "modifiedDate" : 1641585889233,
  "documentSet" : [ ],
  "preannotation" : [ ],
  "sentences" : [ {
    "id" : "s0",
    "begin" : 0,
    "end" : 18,
    "text" : "ATO Nº 1.523 - NM.",
    "tokens" : [ {
      "id" : "s0-t0",
      "begin" : 0,
      "end" : 3,
      "text" : "ATO",
      "whiteSpace" : false
    }, {
      "id" : "s0-t1",
      "begin" : 4,
      "end" : 6,
      "text" : "Nº",
      "whiteSpace" : false
    }, {
      "id" : "s0-t2",
      "begin" : 7,
      "end" : 12,
      "text" : "1.523",
      "whiteSpace" : false
    }, {
      "id" : "s0-t3",
      "begin" : 13,
      "end" : 14,
      "text" : "-",
      "whiteSpace" : false
    }, {
      "id" : "s0-t4",
      "begin" : 15,
      "end" : 17,
      "text" : "NM",
      "whiteSpace" : false
    }, {
      "id" : "s0-t5",
      "begin" : 17,
      "end" : 18,
      "text" : ".",
      "whiteSpace" : false
    } ]
  }, {
    "id" : "s1",
    "begin" : 19,
    "end" : 86,
    "text" : "A PREFEITA DE PALMAS, no uso das atribuições que lhe confere o art.",
    "tokens" : [ {
      "id" : "s1-t0",
      "begin" : 19,
      "end" : 20,
      "text" : "A",
      "whiteSpace" : false
    }, {
      "id" : "s1-t1",
      "begin" : 21,
      "end" : 29,
      "text" : "PREFEITA",
      "whiteSpace" : false
    }, {
      "id" : "s1-t2",
      "begin" : 30,
      "end" : 32,
      "text" : "DE",
      "whiteSpace" : false
    }, {
      "id" : "s1-t3",
      "begin" : 33,
      "end" : 39,
      "text" : "PALMAS",
      "whiteSpace" : false
    }, {
      "id" : "s1-t4",
      "begin" : 39,
      "end" : 40,
      "text" : ",",
      "whiteSpace" : false
    }, {
      "id" : "s1-t5",
      "begin" : 41,
      "end" : 43,
      "text" : "no",
      "whiteSpace" : false
    }, {
      "id" : "s1-t6",
      "begin" : 44,
      "end" : 47,
      "text" : "uso",
      "whiteSpace" : false
    }, {
      "id" : "s1-t7",
      "begin" : 48,
      "end" : 51,
      "text" : "das",
      "whiteSpace" : false
    }, {
      "id" : "s1-t8",
      "begin" : 52,
      "end" : 63,
      "text" : "atribuições",
      "whiteSpace" : false
    }, {
      "id" : "s1-t9",
      "begin" : 64,
      "end" : 67,
      "text" : "que",
      "whiteSpace" : false
    }, {
      "id" : "s1-t10",
      "begin" : 68,
      "end" : 71,
      "text" : "lhe",
      "whiteSpace" : false
    }, {
      "id" : "s1-t11",
      "begin" : 72,
      "end" : 79,
      "text" : "confere",
      "whiteSpace" : false
    }, {
      "id" : "s1-t12",
      "begin" : 80,
      "end" : 81,
      "text" : "o",
      "whiteSpace" : false
    }, {
      "id" : "s1-t13",
      "begin" : 82,
      "end" : 85,
      "text" : "art",
      "whiteSpace" : false
    }, {
      "id" : "s1-t14",
      "begin" : 85,
      "end" : 86,
      "text" : ".",
      "whiteSpace" : false
    } ]
  }, {
    "id" : "s2",
    "begin" : 87,
    "end" : 150,
    "text" : "71, incisos I e VI, da Lei Orgânica do Município, RESOLVE: Art.",
    "tokens" : [ {
      "id" : "s2-t0",
      "begin" : 87,
      "end" : 89,
      "text" : "71",
      "whiteSpace" : false
    }, {
      "id" : "s2-t1",
      "begin" : 89,
      "end" : 90,
      "text" : ",",
      "whiteSpace" : false
    }, {
      "id" : "s2-t2",
      "begin" : 91,
      "end" : 98,
      "text" : "incisos",
      "whiteSpace" : false
    }, {
      "id" : "s2-t3",
      "begin" : 99,
      "end" : 100,
      "text" : "I",
      "whiteSpace" : false
    }, {
      "id" : "s2-t4",
      "begin" : 101,
      "end" : 102,
      "text" : "e",
      "whiteSpace" : false
    }, {
      "id" : "s2-t5",
      "begin" : 103,
      "end" : 105,
      "text" : "VI",
      "whiteSpace" : false
    }, {
      "id" : "s2-t6",
      "begin" : 105,
      "end" : 106,
      "text" : ",",
      "whiteSpace" : false
    }, {
      "id" : "s2-t7",
      "begin" : 107,
      "end" : 109,
      "text" : "da",
      "whiteSpace" : false
    }, {
      "id" : "s2-t8",
      "begin" : 110,
      "end" : 113,
      "text" : "Lei",
      "whiteSpace" : false
    }, {
      "id" : "s2-t9",
      "begin" : 114,
      "end" : 122,
      "text" : "Orgânica",
      "whiteSpace" : false
    }, {
      "id" : "s2-t10",
      "begin" : 123,
      "end" : 125,
      "text" : "do",
      "whiteSpace" : false
    }, {
      "id" : "s2-t11",
      "begin" : 126,
      "end" : 135,
      "text" : "Município",
      "whiteSpace" : false
    }, {
      "id" : "s2-t12",
      "begin" : 135,
      "end" : 136,
      "text" : ",",
      "whiteSpace" : false
    }, {
      "id" : "s2-t13",
      "begin" : 137,
      "end" : 144,
      "text" : "RESOLVE",
      "whiteSpace" : false
    }, {
      "id" : "s2-t14",
      "begin" : 144,
      "end" : 145,
      "text" : ":",
      "whiteSpace" : false
    }, {
      "id" : "s2-t15",
      "begin" : 146,
      "end" : 149,
      "text" : "Art",
      "whiteSpace" : false
    }, {
      "id" : "s2-t16",
      "begin" : 149,
      "end" : 150,
      "text" : ".",
      "whiteSpace" : false
    } ]
  }, {
    "id" : "s3",
    "begin" : 151,
    "end" : 362,
    "text" : "1º É nomeada ELIANE VIEIRA E SOUZA SILVA no cargo de Gerente Administrativo-Financeiro - DAS-7, no Instituto 20 de Maio de Ensino, Ciência e Tecnologia do Município de Palmas, a partir de 17 de dezembro de 2021.",
    "tokens" : [ {
      "id" : "s3-t0",
      "begin" : 151,
      "end" : 153,
      "text" : "1º",
      "whiteSpace" : false
    }, {
      "id" : "s3-t1",
      "begin" : 154,
      "end" : 155,
      "text" : "É",
      "whiteSpace" : false
    }, {
      "id" : "s3-t2",
      "begin" : 156,
      "end" : 163,
      "text" : "nomeada",
      "whiteSpace" : false
    }, {
      "id" : "s3-t3",
      "begin" : 164,
      "end" : 170,
      "text" : "ELIANE",
      "whiteSpace" : false
    }, {
      "id" : "s3-t4",
      "begin" : 171,
      "end" : 177,
      "text" : "VIEIRA",
      "whiteSpace" : false
    }, {
      "id" : "s3-t5",
      "begin" : 178,
      "end" : 179,
      "text" : "E",
      "whiteSpace" : false
    }, {
      "id" : "s3-t6",
      "begin" : 180,
      "end" : 185,
      "text" : "SOUZA",
      "whiteSpace" : false
    }, {
      "id" : "s3-t7",
      "begin" : 186,
      "end" : 191,
      "text" : "SILVA",
      "whiteSpace" : false
    }, {
      "id" : "s3-t8",
      "begin" : 192,
      "end" : 194,
      "text" : "no",
      "whiteSpace" : false
    }, {
      "id" : "s3-t9",
      "begin" : 195,
      "end" : 200,
      "text" : "cargo",
      "whiteSpace" : false
    }, {
      "id" : "s3-t10",
      "begin" : 201,
      "end" : 203,
      "text" : "de",
      "whiteSpace" : false
    }, {
      "id" : "s3-t11",
      "begin" : 204,
      "end" : 211,
      "text" : "Gerente",
      "whiteSpace" : false
    }, {
      "id" : "s3-t12",
      "begin" : 212,
      "end" : 237,
      "text" : "Administrativo-Financeiro",
      "whiteSpace" : false
    }, {
      "id" : "s3-t13",
      "begin" : 238,
      "end" : 239,
      "text" : "-",
      "whiteSpace" : false
    }, {
      "id" : "s3-t14",
      "begin" : 240,
      "end" : 245,
      "text" : "DAS-7",
      "whiteSpace" : false
    }, {
      "id" : "s3-t15",
      "begin" : 245,
      "end" : 246,
      "text" : ",",
      "whiteSpace" : false
    }, {
      "id" : "s3-t16",
      "begin" : 247,
      "end" : 249,
      "text" : "no",
      "whiteSpace" : false
    }, {
      "id" : "s3-t17",
      "begin" : 250,
      "end" : 259,
      "text" : "Instituto",
      "whiteSpace" : false
    }, {
      "id" : "s3-t18",
      "begin" : 260,
      "end" : 262,
      "text" : "20",
      "whiteSpace" : false
    }, {
      "id" : "s3-t19",
      "begin" : 263,
      "end" : 265,
      "text" : "de",
      "whiteSpace" : false
    }, {
      "id" : "s3-t20",
      "begin" : 266,
      "end" : 270,
      "text" : "Maio",
      "whiteSpace" : false
    }, {
      "id" : "s3-t21",
      "begin" : 271,
      "end" : 273,
      "text" : "de",
      "whiteSpace" : false
    }, {
      "id" : "s3-t22",
      "begin" : 274,
      "end" : 280,
      "text" : "Ensino",
      "whiteSpace" : false
    }, {
      "id" : "s3-t23",
      "begin" : 280,
      "end" : 281,
      "text" : ",",
      "whiteSpace" : false
    }, {
      "id" : "s3-t24",
      "begin" : 282,
      "end" : 289,
      "text" : "Ciência",
      "whiteSpace" : false
    }, {
      "id" : "s3-t25",
      "begin" : 290,
      "end" : 291,
      "text" : "e",
      "whiteSpace" : false
    }, {
      "id" : "s3-t26",
      "begin" : 292,
      "end" : 302,
      "text" : "Tecnologia",
      "whiteSpace" : false
    }, {
      "id" : "s3-t27",
      "begin" : 303,
      "end" : 305,
      "text" : "do",
      "whiteSpace" : false
    }, {
      "id" : "s3-t28",
      "begin" : 306,
      "end" : 315,
      "text" : "Município",
      "whiteSpace" : false
    }, {
      "id" : "s3-t29",
      "begin" : 316,
      "end" : 318,
      "text" : "de",
      "whiteSpace" : false
    }, {
      "id" : "s3-t30",
      "begin" : 319,
      "end" : 325,
      "text" : "Palmas",
      "whiteSpace" : false
    }, {
      "id" : "s3-t31",
      "begin" : 325,
      "end" : 326,
      "text" : ",",
      "whiteSpace" : false
    }, {
      "id" : "s3-t32",
      "begin" : 327,
      "end" : 328,
      "text" : "a",
      "whiteSpace" : false
    }, {
      "id" : "s3-t33",
      "begin" : 329,
      "end" : 335,
      "text" : "partir",
      "whiteSpace" : false
    }, {
      "id" : "s3-t34",
      "begin" : 336,
      "end" : 338,
      "text" : "de",
      "whiteSpace" : false
    }, {
      "id" : "s3-t35",
      "begin" : 339,
      "end" : 341,
      "text" : "17",
      "whiteSpace" : false
    }, {
      "id" : "s3-t36",
      "begin" : 342,
      "end" : 344,
      "text" : "de",
      "whiteSpace" : false
    }, {
      "id" : "s3-t37",
      "begin" : 345,
      "end" : 353,
      "text" : "dezembro",
      "whiteSpace" : false
    }, {
      "id" : "s3-t38",
      "begin" : 354,
      "end" : 356,
      "text" : "de",
      "whiteSpace" : false
    }, {
      "id" : "s3-t39",
      "begin" : 357,
      "end" : 361,
      "text" : "2021",
      "whiteSpace" : false
    }, {
      "id" : "s3-t40",
      "begin" : 361,
      "end" : 362,
      "text" : ".",
      "whiteSpace" : false
    } ]
  }, {
    "id" : "s4",
    "begin" : 363,
    "end" : 367,
    "text" : "Art.",
    "tokens" : [ {
      "id" : "s4-t0",
      "begin" : 363,
      "end" : 366,
      "text" : "Art",
      "whiteSpace" : false
    }, {
      "id" : "s4-t1",
      "begin" : 366,
      "end" : 367,
      "text" : ".",
      "whiteSpace" : false
    } ]
  }, {
    "id" : "s5",
    "begin" : 368,
    "end" : 421,
    "text" : "2º Este Ato entra em vigor na data de sua publicação.",
    "tokens" : [ {
      "id" : "s5-t0",
      "begin" : 368,
      "end" : 370,
      "text" : "2º",
      "whiteSpace" : false
    }, {
      "id" : "s5-t1",
      "begin" : 371,
      "end" : 375,
      "text" : "Este",
      "whiteSpace" : false
    }, {
      "id" : "s5-t2",
      "begin" : 376,
      "end" : 379,
      "text" : "Ato",
      "whiteSpace" : false
    }, {
      "id" : "s5-t3",
      "begin" : 380,
      "end" : 385,
      "text" : "entra",
      "whiteSpace" : false
    }, {
      "id" : "s5-t4",
      "begin" : 386,
      "end" : 388,
      "text" : "em",
      "whiteSpace" : false
    }, {
      "id" : "s5-t5",
      "begin" : 389,
      "end" : 394,
      "text" : "vigor",
      "whiteSpace" : false
    }, {
      "id" : "s5-t6",
      "begin" : 395,
      "end" : 397,
      "text" : "na",
      "whiteSpace" : false
    }, {
      "id" : "s5-t7",
      "begin" : 398,
      "end" : 402,
      "text" : "data",
      "whiteSpace" : false
    }, {
      "id" : "s5-t8",
      "begin" : 403,
      "end" : 405,
      "text" : "de",
      "whiteSpace" : false
    }, {
      "id" : "s5-t9",
      "begin" : 406,
      "end" : 409,
      "text" : "sua",
      "whiteSpace" : false
    }, {
      "id" : "s5-t10",
      "begin" : 410,
      "end" : 420,
      "text" : "publicação",
      "whiteSpace" : false
    }, {
      "id" : "s5-t11",
      "begin" : 420,
      "end" : 421,
      "text" : ".",
      "whiteSpace" : false
    } ]
  }, {
    "id" : "s6",
    "begin" : 422,
    "end" : 453,
    "text" : "Palmas, 16 de dezembro de 2021.",
    "tokens" : [ {
      "id" : "s6-t0",
      "begin" : 422,
      "end" : 428,
      "text" : "Palmas",
      "whiteSpace" : false
    }, {
      "id" : "s6-t1",
      "begin" : 428,
      "end" : 429,
      "text" : ",",
      "whiteSpace" : false
    }, {
      "id" : "s6-t2",
      "begin" : 430,
      "end" : 432,
      "text" : "16",
      "whiteSpace" : false
    }, {
      "id" : "s6-t3",
      "begin" : 433,
      "end" : 435,
      "text" : "de",
      "whiteSpace" : false
    }, {
      "id" : "s6-t4",
      "begin" : 436,
      "end" : 444,
      "text" : "dezembro",
      "whiteSpace" : false
    }, {
      "id" : "s6-t5",
      "begin" : 445,
      "end" : 447,
      "text" : "de",
      "whiteSpace" : false
    }, {
      "id" : "s6-t6",
      "begin" : 448,
      "end" : 452,
      "text" : "2021",
      "whiteSpace" : false
    }, {
      "id" : "s6-t7",
      "begin" : 452,
      "end" : 453,
      "text" : ".",
      "whiteSpace" : false
    } ]
  }, {
    "id" : "s7",
    "begin" : 454,
    "end" : 604,
    "text" : "CINTHIA ALVES CAETANO RIBEIRO Prefeita de Palmas Agostinho Araújo Rodrigues Júnior Secretário da Casa Civil do Município de Palmas ATO Nº 1.524 - DSG.",
    "tokens" : [ {
      "id" : "s7-t0",
      "begin" : 454,
      "end" : 461,
      "text" : "CINTHIA",
      "whiteSpace" : false
    }, {
      "id" : "s7-t1",
      "begin" : 462,
      "end" : 467,
      "text" : "ALVES",
      "whiteSpace" : false
    }, {
      "id" : "s7-t2",
      "begin" : 468,
      "end" : 475,
      "text" : "CAETANO",
      "whiteSpace" : false
    }, {
      "id" : "s7-t3",
      "begin" : 476,
      "end" : 483,
      "text" : "RIBEIRO",
      "whiteSpace" : false
    }, {
      "id" : "s7-t4",
      "begin" : 484,
      "end" : 492,
      "text" : "Prefeita",
      "whiteSpace" : false
    }, {
      "id" : "s7-t5",
      "begin" : 493,
      "end" : 495,
      "text" : "de",
      "whiteSpace" : false
    }, {
      "id" : "s7-t6",
      "begin" : 496,
      "end" : 502,
      "text" : "Palmas",
      "whiteSpace" : false
    }, {
      "id" : "s7-t7",
      "begin" : 503,
      "end" : 512,
      "text" : "Agostinho",
      "whiteSpace" : false
    }, {
      "id" : "s7-t8",
      "begin" : 513,
      "end" : 519,
      "text" : "Araújo",
      "whiteSpace" : false
    }, {
      "id" : "s7-t9",
      "begin" : 520,
      "end" : 529,
      "text" : "Rodrigues",
      "whiteSpace" : false
    }, {
      "id" : "s7-t10",
      "begin" : 530,
      "end" : 536,
      "text" : "Júnior",
      "whiteSpace" : false
    }, {
      "id" : "s7-t11",
      "begin" : 537,
      "end" : 547,
      "text" : "Secretário",
      "whiteSpace" : false
    }, {
      "id" : "s7-t12",
      "begin" : 548,
      "end" : 550,
      "text" : "da",
      "whiteSpace" : false
    }, {
      "id" : "s7-t13",
      "begin" : 551,
      "end" : 555,
      "text" : "Casa",
      "whiteSpace" : false
    }, {
      "id" : "s7-t14",
      "begin" : 556,
      "end" : 561,
      "text" : "Civil",
      "whiteSpace" : false
    }, {
      "id" : "s7-t15",
      "begin" : 562,
      "end" : 564,
      "text" : "do",
      "whiteSpace" : false
    }, {
      "id" : "s7-t16",
      "begin" : 565,
      "end" : 574,
      "text" : "Município",
      "whiteSpace" : false
    }, {
      "id" : "s7-t17",
      "begin" : 575,
      "end" : 577,
      "text" : "de",
      "whiteSpace" : false
    }, {
      "id" : "s7-t18",
      "begin" : 578,
      "end" : 584,
      "text" : "Palmas",
      "whiteSpace" : false
    }, {
      "id" : "s7-t19",
      "begin" : 585,
      "end" : 588,
      "text" : "ATO",
      "whiteSpace" : false
    }, {
      "id" : "s7-t20",
      "begin" : 589,
      "end" : 591,
      "text" : "Nº",
      "whiteSpace" : false
    }, {
      "id" : "s7-t21",
      "begin" : 592,
      "end" : 597,
      "text" : "1.524",
      "whiteSpace" : false
    }, {
      "id" : "s7-t22",
      "begin" : 598,
      "end" : 599,
      "text" : "-",
      "whiteSpace" : false
    }, {
      "id" : "s7-t23",
      "begin" : 600,
      "end" : 603,
      "text" : "DSG",
      "whiteSpace" : false
    }, {
      "id" : "s7-t24",
      "begin" : 603,
      "end" : 604,
      "text" : ".",
      "whiteSpace" : false
    } ]
  } ],
  "mentions" : [ {
    "id" : "s0-m1",
    "properties" : {
      "SIRE_MENTION_ROLE" : "portaria",
      "SIRE_ENTITY_SUBTYPE" : "NONE",
      "SIRE_MENTION_TYPE" : "NONE",
      "SIRE_MENTION_CLASS" : "SPC"
    },
    "type" : "portaria",
    "begin" : 7,
    "end" : 12,
    "inCoref" : false
  }, {
    "id" : "s3-m1",
    "properties" : {
      "SIRE_MENTION_ROLE" : "ato",
      "SIRE_ENTITY_SUBTYPE" : "NONE",
      "SIRE_MENTION_TYPE" : "NONE",
      "SIRE_MENTION_CLASS" : "SPC"
    },
    "type" : "ato",
    "begin" : 156,
    "end" : 163,
    "inCoref" : false
  }, {
    "id" : "s3-m2",
    "properties" : {
      "SIRE_MENTION_ROLE" : "nome",
      "SIRE_ENTITY_SUBTYPE" : "NONE",
      "SIRE_MENTION_TYPE" : "NONE",
      "SIRE_MENTION_CLASS" : "SPC"
    },
    "type" : "nome",
    "begin" : 164,
    "end" : 191,
    "inCoref" : false
  }, {
    "id" : "s3-m3",
    "properties" : {
      "SIRE_MENTION_ROLE" : "cargo",
      "SIRE_ENTITY_SUBTYPE" : "NONE",
      "SIRE_MENTION_TYPE" : "NONE",
      "SIRE_MENTION_CLASS" : "SPC"
    },
    "type" : "cargo",
    "begin" : 204,
    "end" : 237,
    "inCoref" : false
  }, {
    "id" : "s3-m7",
    "properties" : {
      "SIRE_MENTION_ROLE" : "dia",
      "SIRE_ENTITY_SUBTYPE" : "NONE",
      "SIRE_MENTION_TYPE" : "NONE",
      "SIRE_MENTION_CLASS" : "SPC"
    },
    "type" : "dia",
    "begin" : 339,
    "end" : 341,
    "inCoref" : false
  }, {
    "id" : "s3-m8",
    "properties" : {
      "SIRE_MENTION_ROLE" : "mes",
      "SIRE_ENTITY_SUBTYPE" : "NONE",
      "SIRE_MENTION_TYPE" : "NONE",
      "SIRE_MENTION_CLASS" : "SPC"
    },
    "type" : "mes",
    "begin" : 345,
    "end" : 353,
    "inCoref" : false
  }, {
    "id" : "s3-m9",
    "properties" : {
      "SIRE_MENTION_ROLE" : "ano",
      "SIRE_ENTITY_SUBTYPE" : "NONE",
      "SIRE_MENTION_TYPE" : "NONE",
      "SIRE_MENTION_CLASS" : "SPC"
    },
    "type" : "ano",
    "begin" : 357,
    "end" : 361,
    "inCoref" : false
  } ],
  "relations" : [ ],
  "corefs" : [ ],
  "typeResolved" : true,
  "userResolved" : false
}