{
  "id" : "28608c60-6fe6-11ec-8aab-63cd9c950ac0-5",
  "name" : "buffer_pal_exo_06.txt",
  "createdDate" : 0,
  "version" : 3,
  "text" : "PORTARIA Nº 942, DE 27 DE DEZEMBRO DE 2021. O SECRETÁRIO DA CASA CIVIL DO MUNICÍPIO DE PALMAS, no uso da atribuição que lhe confere o Decreto nº 1.594, de 19 de abril de 2018, RESOLVE: Art. 1° É exonerada HELEM CRISTINA SANTOS DE MELO COUTO do cargo de Chefe de Núcleo Setorial de Recursos Humanos - DAS-7, da Secretaria Municipal de Assuntos Fundiários, a partir de 28 de novembro de 2021. Art. 2° Esta Portaria entra em vigor na data de sua publicação. Palmas, 27 de dezembro de 2021. Agostinho Araújo Rodrigues Júnior Secretário da Casa Civil do Município de Palmas",
  "docLength" : 0,
  "language" : "PT",
  "status" : "IN_PROGRESS",
  "modifiedDate" : 1641952041039,
  "documentSet" : [ ],
  "preannotation" : [ ],
  "sentences" : [ {
    "id" : "s0",
    "begin" : 0,
    "end" : 43,
    "text" : "PORTARIA Nº 942, DE 27 DE DEZEMBRO DE 2021.",
    "tokens" : [ {
      "id" : "s0-t0",
      "begin" : 0,
      "end" : 8,
      "text" : "PORTARIA",
      "whiteSpace" : false
    }, {
      "id" : "s0-t1",
      "begin" : 9,
      "end" : 11,
      "text" : "Nº",
      "whiteSpace" : false
    }, {
      "id" : "s0-t2",
      "begin" : 12,
      "end" : 15,
      "text" : "942",
      "whiteSpace" : false
    }, {
      "id" : "s0-t3",
      "begin" : 15,
      "end" : 16,
      "text" : ",",
      "whiteSpace" : false
    }, {
      "id" : "s0-t4",
      "begin" : 17,
      "end" : 19,
      "text" : "DE",
      "whiteSpace" : false
    }, {
      "id" : "s0-t5",
      "begin" : 20,
      "end" : 22,
      "text" : "27",
      "whiteSpace" : false
    }, {
      "id" : "s0-t6",
      "begin" : 23,
      "end" : 25,
      "text" : "DE",
      "whiteSpace" : false
    }, {
      "id" : "s0-t7",
      "begin" : 26,
      "end" : 34,
      "text" : "DEZEMBRO",
      "whiteSpace" : false
    }, {
      "id" : "s0-t8",
      "begin" : 35,
      "end" : 37,
      "text" : "DE",
      "whiteSpace" : false
    }, {
      "id" : "s0-t9",
      "begin" : 38,
      "end" : 42,
      "text" : "2021",
      "whiteSpace" : false
    }, {
      "id" : "s0-t10",
      "begin" : 42,
      "end" : 43,
      "text" : ".",
      "whiteSpace" : false
    } ]
  }, {
    "id" : "s1",
    "begin" : 44,
    "end" : 189,
    "text" : "O SECRETÁRIO DA CASA CIVIL DO MUNICÍPIO DE PALMAS, no uso da atribuição que lhe confere o Decreto nº 1.594, de 19 de abril de 2018, RESOLVE: Art.",
    "tokens" : [ {
      "id" : "s1-t0",
      "begin" : 44,
      "end" : 45,
      "text" : "O",
      "whiteSpace" : false
    }, {
      "id" : "s1-t1",
      "begin" : 46,
      "end" : 56,
      "text" : "SECRETÁRIO",
      "whiteSpace" : false
    }, {
      "id" : "s1-t2",
      "begin" : 57,
      "end" : 59,
      "text" : "DA",
      "whiteSpace" : false
    }, {
      "id" : "s1-t3",
      "begin" : 60,
      "end" : 64,
      "text" : "CASA",
      "whiteSpace" : false
    }, {
      "id" : "s1-t4",
      "begin" : 65,
      "end" : 70,
      "text" : "CIVIL",
      "whiteSpace" : false
    }, {
      "id" : "s1-t5",
      "begin" : 71,
      "end" : 73,
      "text" : "DO",
      "whiteSpace" : false
    }, {
      "id" : "s1-t6",
      "begin" : 74,
      "end" : 83,
      "text" : "MUNICÍPIO",
      "whiteSpace" : false
    }, {
      "id" : "s1-t7",
      "begin" : 84,
      "end" : 86,
      "text" : "DE",
      "whiteSpace" : false
    }, {
      "id" : "s1-t8",
      "begin" : 87,
      "end" : 93,
      "text" : "PALMAS",
      "whiteSpace" : false
    }, {
      "id" : "s1-t9",
      "begin" : 93,
      "end" : 94,
      "text" : ",",
      "whiteSpace" : false
    }, {
      "id" : "s1-t10",
      "begin" : 95,
      "end" : 97,
      "text" : "no",
      "whiteSpace" : false
    }, {
      "id" : "s1-t11",
      "begin" : 98,
      "end" : 101,
      "text" : "uso",
      "whiteSpace" : false
    }, {
      "id" : "s1-t12",
      "begin" : 102,
      "end" : 104,
      "text" : "da",
      "whiteSpace" : false
    }, {
      "id" : "s1-t13",
      "begin" : 105,
      "end" : 115,
      "text" : "atribuição",
      "whiteSpace" : false
    }, {
      "id" : "s1-t14",
      "begin" : 116,
      "end" : 119,
      "text" : "que",
      "whiteSpace" : false
    }, {
      "id" : "s1-t15",
      "begin" : 120,
      "end" : 123,
      "text" : "lhe",
      "whiteSpace" : false
    }, {
      "id" : "s1-t16",
      "begin" : 124,
      "end" : 131,
      "text" : "confere",
      "whiteSpace" : false
    }, {
      "id" : "s1-t17",
      "begin" : 132,
      "end" : 133,
      "text" : "o",
      "whiteSpace" : false
    }, {
      "id" : "s1-t18",
      "begin" : 134,
      "end" : 141,
      "text" : "Decreto",
      "whiteSpace" : false
    }, {
      "id" : "s1-t19",
      "begin" : 142,
      "end" : 144,
      "text" : "nº",
      "whiteSpace" : false
    }, {
      "id" : "s1-t20",
      "begin" : 145,
      "end" : 150,
      "text" : "1.594",
      "whiteSpace" : false
    }, {
      "id" : "s1-t21",
      "begin" : 150,
      "end" : 151,
      "text" : ",",
      "whiteSpace" : false
    }, {
      "id" : "s1-t22",
      "begin" : 152,
      "end" : 154,
      "text" : "de",
      "whiteSpace" : false
    }, {
      "id" : "s1-t23",
      "begin" : 155,
      "end" : 157,
      "text" : "19",
      "whiteSpace" : false
    }, {
      "id" : "s1-t24",
      "begin" : 158,
      "end" : 160,
      "text" : "de",
      "whiteSpace" : false
    }, {
      "id" : "s1-t25",
      "begin" : 161,
      "end" : 166,
      "text" : "abril",
      "whiteSpace" : false
    }, {
      "id" : "s1-t26",
      "begin" : 167,
      "end" : 169,
      "text" : "de",
      "whiteSpace" : false
    }, {
      "id" : "s1-t27",
      "begin" : 170,
      "end" : 174,
      "text" : "2018",
      "whiteSpace" : false
    }, {
      "id" : "s1-t28",
      "begin" : 174,
      "end" : 175,
      "text" : ",",
      "whiteSpace" : false
    }, {
      "id" : "s1-t29",
      "begin" : 176,
      "end" : 183,
      "text" : "RESOLVE",
      "whiteSpace" : false
    }, {
      "id" : "s1-t30",
      "begin" : 183,
      "end" : 184,
      "text" : ":",
      "whiteSpace" : false
    }, {
      "id" : "s1-t31",
      "begin" : 185,
      "end" : 188,
      "text" : "Art",
      "whiteSpace" : false
    }, {
      "id" : "s1-t32",
      "begin" : 188,
      "end" : 189,
      "text" : ".",
      "whiteSpace" : false
    } ]
  }, {
    "id" : "s2",
    "begin" : 190,
    "end" : 390,
    "text" : "1° É exonerada HELEM CRISTINA SANTOS DE MELO COUTO do cargo de Chefe de Núcleo Setorial de Recursos Humanos - DAS-7, da Secretaria Municipal de Assuntos Fundiários, a partir de 28 de novembro de 2021.",
    "tokens" : [ {
      "id" : "s2-t0",
      "begin" : 190,
      "end" : 191,
      "text" : "1",
      "whiteSpace" : false
    }, {
      "id" : "s2-t1",
      "begin" : 191,
      "end" : 192,
      "text" : "°",
      "whiteSpace" : false
    }, {
      "id" : "s2-t2",
      "begin" : 193,
      "end" : 194,
      "text" : "É",
      "whiteSpace" : false
    }, {
      "id" : "s2-t3",
      "begin" : 195,
      "end" : 204,
      "text" : "exonerada",
      "whiteSpace" : false
    }, {
      "id" : "s2-t4",
      "begin" : 205,
      "end" : 210,
      "text" : "HELEM",
      "whiteSpace" : false
    }, {
      "id" : "s2-t5",
      "begin" : 211,
      "end" : 219,
      "text" : "CRISTINA",
      "whiteSpace" : false
    }, {
      "id" : "s2-t6",
      "begin" : 220,
      "end" : 226,
      "text" : "SANTOS",
      "whiteSpace" : false
    }, {
      "id" : "s2-t7",
      "begin" : 227,
      "end" : 229,
      "text" : "DE",
      "whiteSpace" : false
    }, {
      "id" : "s2-t8",
      "begin" : 230,
      "end" : 234,
      "text" : "MELO",
      "whiteSpace" : false
    }, {
      "id" : "s2-t9",
      "begin" : 235,
      "end" : 240,
      "text" : "COUTO",
      "whiteSpace" : false
    }, {
      "id" : "s2-t10",
      "begin" : 241,
      "end" : 243,
      "text" : "do",
      "whiteSpace" : false
    }, {
      "id" : "s2-t11",
      "begin" : 244,
      "end" : 249,
      "text" : "cargo",
      "whiteSpace" : false
    }, {
      "id" : "s2-t12",
      "begin" : 250,
      "end" : 252,
      "text" : "de",
      "whiteSpace" : false
    }, {
      "id" : "s2-t13",
      "begin" : 253,
      "end" : 258,
      "text" : "Chefe",
      "whiteSpace" : false
    }, {
      "id" : "s2-t14",
      "begin" : 259,
      "end" : 261,
      "text" : "de",
      "whiteSpace" : false
    }, {
      "id" : "s2-t15",
      "begin" : 262,
      "end" : 268,
      "text" : "Núcleo",
      "whiteSpace" : false
    }, {
      "id" : "s2-t16",
      "begin" : 269,
      "end" : 277,
      "text" : "Setorial",
      "whiteSpace" : false
    }, {
      "id" : "s2-t17",
      "begin" : 278,
      "end" : 280,
      "text" : "de",
      "whiteSpace" : false
    }, {
      "id" : "s2-t18",
      "begin" : 281,
      "end" : 289,
      "text" : "Recursos",
      "whiteSpace" : false
    }, {
      "id" : "s2-t19",
      "begin" : 290,
      "end" : 297,
      "text" : "Humanos",
      "whiteSpace" : false
    }, {
      "id" : "s2-t20",
      "begin" : 298,
      "end" : 299,
      "text" : "-",
      "whiteSpace" : false
    }, {
      "id" : "s2-t21",
      "begin" : 300,
      "end" : 305,
      "text" : "DAS-7",
      "whiteSpace" : false
    }, {
      "id" : "s2-t22",
      "begin" : 305,
      "end" : 306,
      "text" : ",",
      "whiteSpace" : false
    }, {
      "id" : "s2-t23",
      "begin" : 307,
      "end" : 309,
      "text" : "da",
      "whiteSpace" : false
    }, {
      "id" : "s2-t24",
      "begin" : 310,
      "end" : 320,
      "text" : "Secretaria",
      "whiteSpace" : false
    }, {
      "id" : "s2-t25",
      "begin" : 321,
      "end" : 330,
      "text" : "Municipal",
      "whiteSpace" : false
    }, {
      "id" : "s2-t26",
      "begin" : 331,
      "end" : 333,
      "text" : "de",
      "whiteSpace" : false
    }, {
      "id" : "s2-t27",
      "begin" : 334,
      "end" : 342,
      "text" : "Assuntos",
      "whiteSpace" : false
    }, {
      "id" : "s2-t28",
      "begin" : 343,
      "end" : 353,
      "text" : "Fundiários",
      "whiteSpace" : false
    }, {
      "id" : "s2-t29",
      "begin" : 353,
      "end" : 354,
      "text" : ",",
      "whiteSpace" : false
    }, {
      "id" : "s2-t30",
      "begin" : 355,
      "end" : 356,
      "text" : "a",
      "whiteSpace" : false
    }, {
      "id" : "s2-t31",
      "begin" : 357,
      "end" : 363,
      "text" : "partir",
      "whiteSpace" : false
    }, {
      "id" : "s2-t32",
      "begin" : 364,
      "end" : 366,
      "text" : "de",
      "whiteSpace" : false
    }, {
      "id" : "s2-t33",
      "begin" : 367,
      "end" : 369,
      "text" : "28",
      "whiteSpace" : false
    }, {
      "id" : "s2-t34",
      "begin" : 370,
      "end" : 372,
      "text" : "de",
      "whiteSpace" : false
    }, {
      "id" : "s2-t35",
      "begin" : 373,
      "end" : 381,
      "text" : "novembro",
      "whiteSpace" : false
    }, {
      "id" : "s2-t36",
      "begin" : 382,
      "end" : 384,
      "text" : "de",
      "whiteSpace" : false
    }, {
      "id" : "s2-t37",
      "begin" : 385,
      "end" : 389,
      "text" : "2021",
      "whiteSpace" : false
    }, {
      "id" : "s2-t38",
      "begin" : 389,
      "end" : 390,
      "text" : ".",
      "whiteSpace" : false
    } ]
  }, {
    "id" : "s3",
    "begin" : 391,
    "end" : 395,
    "text" : "Art.",
    "tokens" : [ {
      "id" : "s3-t0",
      "begin" : 391,
      "end" : 394,
      "text" : "Art",
      "whiteSpace" : false
    }, {
      "id" : "s3-t1",
      "begin" : 394,
      "end" : 395,
      "text" : ".",
      "whiteSpace" : false
    } ]
  }, {
    "id" : "s4",
    "begin" : 396,
    "end" : 454,
    "text" : "2° Esta Portaria entra em vigor na data de sua publicação.",
    "tokens" : [ {
      "id" : "s4-t0",
      "begin" : 396,
      "end" : 397,
      "text" : "2",
      "whiteSpace" : false
    }, {
      "id" : "s4-t1",
      "begin" : 397,
      "end" : 398,
      "text" : "°",
      "whiteSpace" : false
    }, {
      "id" : "s4-t2",
      "begin" : 399,
      "end" : 403,
      "text" : "Esta",
      "whiteSpace" : false
    }, {
      "id" : "s4-t3",
      "begin" : 404,
      "end" : 412,
      "text" : "Portaria",
      "whiteSpace" : false
    }, {
      "id" : "s4-t4",
      "begin" : 413,
      "end" : 418,
      "text" : "entra",
      "whiteSpace" : false
    }, {
      "id" : "s4-t5",
      "begin" : 419,
      "end" : 421,
      "text" : "em",
      "whiteSpace" : false
    }, {
      "id" : "s4-t6",
      "begin" : 422,
      "end" : 427,
      "text" : "vigor",
      "whiteSpace" : false
    }, {
      "id" : "s4-t7",
      "begin" : 428,
      "end" : 430,
      "text" : "na",
      "whiteSpace" : false
    }, {
      "id" : "s4-t8",
      "begin" : 431,
      "end" : 435,
      "text" : "data",
      "whiteSpace" : false
    }, {
      "id" : "s4-t9",
      "begin" : 436,
      "end" : 438,
      "text" : "de",
      "whiteSpace" : false
    }, {
      "id" : "s4-t10",
      "begin" : 439,
      "end" : 442,
      "text" : "sua",
      "whiteSpace" : false
    }, {
      "id" : "s4-t11",
      "begin" : 443,
      "end" : 453,
      "text" : "publicação",
      "whiteSpace" : false
    }, {
      "id" : "s4-t12",
      "begin" : 453,
      "end" : 454,
      "text" : ".",
      "whiteSpace" : false
    } ]
  }, {
    "id" : "s5",
    "begin" : 455,
    "end" : 486,
    "text" : "Palmas, 27 de dezembro de 2021.",
    "tokens" : [ {
      "id" : "s5-t0",
      "begin" : 455,
      "end" : 461,
      "text" : "Palmas",
      "whiteSpace" : false
    }, {
      "id" : "s5-t1",
      "begin" : 461,
      "end" : 462,
      "text" : ",",
      "whiteSpace" : false
    }, {
      "id" : "s5-t2",
      "begin" : 463,
      "end" : 465,
      "text" : "27",
      "whiteSpace" : false
    }, {
      "id" : "s5-t3",
      "begin" : 466,
      "end" : 468,
      "text" : "de",
      "whiteSpace" : false
    }, {
      "id" : "s5-t4",
      "begin" : 469,
      "end" : 477,
      "text" : "dezembro",
      "whiteSpace" : false
    }, {
      "id" : "s5-t5",
      "begin" : 478,
      "end" : 480,
      "text" : "de",
      "whiteSpace" : false
    }, {
      "id" : "s5-t6",
      "begin" : 481,
      "end" : 485,
      "text" : "2021",
      "whiteSpace" : false
    }, {
      "id" : "s5-t7",
      "begin" : 485,
      "end" : 486,
      "text" : ".",
      "whiteSpace" : false
    } ]
  }, {
    "id" : "s6",
    "begin" : 487,
    "end" : 568,
    "text" : "Agostinho Araújo Rodrigues Júnior Secretário da Casa Civil do Município de Palmas",
    "tokens" : [ {
      "id" : "s6-t0",
      "begin" : 487,
      "end" : 496,
      "text" : "Agostinho",
      "whiteSpace" : false
    }, {
      "id" : "s6-t1",
      "begin" : 497,
      "end" : 503,
      "text" : "Araújo",
      "whiteSpace" : false
    }, {
      "id" : "s6-t2",
      "begin" : 504,
      "end" : 513,
      "text" : "Rodrigues",
      "whiteSpace" : false
    }, {
      "id" : "s6-t3",
      "begin" : 514,
      "end" : 520,
      "text" : "Júnior",
      "whiteSpace" : false
    }, {
      "id" : "s6-t4",
      "begin" : 521,
      "end" : 531,
      "text" : "Secretário",
      "whiteSpace" : false
    }, {
      "id" : "s6-t5",
      "begin" : 532,
      "end" : 534,
      "text" : "da",
      "whiteSpace" : false
    }, {
      "id" : "s6-t6",
      "begin" : 535,
      "end" : 539,
      "text" : "Casa",
      "whiteSpace" : false
    }, {
      "id" : "s6-t7",
      "begin" : 540,
      "end" : 545,
      "text" : "Civil",
      "whiteSpace" : false
    }, {
      "id" : "s6-t8",
      "begin" : 546,
      "end" : 548,
      "text" : "do",
      "whiteSpace" : false
    }, {
      "id" : "s6-t9",
      "begin" : 549,
      "end" : 558,
      "text" : "Município",
      "whiteSpace" : false
    }, {
      "id" : "s6-t10",
      "begin" : 559,
      "end" : 561,
      "text" : "de",
      "whiteSpace" : false
    }, {
      "id" : "s6-t11",
      "begin" : 562,
      "end" : 568,
      "text" : "Palmas",
      "whiteSpace" : false
    } ]
  } ],
  "mentions" : [ {
    "id" : "s0-m1",
    "properties" : {
      "SIRE_MENTION_ROLE" : "portaria",
      "SIRE_ENTITY_SUBTYPE" : "NONE",
      "SIRE_MENTION_TYPE" : "NONE",
      "SIRE_MENTION_CLASS" : "SPC"
    },
    "type" : "portaria",
    "begin" : 12,
    "end" : 15,
    "inCoref" : false
  }, {
    "id" : "s0-m2",
    "properties" : {
      "SIRE_MENTION_ROLE" : "dia",
      "SIRE_ENTITY_SUBTYPE" : "NONE",
      "SIRE_MENTION_TYPE" : "NONE",
      "SIRE_MENTION_CLASS" : "SPC"
    },
    "type" : "dia",
    "begin" : 20,
    "end" : 22,
    "inCoref" : false
  }, {
    "id" : "s0-m3",
    "properties" : {
      "SIRE_MENTION_ROLE" : "mes",
      "SIRE_ENTITY_SUBTYPE" : "NONE",
      "SIRE_MENTION_TYPE" : "NONE",
      "SIRE_MENTION_CLASS" : "SPC"
    },
    "type" : "mes",
    "begin" : 26,
    "end" : 34,
    "inCoref" : false
  }, {
    "id" : "s0-m4",
    "properties" : {
      "SIRE_MENTION_ROLE" : "ano",
      "SIRE_ENTITY_SUBTYPE" : "NONE",
      "SIRE_MENTION_TYPE" : "NONE",
      "SIRE_MENTION_CLASS" : "SPC"
    },
    "type" : "ano",
    "begin" : 38,
    "end" : 42,
    "inCoref" : false
  }, {
    "id" : "s2-m1",
    "properties" : {
      "SIRE_MENTION_ROLE" : "ato",
      "SIRE_ENTITY_SUBTYPE" : "NONE",
      "SIRE_MENTION_TYPE" : "NONE",
      "SIRE_MENTION_CLASS" : "SPC"
    },
    "type" : "ato",
    "begin" : 195,
    "end" : 204,
    "inCoref" : false
  }, {
    "id" : "s2-m2",
    "properties" : {
      "SIRE_MENTION_ROLE" : "nome",
      "SIRE_ENTITY_SUBTYPE" : "NONE",
      "SIRE_MENTION_TYPE" : "NONE",
      "SIRE_MENTION_CLASS" : "SPC"
    },
    "type" : "nome",
    "begin" : 205,
    "end" : 240,
    "inCoref" : false
  }, {
    "id" : "s2-m3",
    "properties" : {
      "SIRE_MENTION_ROLE" : "cargo",
      "SIRE_ENTITY_SUBTYPE" : "NONE",
      "SIRE_MENTION_TYPE" : "NONE",
      "SIRE_MENTION_CLASS" : "SPC"
    },
    "type" : "cargo",
    "begin" : 253,
    "end" : 297,
    "inCoref" : false
  }, {
    "id" : "s5-m1",
    "properties" : {
      "SIRE_MENTION_ROLE" : "dia",
      "SIRE_ENTITY_SUBTYPE" : "NONE",
      "SIRE_MENTION_TYPE" : "NONE",
      "SIRE_MENTION_CLASS" : "SPC"
    },
    "type" : "dia",
    "begin" : 463,
    "end" : 465,
    "inCoref" : false
  }, {
    "id" : "s5-m2",
    "properties" : {
      "SIRE_MENTION_ROLE" : "mes",
      "SIRE_ENTITY_SUBTYPE" : "NONE",
      "SIRE_MENTION_TYPE" : "NONE",
      "SIRE_MENTION_CLASS" : "SPC"
    },
    "type" : "mes",
    "begin" : 469,
    "end" : 477,
    "inCoref" : false
  }, {
    "id" : "s5-m3",
    "properties" : {
      "SIRE_MENTION_ROLE" : "ano",
      "SIRE_ENTITY_SUBTYPE" : "NONE",
      "SIRE_MENTION_TYPE" : "NONE",
      "SIRE_MENTION_CLASS" : "SPC"
    },
    "type" : "ano",
    "begin" : 481,
    "end" : 485,
    "inCoref" : false
  } ],
  "relations" : [ ],
  "corefs" : [ ],
  "typeResolved" : true,
  "userResolved" : false
}