{
  "id" : "28608c60-6fe6-11ec-8aab-63cd9c950ac0-4",
  "name" : "buffer_pal_exo_05.txt",
  "createdDate" : 0,
  "version" : 3,
  "text" : "PORTARIA Nº 905, DE 9 DE DEZEMBRO DE 2021. O SECRETÁRIO DA CASA CIVIL DO MUNICÍPIO DE PALMAS, no uso da atribuição que lhe confere o Decreto nº 1.594, de 19 de abril de 2018, RESOLVE: Art . 1° É exonerada FERNANDA GUTIERREZ YAMAMOTO do cargo de Assessor Jurídico - DAS-5, da Secretaria Municipal de Desenvolvimento Social, a partir de 10 de dezembro de 2021. Art. 2° Esta Portaria entra em vigor na data de sua publicação. Palmas, 9 de dezembro de 2021. Agostinho Araújo Rodrigues Júnior Secretário da Casa Civil do Município de Palmas\n",
  "docLength" : 0,
  "language" : "PT",
  "status" : "IN_PROGRESS",
  "modifiedDate" : 1641607718057,
  "documentSet" : [ ],
  "preannotation" : [ ],
  "sentences" : [ {
    "id" : "s0",
    "begin" : 0,
    "end" : 42,
    "text" : "PORTARIA Nº 905, DE 9 DE DEZEMBRO DE 2021.",
    "tokens" : [ {
      "id" : "s0-t0",
      "begin" : 0,
      "end" : 8,
      "text" : "PORTARIA",
      "whiteSpace" : false
    }, {
      "id" : "s0-t1",
      "begin" : 9,
      "end" : 11,
      "text" : "Nº",
      "whiteSpace" : false
    }, {
      "id" : "s0-t2",
      "begin" : 12,
      "end" : 15,
      "text" : "905",
      "whiteSpace" : false
    }, {
      "id" : "s0-t3",
      "begin" : 15,
      "end" : 16,
      "text" : ",",
      "whiteSpace" : false
    }, {
      "id" : "s0-t4",
      "begin" : 17,
      "end" : 19,
      "text" : "DE",
      "whiteSpace" : false
    }, {
      "id" : "s0-t5",
      "begin" : 20,
      "end" : 21,
      "text" : "9",
      "whiteSpace" : false
    }, {
      "id" : "s0-t6",
      "begin" : 22,
      "end" : 24,
      "text" : "DE",
      "whiteSpace" : false
    }, {
      "id" : "s0-t7",
      "begin" : 25,
      "end" : 33,
      "text" : "DEZEMBRO",
      "whiteSpace" : false
    }, {
      "id" : "s0-t8",
      "begin" : 34,
      "end" : 36,
      "text" : "DE",
      "whiteSpace" : false
    }, {
      "id" : "s0-t9",
      "begin" : 37,
      "end" : 41,
      "text" : "2021",
      "whiteSpace" : false
    }, {
      "id" : "s0-t10",
      "begin" : 41,
      "end" : 42,
      "text" : ".",
      "whiteSpace" : false
    } ]
  }, {
    "id" : "s1",
    "begin" : 43,
    "end" : 189,
    "text" : "O SECRETÁRIO DA CASA CIVIL DO MUNICÍPIO DE PALMAS, no uso da atribuição que lhe confere o Decreto nº 1.594, de 19 de abril de 2018, RESOLVE: Art .",
    "tokens" : [ {
      "id" : "s1-t0",
      "begin" : 43,
      "end" : 44,
      "text" : "O",
      "whiteSpace" : false
    }, {
      "id" : "s1-t1",
      "begin" : 45,
      "end" : 55,
      "text" : "SECRETÁRIO",
      "whiteSpace" : false
    }, {
      "id" : "s1-t2",
      "begin" : 56,
      "end" : 58,
      "text" : "DA",
      "whiteSpace" : false
    }, {
      "id" : "s1-t3",
      "begin" : 59,
      "end" : 63,
      "text" : "CASA",
      "whiteSpace" : false
    }, {
      "id" : "s1-t4",
      "begin" : 64,
      "end" : 69,
      "text" : "CIVIL",
      "whiteSpace" : false
    }, {
      "id" : "s1-t5",
      "begin" : 70,
      "end" : 72,
      "text" : "DO",
      "whiteSpace" : false
    }, {
      "id" : "s1-t6",
      "begin" : 73,
      "end" : 82,
      "text" : "MUNICÍPIO",
      "whiteSpace" : false
    }, {
      "id" : "s1-t7",
      "begin" : 83,
      "end" : 85,
      "text" : "DE",
      "whiteSpace" : false
    }, {
      "id" : "s1-t8",
      "begin" : 86,
      "end" : 92,
      "text" : "PALMAS",
      "whiteSpace" : false
    }, {
      "id" : "s1-t9",
      "begin" : 92,
      "end" : 93,
      "text" : ",",
      "whiteSpace" : false
    }, {
      "id" : "s1-t10",
      "begin" : 94,
      "end" : 96,
      "text" : "no",
      "whiteSpace" : false
    }, {
      "id" : "s1-t11",
      "begin" : 97,
      "end" : 100,
      "text" : "uso",
      "whiteSpace" : false
    }, {
      "id" : "s1-t12",
      "begin" : 101,
      "end" : 103,
      "text" : "da",
      "whiteSpace" : false
    }, {
      "id" : "s1-t13",
      "begin" : 104,
      "end" : 114,
      "text" : "atribuição",
      "whiteSpace" : false
    }, {
      "id" : "s1-t14",
      "begin" : 115,
      "end" : 118,
      "text" : "que",
      "whiteSpace" : false
    }, {
      "id" : "s1-t15",
      "begin" : 119,
      "end" : 122,
      "text" : "lhe",
      "whiteSpace" : false
    }, {
      "id" : "s1-t16",
      "begin" : 123,
      "end" : 130,
      "text" : "confere",
      "whiteSpace" : false
    }, {
      "id" : "s1-t17",
      "begin" : 131,
      "end" : 132,
      "text" : "o",
      "whiteSpace" : false
    }, {
      "id" : "s1-t18",
      "begin" : 133,
      "end" : 140,
      "text" : "Decreto",
      "whiteSpace" : false
    }, {
      "id" : "s1-t19",
      "begin" : 141,
      "end" : 143,
      "text" : "nº",
      "whiteSpace" : false
    }, {
      "id" : "s1-t20",
      "begin" : 144,
      "end" : 149,
      "text" : "1.594",
      "whiteSpace" : false
    }, {
      "id" : "s1-t21",
      "begin" : 149,
      "end" : 150,
      "text" : ",",
      "whiteSpace" : false
    }, {
      "id" : "s1-t22",
      "begin" : 151,
      "end" : 153,
      "text" : "de",
      "whiteSpace" : false
    }, {
      "id" : "s1-t23",
      "begin" : 154,
      "end" : 156,
      "text" : "19",
      "whiteSpace" : false
    }, {
      "id" : "s1-t24",
      "begin" : 157,
      "end" : 159,
      "text" : "de",
      "whiteSpace" : false
    }, {
      "id" : "s1-t25",
      "begin" : 160,
      "end" : 165,
      "text" : "abril",
      "whiteSpace" : false
    }, {
      "id" : "s1-t26",
      "begin" : 166,
      "end" : 168,
      "text" : "de",
      "whiteSpace" : false
    }, {
      "id" : "s1-t27",
      "begin" : 169,
      "end" : 173,
      "text" : "2018",
      "whiteSpace" : false
    }, {
      "id" : "s1-t28",
      "begin" : 173,
      "end" : 174,
      "text" : ",",
      "whiteSpace" : false
    }, {
      "id" : "s1-t29",
      "begin" : 175,
      "end" : 182,
      "text" : "RESOLVE",
      "whiteSpace" : false
    }, {
      "id" : "s1-t30",
      "begin" : 182,
      "end" : 183,
      "text" : ":",
      "whiteSpace" : false
    }, {
      "id" : "s1-t31",
      "begin" : 184,
      "end" : 187,
      "text" : "Art",
      "whiteSpace" : false
    }, {
      "id" : "s1-t32",
      "begin" : 188,
      "end" : 189,
      "text" : ".",
      "whiteSpace" : false
    } ]
  }, {
    "id" : "s2",
    "begin" : 190,
    "end" : 358,
    "text" : "1° É exonerada FERNANDA GUTIERREZ YAMAMOTO do cargo de Assessor Jurídico - DAS-5, da Secretaria Municipal de Desenvolvimento Social, a partir de 10 de dezembro de 2021.",
    "tokens" : [ {
      "id" : "s2-t0",
      "begin" : 190,
      "end" : 191,
      "text" : "1",
      "whiteSpace" : false
    }, {
      "id" : "s2-t1",
      "begin" : 191,
      "end" : 192,
      "text" : "°",
      "whiteSpace" : false
    }, {
      "id" : "s2-t2",
      "begin" : 193,
      "end" : 194,
      "text" : "É",
      "whiteSpace" : false
    }, {
      "id" : "s2-t3",
      "begin" : 195,
      "end" : 204,
      "text" : "exonerada",
      "whiteSpace" : false
    }, {
      "id" : "s2-t4",
      "begin" : 205,
      "end" : 213,
      "text" : "FERNANDA",
      "whiteSpace" : false
    }, {
      "id" : "s2-t5",
      "begin" : 214,
      "end" : 223,
      "text" : "GUTIERREZ",
      "whiteSpace" : false
    }, {
      "id" : "s2-t6",
      "begin" : 224,
      "end" : 232,
      "text" : "YAMAMOTO",
      "whiteSpace" : false
    }, {
      "id" : "s2-t7",
      "begin" : 233,
      "end" : 235,
      "text" : "do",
      "whiteSpace" : false
    }, {
      "id" : "s2-t8",
      "begin" : 236,
      "end" : 241,
      "text" : "cargo",
      "whiteSpace" : false
    }, {
      "id" : "s2-t9",
      "begin" : 242,
      "end" : 244,
      "text" : "de",
      "whiteSpace" : false
    }, {
      "id" : "s2-t10",
      "begin" : 245,
      "end" : 253,
      "text" : "Assessor",
      "whiteSpace" : false
    }, {
      "id" : "s2-t11",
      "begin" : 254,
      "end" : 262,
      "text" : "Jurídico",
      "whiteSpace" : false
    }, {
      "id" : "s2-t12",
      "begin" : 263,
      "end" : 264,
      "text" : "-",
      "whiteSpace" : false
    }, {
      "id" : "s2-t13",
      "begin" : 265,
      "end" : 270,
      "text" : "DAS-5",
      "whiteSpace" : false
    }, {
      "id" : "s2-t14",
      "begin" : 270,
      "end" : 271,
      "text" : ",",
      "whiteSpace" : false
    }, {
      "id" : "s2-t15",
      "begin" : 272,
      "end" : 274,
      "text" : "da",
      "whiteSpace" : false
    }, {
      "id" : "s2-t16",
      "begin" : 275,
      "end" : 285,
      "text" : "Secretaria",
      "whiteSpace" : false
    }, {
      "id" : "s2-t17",
      "begin" : 286,
      "end" : 295,
      "text" : "Municipal",
      "whiteSpace" : false
    }, {
      "id" : "s2-t18",
      "begin" : 296,
      "end" : 298,
      "text" : "de",
      "whiteSpace" : false
    }, {
      "id" : "s2-t19",
      "begin" : 299,
      "end" : 314,
      "text" : "Desenvolvimento",
      "whiteSpace" : false
    }, {
      "id" : "s2-t20",
      "begin" : 315,
      "end" : 321,
      "text" : "Social",
      "whiteSpace" : false
    }, {
      "id" : "s2-t21",
      "begin" : 321,
      "end" : 322,
      "text" : ",",
      "whiteSpace" : false
    }, {
      "id" : "s2-t22",
      "begin" : 323,
      "end" : 324,
      "text" : "a",
      "whiteSpace" : false
    }, {
      "id" : "s2-t23",
      "begin" : 325,
      "end" : 331,
      "text" : "partir",
      "whiteSpace" : false
    }, {
      "id" : "s2-t24",
      "begin" : 332,
      "end" : 334,
      "text" : "de",
      "whiteSpace" : false
    }, {
      "id" : "s2-t25",
      "begin" : 335,
      "end" : 337,
      "text" : "10",
      "whiteSpace" : false
    }, {
      "id" : "s2-t26",
      "begin" : 338,
      "end" : 340,
      "text" : "de",
      "whiteSpace" : false
    }, {
      "id" : "s2-t27",
      "begin" : 341,
      "end" : 349,
      "text" : "dezembro",
      "whiteSpace" : false
    }, {
      "id" : "s2-t28",
      "begin" : 350,
      "end" : 352,
      "text" : "de",
      "whiteSpace" : false
    }, {
      "id" : "s2-t29",
      "begin" : 353,
      "end" : 357,
      "text" : "2021",
      "whiteSpace" : false
    }, {
      "id" : "s2-t30",
      "begin" : 357,
      "end" : 358,
      "text" : ".",
      "whiteSpace" : false
    } ]
  }, {
    "id" : "s3",
    "begin" : 359,
    "end" : 363,
    "text" : "Art.",
    "tokens" : [ {
      "id" : "s3-t0",
      "begin" : 359,
      "end" : 362,
      "text" : "Art",
      "whiteSpace" : false
    }, {
      "id" : "s3-t1",
      "begin" : 362,
      "end" : 363,
      "text" : ".",
      "whiteSpace" : false
    } ]
  }, {
    "id" : "s4",
    "begin" : 364,
    "end" : 422,
    "text" : "2° Esta Portaria entra em vigor na data de sua publicação.",
    "tokens" : [ {
      "id" : "s4-t0",
      "begin" : 364,
      "end" : 365,
      "text" : "2",
      "whiteSpace" : false
    }, {
      "id" : "s4-t1",
      "begin" : 365,
      "end" : 366,
      "text" : "°",
      "whiteSpace" : false
    }, {
      "id" : "s4-t2",
      "begin" : 367,
      "end" : 371,
      "text" : "Esta",
      "whiteSpace" : false
    }, {
      "id" : "s4-t3",
      "begin" : 372,
      "end" : 380,
      "text" : "Portaria",
      "whiteSpace" : false
    }, {
      "id" : "s4-t4",
      "begin" : 381,
      "end" : 386,
      "text" : "entra",
      "whiteSpace" : false
    }, {
      "id" : "s4-t5",
      "begin" : 387,
      "end" : 389,
      "text" : "em",
      "whiteSpace" : false
    }, {
      "id" : "s4-t6",
      "begin" : 390,
      "end" : 395,
      "text" : "vigor",
      "whiteSpace" : false
    }, {
      "id" : "s4-t7",
      "begin" : 396,
      "end" : 398,
      "text" : "na",
      "whiteSpace" : false
    }, {
      "id" : "s4-t8",
      "begin" : 399,
      "end" : 403,
      "text" : "data",
      "whiteSpace" : false
    }, {
      "id" : "s4-t9",
      "begin" : 404,
      "end" : 406,
      "text" : "de",
      "whiteSpace" : false
    }, {
      "id" : "s4-t10",
      "begin" : 407,
      "end" : 410,
      "text" : "sua",
      "whiteSpace" : false
    }, {
      "id" : "s4-t11",
      "begin" : 411,
      "end" : 421,
      "text" : "publicação",
      "whiteSpace" : false
    }, {
      "id" : "s4-t12",
      "begin" : 421,
      "end" : 422,
      "text" : ".",
      "whiteSpace" : false
    } ]
  }, {
    "id" : "s5",
    "begin" : 423,
    "end" : 453,
    "text" : "Palmas, 9 de dezembro de 2021.",
    "tokens" : [ {
      "id" : "s5-t0",
      "begin" : 423,
      "end" : 429,
      "text" : "Palmas",
      "whiteSpace" : false
    }, {
      "id" : "s5-t1",
      "begin" : 429,
      "end" : 430,
      "text" : ",",
      "whiteSpace" : false
    }, {
      "id" : "s5-t2",
      "begin" : 431,
      "end" : 432,
      "text" : "9",
      "whiteSpace" : false
    }, {
      "id" : "s5-t3",
      "begin" : 433,
      "end" : 435,
      "text" : "de",
      "whiteSpace" : false
    }, {
      "id" : "s5-t4",
      "begin" : 436,
      "end" : 444,
      "text" : "dezembro",
      "whiteSpace" : false
    }, {
      "id" : "s5-t5",
      "begin" : 445,
      "end" : 447,
      "text" : "de",
      "whiteSpace" : false
    }, {
      "id" : "s5-t6",
      "begin" : 448,
      "end" : 452,
      "text" : "2021",
      "whiteSpace" : false
    }, {
      "id" : "s5-t7",
      "begin" : 452,
      "end" : 453,
      "text" : ".",
      "whiteSpace" : false
    } ]
  }, {
    "id" : "s6",
    "begin" : 454,
    "end" : 535,
    "text" : "Agostinho Araújo Rodrigues Júnior Secretário da Casa Civil do Município de Palmas",
    "tokens" : [ {
      "id" : "s6-t0",
      "begin" : 454,
      "end" : 463,
      "text" : "Agostinho",
      "whiteSpace" : false
    }, {
      "id" : "s6-t1",
      "begin" : 464,
      "end" : 470,
      "text" : "Araújo",
      "whiteSpace" : false
    }, {
      "id" : "s6-t2",
      "begin" : 471,
      "end" : 480,
      "text" : "Rodrigues",
      "whiteSpace" : false
    }, {
      "id" : "s6-t3",
      "begin" : 481,
      "end" : 487,
      "text" : "Júnior",
      "whiteSpace" : false
    }, {
      "id" : "s6-t4",
      "begin" : 488,
      "end" : 498,
      "text" : "Secretário",
      "whiteSpace" : false
    }, {
      "id" : "s6-t5",
      "begin" : 499,
      "end" : 501,
      "text" : "da",
      "whiteSpace" : false
    }, {
      "id" : "s6-t6",
      "begin" : 502,
      "end" : 506,
      "text" : "Casa",
      "whiteSpace" : false
    }, {
      "id" : "s6-t7",
      "begin" : 507,
      "end" : 512,
      "text" : "Civil",
      "whiteSpace" : false
    }, {
      "id" : "s6-t8",
      "begin" : 513,
      "end" : 515,
      "text" : "do",
      "whiteSpace" : false
    }, {
      "id" : "s6-t9",
      "begin" : 516,
      "end" : 525,
      "text" : "Município",
      "whiteSpace" : false
    }, {
      "id" : "s6-t10",
      "begin" : 526,
      "end" : 528,
      "text" : "de",
      "whiteSpace" : false
    }, {
      "id" : "s6-t11",
      "begin" : 529,
      "end" : 535,
      "text" : "Palmas",
      "whiteSpace" : false
    } ]
  } ],
  "mentions" : [ {
    "id" : "s0-m1",
    "properties" : {
      "SIRE_MENTION_ROLE" : "portaria",
      "SIRE_ENTITY_SUBTYPE" : "NONE",
      "SIRE_MENTION_TYPE" : "NONE",
      "SIRE_MENTION_CLASS" : "SPC"
    },
    "type" : "portaria",
    "begin" : 12,
    "end" : 15,
    "inCoref" : false
  }, {
    "id" : "s0-m2",
    "properties" : {
      "SIRE_MENTION_ROLE" : "dia",
      "SIRE_ENTITY_SUBTYPE" : "NONE",
      "SIRE_MENTION_TYPE" : "NONE",
      "SIRE_MENTION_CLASS" : "SPC"
    },
    "type" : "dia",
    "begin" : 20,
    "end" : 21,
    "inCoref" : false
  }, {
    "id" : "s0-m3",
    "properties" : {
      "SIRE_MENTION_ROLE" : "mes",
      "SIRE_ENTITY_SUBTYPE" : "NONE",
      "SIRE_MENTION_TYPE" : "NONE",
      "SIRE_MENTION_CLASS" : "SPC"
    },
    "type" : "mes",
    "begin" : 25,
    "end" : 33,
    "inCoref" : false
  }, {
    "id" : "s0-m4",
    "properties" : {
      "SIRE_MENTION_ROLE" : "ano",
      "SIRE_ENTITY_SUBTYPE" : "NONE",
      "SIRE_MENTION_TYPE" : "NONE",
      "SIRE_MENTION_CLASS" : "SPC"
    },
    "type" : "ano",
    "begin" : 37,
    "end" : 41,
    "inCoref" : false
  }, {
    "id" : "s2-m1",
    "properties" : {
      "SIRE_MENTION_ROLE" : "ato",
      "SIRE_ENTITY_SUBTYPE" : "NONE",
      "SIRE_MENTION_TYPE" : "NONE",
      "SIRE_MENTION_CLASS" : "SPC"
    },
    "type" : "ato",
    "begin" : 195,
    "end" : 204,
    "inCoref" : false
  }, {
    "id" : "s2-m2",
    "properties" : {
      "SIRE_MENTION_ROLE" : "nome",
      "SIRE_ENTITY_SUBTYPE" : "NONE",
      "SIRE_MENTION_TYPE" : "NONE",
      "SIRE_MENTION_CLASS" : "SPC"
    },
    "type" : "nome",
    "begin" : 205,
    "end" : 232,
    "inCoref" : false
  }, {
    "id" : "s2-m3",
    "properties" : {
      "SIRE_MENTION_ROLE" : "cargo",
      "SIRE_ENTITY_SUBTYPE" : "NONE",
      "SIRE_MENTION_TYPE" : "NONE",
      "SIRE_MENTION_CLASS" : "SPC"
    },
    "type" : "cargo",
    "begin" : 245,
    "end" : 262,
    "inCoref" : false
  } ],
  "relations" : [ ],
  "corefs" : [ ],
  "typeResolved" : true,
  "userResolved" : false
}