{
  "id" : "28608c60-6fe6-11ec-8aab-63cd9c950ac0-2",
  "name" : "buffer_pal_exo_03.txt",
  "createdDate" : 0,
  "version" : 3,
  "text" : "PORTARIA Nº 897, DE 8 DE DEZEMBRO DE 2021. O SECRETÁRIO DA CASA CIVIL DO MUNICÍPIO DE PALMAS, no uso da atribuição que lhe confere o Decreto nº 1.594, de 19 de abril de 2018, RESOLVE: Art. 1° É exonerado JURANDIR PEREIRA DA SILVA do cargo de Assistente de Gabinete II - DAS-9, da Secretaria Municipal da Saúde, a partir de 9 de dezembro de 2021. Art. 2° Esta Portaria entra em vigor na data de sua publicação. Palmas, 8 de dezembro de 2021.",
  "docLength" : 0,
  "language" : "PT",
  "status" : "IN_PROGRESS",
  "modifiedDate" : 1641607651550,
  "documentSet" : [ ],
  "preannotation" : [ ],
  "sentences" : [ {
    "id" : "s0",
    "begin" : 0,
    "end" : 42,
    "text" : "PORTARIA Nº 897, DE 8 DE DEZEMBRO DE 2021.",
    "tokens" : [ {
      "id" : "s0-t0",
      "begin" : 0,
      "end" : 8,
      "text" : "PORTARIA",
      "whiteSpace" : false
    }, {
      "id" : "s0-t1",
      "begin" : 9,
      "end" : 11,
      "text" : "Nº",
      "whiteSpace" : false
    }, {
      "id" : "s0-t2",
      "begin" : 12,
      "end" : 15,
      "text" : "897",
      "whiteSpace" : false
    }, {
      "id" : "s0-t3",
      "begin" : 15,
      "end" : 16,
      "text" : ",",
      "whiteSpace" : false
    }, {
      "id" : "s0-t4",
      "begin" : 17,
      "end" : 19,
      "text" : "DE",
      "whiteSpace" : false
    }, {
      "id" : "s0-t5",
      "begin" : 20,
      "end" : 21,
      "text" : "8",
      "whiteSpace" : false
    }, {
      "id" : "s0-t6",
      "begin" : 22,
      "end" : 24,
      "text" : "DE",
      "whiteSpace" : false
    }, {
      "id" : "s0-t7",
      "begin" : 25,
      "end" : 33,
      "text" : "DEZEMBRO",
      "whiteSpace" : false
    }, {
      "id" : "s0-t8",
      "begin" : 34,
      "end" : 36,
      "text" : "DE",
      "whiteSpace" : false
    }, {
      "id" : "s0-t9",
      "begin" : 37,
      "end" : 41,
      "text" : "2021",
      "whiteSpace" : false
    }, {
      "id" : "s0-t10",
      "begin" : 41,
      "end" : 42,
      "text" : ".",
      "whiteSpace" : false
    } ]
  }, {
    "id" : "s1",
    "begin" : 43,
    "end" : 188,
    "text" : "O SECRETÁRIO DA CASA CIVIL DO MUNICÍPIO DE PALMAS, no uso da atribuição que lhe confere o Decreto nº 1.594, de 19 de abril de 2018, RESOLVE: Art.",
    "tokens" : [ {
      "id" : "s1-t0",
      "begin" : 43,
      "end" : 44,
      "text" : "O",
      "whiteSpace" : false
    }, {
      "id" : "s1-t1",
      "begin" : 45,
      "end" : 55,
      "text" : "SECRETÁRIO",
      "whiteSpace" : false
    }, {
      "id" : "s1-t2",
      "begin" : 56,
      "end" : 58,
      "text" : "DA",
      "whiteSpace" : false
    }, {
      "id" : "s1-t3",
      "begin" : 59,
      "end" : 63,
      "text" : "CASA",
      "whiteSpace" : false
    }, {
      "id" : "s1-t4",
      "begin" : 64,
      "end" : 69,
      "text" : "CIVIL",
      "whiteSpace" : false
    }, {
      "id" : "s1-t5",
      "begin" : 70,
      "end" : 72,
      "text" : "DO",
      "whiteSpace" : false
    }, {
      "id" : "s1-t6",
      "begin" : 73,
      "end" : 82,
      "text" : "MUNICÍPIO",
      "whiteSpace" : false
    }, {
      "id" : "s1-t7",
      "begin" : 83,
      "end" : 85,
      "text" : "DE",
      "whiteSpace" : false
    }, {
      "id" : "s1-t8",
      "begin" : 86,
      "end" : 92,
      "text" : "PALMAS",
      "whiteSpace" : false
    }, {
      "id" : "s1-t9",
      "begin" : 92,
      "end" : 93,
      "text" : ",",
      "whiteSpace" : false
    }, {
      "id" : "s1-t10",
      "begin" : 94,
      "end" : 96,
      "text" : "no",
      "whiteSpace" : false
    }, {
      "id" : "s1-t11",
      "begin" : 97,
      "end" : 100,
      "text" : "uso",
      "whiteSpace" : false
    }, {
      "id" : "s1-t12",
      "begin" : 101,
      "end" : 103,
      "text" : "da",
      "whiteSpace" : false
    }, {
      "id" : "s1-t13",
      "begin" : 104,
      "end" : 114,
      "text" : "atribuição",
      "whiteSpace" : false
    }, {
      "id" : "s1-t14",
      "begin" : 115,
      "end" : 118,
      "text" : "que",
      "whiteSpace" : false
    }, {
      "id" : "s1-t15",
      "begin" : 119,
      "end" : 122,
      "text" : "lhe",
      "whiteSpace" : false
    }, {
      "id" : "s1-t16",
      "begin" : 123,
      "end" : 130,
      "text" : "confere",
      "whiteSpace" : false
    }, {
      "id" : "s1-t17",
      "begin" : 131,
      "end" : 132,
      "text" : "o",
      "whiteSpace" : false
    }, {
      "id" : "s1-t18",
      "begin" : 133,
      "end" : 140,
      "text" : "Decreto",
      "whiteSpace" : false
    }, {
      "id" : "s1-t19",
      "begin" : 141,
      "end" : 143,
      "text" : "nº",
      "whiteSpace" : false
    }, {
      "id" : "s1-t20",
      "begin" : 144,
      "end" : 149,
      "text" : "1.594",
      "whiteSpace" : false
    }, {
      "id" : "s1-t21",
      "begin" : 149,
      "end" : 150,
      "text" : ",",
      "whiteSpace" : false
    }, {
      "id" : "s1-t22",
      "begin" : 151,
      "end" : 153,
      "text" : "de",
      "whiteSpace" : false
    }, {
      "id" : "s1-t23",
      "begin" : 154,
      "end" : 156,
      "text" : "19",
      "whiteSpace" : false
    }, {
      "id" : "s1-t24",
      "begin" : 157,
      "end" : 159,
      "text" : "de",
      "whiteSpace" : false
    }, {
      "id" : "s1-t25",
      "begin" : 160,
      "end" : 165,
      "text" : "abril",
      "whiteSpace" : false
    }, {
      "id" : "s1-t26",
      "begin" : 166,
      "end" : 168,
      "text" : "de",
      "whiteSpace" : false
    }, {
      "id" : "s1-t27",
      "begin" : 169,
      "end" : 173,
      "text" : "2018",
      "whiteSpace" : false
    }, {
      "id" : "s1-t28",
      "begin" : 173,
      "end" : 174,
      "text" : ",",
      "whiteSpace" : false
    }, {
      "id" : "s1-t29",
      "begin" : 175,
      "end" : 182,
      "text" : "RESOLVE",
      "whiteSpace" : false
    }, {
      "id" : "s1-t30",
      "begin" : 182,
      "end" : 183,
      "text" : ":",
      "whiteSpace" : false
    }, {
      "id" : "s1-t31",
      "begin" : 184,
      "end" : 187,
      "text" : "Art",
      "whiteSpace" : false
    }, {
      "id" : "s1-t32",
      "begin" : 187,
      "end" : 188,
      "text" : ".",
      "whiteSpace" : false
    } ]
  }, {
    "id" : "s2",
    "begin" : 189,
    "end" : 345,
    "text" : "1° É exonerado JURANDIR PEREIRA DA SILVA do cargo de Assistente de Gabinete II - DAS-9, da Secretaria Municipal da Saúde, a partir de 9 de dezembro de 2021.",
    "tokens" : [ {
      "id" : "s2-t0",
      "begin" : 189,
      "end" : 190,
      "text" : "1",
      "whiteSpace" : false
    }, {
      "id" : "s2-t1",
      "begin" : 190,
      "end" : 191,
      "text" : "°",
      "whiteSpace" : false
    }, {
      "id" : "s2-t2",
      "begin" : 192,
      "end" : 193,
      "text" : "É",
      "whiteSpace" : false
    }, {
      "id" : "s2-t3",
      "begin" : 194,
      "end" : 203,
      "text" : "exonerado",
      "whiteSpace" : false
    }, {
      "id" : "s2-t4",
      "begin" : 204,
      "end" : 212,
      "text" : "JURANDIR",
      "whiteSpace" : false
    }, {
      "id" : "s2-t5",
      "begin" : 213,
      "end" : 220,
      "text" : "PEREIRA",
      "whiteSpace" : false
    }, {
      "id" : "s2-t6",
      "begin" : 221,
      "end" : 223,
      "text" : "DA",
      "whiteSpace" : false
    }, {
      "id" : "s2-t7",
      "begin" : 224,
      "end" : 229,
      "text" : "SILVA",
      "whiteSpace" : false
    }, {
      "id" : "s2-t8",
      "begin" : 230,
      "end" : 232,
      "text" : "do",
      "whiteSpace" : false
    }, {
      "id" : "s2-t9",
      "begin" : 233,
      "end" : 238,
      "text" : "cargo",
      "whiteSpace" : false
    }, {
      "id" : "s2-t10",
      "begin" : 239,
      "end" : 241,
      "text" : "de",
      "whiteSpace" : false
    }, {
      "id" : "s2-t11",
      "begin" : 242,
      "end" : 252,
      "text" : "Assistente",
      "whiteSpace" : false
    }, {
      "id" : "s2-t12",
      "begin" : 253,
      "end" : 255,
      "text" : "de",
      "whiteSpace" : false
    }, {
      "id" : "s2-t13",
      "begin" : 256,
      "end" : 264,
      "text" : "Gabinete",
      "whiteSpace" : false
    }, {
      "id" : "s2-t14",
      "begin" : 265,
      "end" : 267,
      "text" : "II",
      "whiteSpace" : false
    }, {
      "id" : "s2-t15",
      "begin" : 268,
      "end" : 269,
      "text" : "-",
      "whiteSpace" : false
    }, {
      "id" : "s2-t16",
      "begin" : 270,
      "end" : 275,
      "text" : "DAS-9",
      "whiteSpace" : false
    }, {
      "id" : "s2-t17",
      "begin" : 275,
      "end" : 276,
      "text" : ",",
      "whiteSpace" : false
    }, {
      "id" : "s2-t18",
      "begin" : 277,
      "end" : 279,
      "text" : "da",
      "whiteSpace" : false
    }, {
      "id" : "s2-t19",
      "begin" : 280,
      "end" : 290,
      "text" : "Secretaria",
      "whiteSpace" : false
    }, {
      "id" : "s2-t20",
      "begin" : 291,
      "end" : 300,
      "text" : "Municipal",
      "whiteSpace" : false
    }, {
      "id" : "s2-t21",
      "begin" : 301,
      "end" : 303,
      "text" : "da",
      "whiteSpace" : false
    }, {
      "id" : "s2-t22",
      "begin" : 304,
      "end" : 309,
      "text" : "Saúde",
      "whiteSpace" : false
    }, {
      "id" : "s2-t23",
      "begin" : 309,
      "end" : 310,
      "text" : ",",
      "whiteSpace" : false
    }, {
      "id" : "s2-t24",
      "begin" : 311,
      "end" : 312,
      "text" : "a",
      "whiteSpace" : false
    }, {
      "id" : "s2-t25",
      "begin" : 313,
      "end" : 319,
      "text" : "partir",
      "whiteSpace" : false
    }, {
      "id" : "s2-t26",
      "begin" : 320,
      "end" : 322,
      "text" : "de",
      "whiteSpace" : false
    }, {
      "id" : "s2-t27",
      "begin" : 323,
      "end" : 324,
      "text" : "9",
      "whiteSpace" : false
    }, {
      "id" : "s2-t28",
      "begin" : 325,
      "end" : 327,
      "text" : "de",
      "whiteSpace" : false
    }, {
      "id" : "s2-t29",
      "begin" : 328,
      "end" : 336,
      "text" : "dezembro",
      "whiteSpace" : false
    }, {
      "id" : "s2-t30",
      "begin" : 337,
      "end" : 339,
      "text" : "de",
      "whiteSpace" : false
    }, {
      "id" : "s2-t31",
      "begin" : 340,
      "end" : 344,
      "text" : "2021",
      "whiteSpace" : false
    }, {
      "id" : "s2-t32",
      "begin" : 344,
      "end" : 345,
      "text" : ".",
      "whiteSpace" : false
    } ]
  }, {
    "id" : "s3",
    "begin" : 346,
    "end" : 350,
    "text" : "Art.",
    "tokens" : [ {
      "id" : "s3-t0",
      "begin" : 346,
      "end" : 349,
      "text" : "Art",
      "whiteSpace" : false
    }, {
      "id" : "s3-t1",
      "begin" : 349,
      "end" : 350,
      "text" : ".",
      "whiteSpace" : false
    } ]
  }, {
    "id" : "s4",
    "begin" : 351,
    "end" : 409,
    "text" : "2° Esta Portaria entra em vigor na data de sua publicação.",
    "tokens" : [ {
      "id" : "s4-t0",
      "begin" : 351,
      "end" : 352,
      "text" : "2",
      "whiteSpace" : false
    }, {
      "id" : "s4-t1",
      "begin" : 352,
      "end" : 353,
      "text" : "°",
      "whiteSpace" : false
    }, {
      "id" : "s4-t2",
      "begin" : 354,
      "end" : 358,
      "text" : "Esta",
      "whiteSpace" : false
    }, {
      "id" : "s4-t3",
      "begin" : 359,
      "end" : 367,
      "text" : "Portaria",
      "whiteSpace" : false
    }, {
      "id" : "s4-t4",
      "begin" : 368,
      "end" : 373,
      "text" : "entra",
      "whiteSpace" : false
    }, {
      "id" : "s4-t5",
      "begin" : 374,
      "end" : 376,
      "text" : "em",
      "whiteSpace" : false
    }, {
      "id" : "s4-t6",
      "begin" : 377,
      "end" : 382,
      "text" : "vigor",
      "whiteSpace" : false
    }, {
      "id" : "s4-t7",
      "begin" : 383,
      "end" : 385,
      "text" : "na",
      "whiteSpace" : false
    }, {
      "id" : "s4-t8",
      "begin" : 386,
      "end" : 390,
      "text" : "data",
      "whiteSpace" : false
    }, {
      "id" : "s4-t9",
      "begin" : 391,
      "end" : 393,
      "text" : "de",
      "whiteSpace" : false
    }, {
      "id" : "s4-t10",
      "begin" : 394,
      "end" : 397,
      "text" : "sua",
      "whiteSpace" : false
    }, {
      "id" : "s4-t11",
      "begin" : 398,
      "end" : 408,
      "text" : "publicação",
      "whiteSpace" : false
    }, {
      "id" : "s4-t12",
      "begin" : 408,
      "end" : 409,
      "text" : ".",
      "whiteSpace" : false
    } ]
  }, {
    "id" : "s5",
    "begin" : 410,
    "end" : 440,
    "text" : "Palmas, 8 de dezembro de 2021.",
    "tokens" : [ {
      "id" : "s5-t0",
      "begin" : 410,
      "end" : 416,
      "text" : "Palmas",
      "whiteSpace" : false
    }, {
      "id" : "s5-t1",
      "begin" : 416,
      "end" : 417,
      "text" : ",",
      "whiteSpace" : false
    }, {
      "id" : "s5-t2",
      "begin" : 418,
      "end" : 419,
      "text" : "8",
      "whiteSpace" : false
    }, {
      "id" : "s5-t3",
      "begin" : 420,
      "end" : 422,
      "text" : "de",
      "whiteSpace" : false
    }, {
      "id" : "s5-t4",
      "begin" : 423,
      "end" : 431,
      "text" : "dezembro",
      "whiteSpace" : false
    }, {
      "id" : "s5-t5",
      "begin" : 432,
      "end" : 434,
      "text" : "de",
      "whiteSpace" : false
    }, {
      "id" : "s5-t6",
      "begin" : 435,
      "end" : 439,
      "text" : "2021",
      "whiteSpace" : false
    }, {
      "id" : "s5-t7",
      "begin" : 439,
      "end" : 440,
      "text" : ".",
      "whiteSpace" : false
    } ]
  } ],
  "mentions" : [ {
    "id" : "s0-m1",
    "properties" : {
      "SIRE_MENTION_ROLE" : "portaria",
      "SIRE_ENTITY_SUBTYPE" : "NONE",
      "SIRE_MENTION_TYPE" : "NONE",
      "SIRE_MENTION_CLASS" : "SPC"
    },
    "type" : "portaria",
    "begin" : 12,
    "end" : 15,
    "inCoref" : false
  }, {
    "id" : "s0-m2",
    "properties" : {
      "SIRE_MENTION_ROLE" : "dia",
      "SIRE_ENTITY_SUBTYPE" : "NONE",
      "SIRE_MENTION_TYPE" : "NONE",
      "SIRE_MENTION_CLASS" : "SPC"
    },
    "type" : "dia",
    "begin" : 20,
    "end" : 21,
    "inCoref" : false
  }, {
    "id" : "s0-m3",
    "properties" : {
      "SIRE_MENTION_ROLE" : "mes",
      "SIRE_ENTITY_SUBTYPE" : "NONE",
      "SIRE_MENTION_TYPE" : "NONE",
      "SIRE_MENTION_CLASS" : "SPC"
    },
    "type" : "mes",
    "begin" : 25,
    "end" : 33,
    "inCoref" : false
  }, {
    "id" : "s0-m4",
    "properties" : {
      "SIRE_MENTION_ROLE" : "ano",
      "SIRE_ENTITY_SUBTYPE" : "NONE",
      "SIRE_MENTION_TYPE" : "NONE",
      "SIRE_MENTION_CLASS" : "SPC"
    },
    "type" : "ano",
    "begin" : 37,
    "end" : 41,
    "inCoref" : false
  }, {
    "id" : "s2-m1",
    "properties" : {
      "SIRE_MENTION_ROLE" : "ato",
      "SIRE_ENTITY_SUBTYPE" : "NONE",
      "SIRE_MENTION_TYPE" : "NONE",
      "SIRE_MENTION_CLASS" : "SPC"
    },
    "type" : "ato",
    "begin" : 194,
    "end" : 203,
    "inCoref" : false
  }, {
    "id" : "s2-m2",
    "properties" : {
      "SIRE_MENTION_ROLE" : "nome",
      "SIRE_ENTITY_SUBTYPE" : "NONE",
      "SIRE_MENTION_TYPE" : "NONE",
      "SIRE_MENTION_CLASS" : "SPC"
    },
    "type" : "nome",
    "begin" : 204,
    "end" : 229,
    "inCoref" : false
  }, {
    "id" : "s2-m3",
    "properties" : {
      "SIRE_MENTION_ROLE" : "cargo",
      "SIRE_ENTITY_SUBTYPE" : "NONE",
      "SIRE_MENTION_TYPE" : "NONE",
      "SIRE_MENTION_CLASS" : "SPC"
    },
    "type" : "cargo",
    "begin" : 242,
    "end" : 267,
    "inCoref" : false
  } ],
  "relations" : [ ],
  "corefs" : [ ],
  "typeResolved" : true,
  "userResolved" : false
}