{
  "id" : "28608c60-6fe6-11ec-8aab-63cd9c950ac0-0",
  "name" : "buffer_pal_exo_01.txt",
  "createdDate" : 0,
  "version" : 3,
  "text" : "PORTARIA Nº 921, DE 15 DE DEZEMBRO DE 2021. O SECRETÁRIO DA CASA CIVIL DO MUNICÍPIO DE PALMAS, no uso da atribuição que lhe confere o Decreto nº 1.594, de 19 de abril de 2018, CONSIDERANDO o art. 32 da Lei Complementar nº 8, de 16 de novembro de 1999, que traz a previsão da exoneração de cargo em comissão, a pedido do servidor; RESOLVE: Art. 1° É exonerado, a pedido, JEAN CARLOS CARVALHO do cargo de Assistente de Gabinete I - DAS-8, da Secretaria Municipal de Desenvolvimento Social, a partir de 10 de dezembro de 2021. Art. 2° Esta Portaria entra em vigor na data de sua publicação. Palmas, 15 de dezembro de 2021. Agostinho Araújo Rodrigues Júnior Secretário da Casa Civil do Município de Palmas\n",
  "docLength" : 0,
  "language" : "PT",
  "status" : "IN_PROGRESS",
  "modifiedDate" : 1641585746571,
  "documentSet" : [ ],
  "preannotation" : [ ],
  "sentences" : [ {
    "id" : "s0",
    "begin" : 0,
    "end" : 43,
    "text" : "PORTARIA Nº 921, DE 15 DE DEZEMBRO DE 2021.",
    "tokens" : [ {
      "id" : "s0-t0",
      "begin" : 0,
      "end" : 8,
      "text" : "PORTARIA",
      "whiteSpace" : false
    }, {
      "id" : "s0-t1",
      "begin" : 9,
      "end" : 11,
      "text" : "Nº",
      "whiteSpace" : false
    }, {
      "id" : "s0-t2",
      "begin" : 12,
      "end" : 15,
      "text" : "921",
      "whiteSpace" : false
    }, {
      "id" : "s0-t3",
      "begin" : 15,
      "end" : 16,
      "text" : ",",
      "whiteSpace" : false
    }, {
      "id" : "s0-t4",
      "begin" : 17,
      "end" : 19,
      "text" : "DE",
      "whiteSpace" : false
    }, {
      "id" : "s0-t5",
      "begin" : 20,
      "end" : 22,
      "text" : "15",
      "whiteSpace" : false
    }, {
      "id" : "s0-t6",
      "begin" : 23,
      "end" : 25,
      "text" : "DE",
      "whiteSpace" : false
    }, {
      "id" : "s0-t7",
      "begin" : 26,
      "end" : 34,
      "text" : "DEZEMBRO",
      "whiteSpace" : false
    }, {
      "id" : "s0-t8",
      "begin" : 35,
      "end" : 37,
      "text" : "DE",
      "whiteSpace" : false
    }, {
      "id" : "s0-t9",
      "begin" : 38,
      "end" : 42,
      "text" : "2021",
      "whiteSpace" : false
    }, {
      "id" : "s0-t10",
      "begin" : 42,
      "end" : 43,
      "text" : ".",
      "whiteSpace" : false
    } ]
  }, {
    "id" : "s1",
    "begin" : 44,
    "end" : 195,
    "text" : "O SECRETÁRIO DA CASA CIVIL DO MUNICÍPIO DE PALMAS, no uso da atribuição que lhe confere o Decreto nº 1.594, de 19 de abril de 2018, CONSIDERANDO o art.",
    "tokens" : [ {
      "id" : "s1-t0",
      "begin" : 44,
      "end" : 45,
      "text" : "O",
      "whiteSpace" : false
    }, {
      "id" : "s1-t1",
      "begin" : 46,
      "end" : 56,
      "text" : "SECRETÁRIO",
      "whiteSpace" : false
    }, {
      "id" : "s1-t2",
      "begin" : 57,
      "end" : 59,
      "text" : "DA",
      "whiteSpace" : false
    }, {
      "id" : "s1-t3",
      "begin" : 60,
      "end" : 64,
      "text" : "CASA",
      "whiteSpace" : false
    }, {
      "id" : "s1-t4",
      "begin" : 65,
      "end" : 70,
      "text" : "CIVIL",
      "whiteSpace" : false
    }, {
      "id" : "s1-t5",
      "begin" : 71,
      "end" : 73,
      "text" : "DO",
      "whiteSpace" : false
    }, {
      "id" : "s1-t6",
      "begin" : 74,
      "end" : 83,
      "text" : "MUNICÍPIO",
      "whiteSpace" : false
    }, {
      "id" : "s1-t7",
      "begin" : 84,
      "end" : 86,
      "text" : "DE",
      "whiteSpace" : false
    }, {
      "id" : "s1-t8",
      "begin" : 87,
      "end" : 93,
      "text" : "PALMAS",
      "whiteSpace" : false
    }, {
      "id" : "s1-t9",
      "begin" : 93,
      "end" : 94,
      "text" : ",",
      "whiteSpace" : false
    }, {
      "id" : "s1-t10",
      "begin" : 95,
      "end" : 97,
      "text" : "no",
      "whiteSpace" : false
    }, {
      "id" : "s1-t11",
      "begin" : 98,
      "end" : 101,
      "text" : "uso",
      "whiteSpace" : false
    }, {
      "id" : "s1-t12",
      "begin" : 102,
      "end" : 104,
      "text" : "da",
      "whiteSpace" : false
    }, {
      "id" : "s1-t13",
      "begin" : 105,
      "end" : 115,
      "text" : "atribuição",
      "whiteSpace" : false
    }, {
      "id" : "s1-t14",
      "begin" : 116,
      "end" : 119,
      "text" : "que",
      "whiteSpace" : false
    }, {
      "id" : "s1-t15",
      "begin" : 120,
      "end" : 123,
      "text" : "lhe",
      "whiteSpace" : false
    }, {
      "id" : "s1-t16",
      "begin" : 124,
      "end" : 131,
      "text" : "confere",
      "whiteSpace" : false
    }, {
      "id" : "s1-t17",
      "begin" : 132,
      "end" : 133,
      "text" : "o",
      "whiteSpace" : false
    }, {
      "id" : "s1-t18",
      "begin" : 134,
      "end" : 141,
      "text" : "Decreto",
      "whiteSpace" : false
    }, {
      "id" : "s1-t19",
      "begin" : 142,
      "end" : 144,
      "text" : "nº",
      "whiteSpace" : false
    }, {
      "id" : "s1-t20",
      "begin" : 145,
      "end" : 150,
      "text" : "1.594",
      "whiteSpace" : false
    }, {
      "id" : "s1-t21",
      "begin" : 150,
      "end" : 151,
      "text" : ",",
      "whiteSpace" : false
    }, {
      "id" : "s1-t22",
      "begin" : 152,
      "end" : 154,
      "text" : "de",
      "whiteSpace" : false
    }, {
      "id" : "s1-t23",
      "begin" : 155,
      "end" : 157,
      "text" : "19",
      "whiteSpace" : false
    }, {
      "id" : "s1-t24",
      "begin" : 158,
      "end" : 160,
      "text" : "de",
      "whiteSpace" : false
    }, {
      "id" : "s1-t25",
      "begin" : 161,
      "end" : 166,
      "text" : "abril",
      "whiteSpace" : false
    }, {
      "id" : "s1-t26",
      "begin" : 167,
      "end" : 169,
      "text" : "de",
      "whiteSpace" : false
    }, {
      "id" : "s1-t27",
      "begin" : 170,
      "end" : 174,
      "text" : "2018",
      "whiteSpace" : false
    }, {
      "id" : "s1-t28",
      "begin" : 174,
      "end" : 175,
      "text" : ",",
      "whiteSpace" : false
    }, {
      "id" : "s1-t29",
      "begin" : 176,
      "end" : 188,
      "text" : "CONSIDERANDO",
      "whiteSpace" : false
    }, {
      "id" : "s1-t30",
      "begin" : 189,
      "end" : 190,
      "text" : "o",
      "whiteSpace" : false
    }, {
      "id" : "s1-t31",
      "begin" : 191,
      "end" : 194,
      "text" : "art",
      "whiteSpace" : false
    }, {
      "id" : "s1-t32",
      "begin" : 194,
      "end" : 195,
      "text" : ".",
      "whiteSpace" : false
    } ]
  }, {
    "id" : "s2",
    "begin" : 196,
    "end" : 343,
    "text" : "32 da Lei Complementar nº 8, de 16 de novembro de 1999, que traz a previsão da exoneração de cargo em comissão, a pedido do servidor; RESOLVE: Art.",
    "tokens" : [ {
      "id" : "s2-t0",
      "begin" : 196,
      "end" : 198,
      "text" : "32",
      "whiteSpace" : false
    }, {
      "id" : "s2-t1",
      "begin" : 199,
      "end" : 201,
      "text" : "da",
      "whiteSpace" : false
    }, {
      "id" : "s2-t2",
      "begin" : 202,
      "end" : 205,
      "text" : "Lei",
      "whiteSpace" : false
    }, {
      "id" : "s2-t3",
      "begin" : 206,
      "end" : 218,
      "text" : "Complementar",
      "whiteSpace" : false
    }, {
      "id" : "s2-t4",
      "begin" : 219,
      "end" : 221,
      "text" : "nº",
      "whiteSpace" : false
    }, {
      "id" : "s2-t5",
      "begin" : 222,
      "end" : 223,
      "text" : "8",
      "whiteSpace" : false
    }, {
      "id" : "s2-t6",
      "begin" : 223,
      "end" : 224,
      "text" : ",",
      "whiteSpace" : false
    }, {
      "id" : "s2-t7",
      "begin" : 225,
      "end" : 227,
      "text" : "de",
      "whiteSpace" : false
    }, {
      "id" : "s2-t8",
      "begin" : 228,
      "end" : 230,
      "text" : "16",
      "whiteSpace" : false
    }, {
      "id" : "s2-t9",
      "begin" : 231,
      "end" : 233,
      "text" : "de",
      "whiteSpace" : false
    }, {
      "id" : "s2-t10",
      "begin" : 234,
      "end" : 242,
      "text" : "novembro",
      "whiteSpace" : false
    }, {
      "id" : "s2-t11",
      "begin" : 243,
      "end" : 245,
      "text" : "de",
      "whiteSpace" : false
    }, {
      "id" : "s2-t12",
      "begin" : 246,
      "end" : 250,
      "text" : "1999",
      "whiteSpace" : false
    }, {
      "id" : "s2-t13",
      "begin" : 250,
      "end" : 251,
      "text" : ",",
      "whiteSpace" : false
    }, {
      "id" : "s2-t14",
      "begin" : 252,
      "end" : 255,
      "text" : "que",
      "whiteSpace" : false
    }, {
      "id" : "s2-t15",
      "begin" : 256,
      "end" : 260,
      "text" : "traz",
      "whiteSpace" : false
    }, {
      "id" : "s2-t16",
      "begin" : 261,
      "end" : 262,
      "text" : "a",
      "whiteSpace" : false
    }, {
      "id" : "s2-t17",
      "begin" : 263,
      "end" : 271,
      "text" : "previsão",
      "whiteSpace" : false
    }, {
      "id" : "s2-t18",
      "begin" : 272,
      "end" : 274,
      "text" : "da",
      "whiteSpace" : false
    }, {
      "id" : "s2-t19",
      "begin" : 275,
      "end" : 285,
      "text" : "exoneração",
      "whiteSpace" : false
    }, {
      "id" : "s2-t20",
      "begin" : 286,
      "end" : 288,
      "text" : "de",
      "whiteSpace" : false
    }, {
      "id" : "s2-t21",
      "begin" : 289,
      "end" : 294,
      "text" : "cargo",
      "whiteSpace" : false
    }, {
      "id" : "s2-t22",
      "begin" : 295,
      "end" : 297,
      "text" : "em",
      "whiteSpace" : false
    }, {
      "id" : "s2-t23",
      "begin" : 298,
      "end" : 306,
      "text" : "comissão",
      "whiteSpace" : false
    }, {
      "id" : "s2-t24",
      "begin" : 306,
      "end" : 307,
      "text" : ",",
      "whiteSpace" : false
    }, {
      "id" : "s2-t25",
      "begin" : 308,
      "end" : 309,
      "text" : "a",
      "whiteSpace" : false
    }, {
      "id" : "s2-t26",
      "begin" : 310,
      "end" : 316,
      "text" : "pedido",
      "whiteSpace" : false
    }, {
      "id" : "s2-t27",
      "begin" : 317,
      "end" : 319,
      "text" : "do",
      "whiteSpace" : false
    }, {
      "id" : "s2-t28",
      "begin" : 320,
      "end" : 328,
      "text" : "servidor",
      "whiteSpace" : false
    }, {
      "id" : "s2-t29",
      "begin" : 328,
      "end" : 329,
      "text" : ";",
      "whiteSpace" : false
    }, {
      "id" : "s2-t30",
      "begin" : 330,
      "end" : 337,
      "text" : "RESOLVE",
      "whiteSpace" : false
    }, {
      "id" : "s2-t31",
      "begin" : 337,
      "end" : 338,
      "text" : ":",
      "whiteSpace" : false
    }, {
      "id" : "s2-t32",
      "begin" : 339,
      "end" : 342,
      "text" : "Art",
      "whiteSpace" : false
    }, {
      "id" : "s2-t33",
      "begin" : 342,
      "end" : 343,
      "text" : ".",
      "whiteSpace" : false
    } ]
  }, {
    "id" : "s3",
    "begin" : 344,
    "end" : 523,
    "text" : "1° É exonerado, a pedido, JEAN CARLOS CARVALHO do cargo de Assistente de Gabinete I - DAS-8, da Secretaria Municipal de Desenvolvimento Social, a partir de 10 de dezembro de 2021.",
    "tokens" : [ {
      "id" : "s3-t0",
      "begin" : 344,
      "end" : 345,
      "text" : "1",
      "whiteSpace" : false
    }, {
      "id" : "s3-t1",
      "begin" : 345,
      "end" : 346,
      "text" : "°",
      "whiteSpace" : false
    }, {
      "id" : "s3-t2",
      "begin" : 347,
      "end" : 348,
      "text" : "É",
      "whiteSpace" : false
    }, {
      "id" : "s3-t3",
      "begin" : 349,
      "end" : 358,
      "text" : "exonerado",
      "whiteSpace" : false
    }, {
      "id" : "s3-t4",
      "begin" : 358,
      "end" : 359,
      "text" : ",",
      "whiteSpace" : false
    }, {
      "id" : "s3-t5",
      "begin" : 360,
      "end" : 361,
      "text" : "a",
      "whiteSpace" : false
    }, {
      "id" : "s3-t6",
      "begin" : 362,
      "end" : 368,
      "text" : "pedido",
      "whiteSpace" : false
    }, {
      "id" : "s3-t7",
      "begin" : 368,
      "end" : 369,
      "text" : ",",
      "whiteSpace" : false
    }, {
      "id" : "s3-t8",
      "begin" : 370,
      "end" : 374,
      "text" : "JEAN",
      "whiteSpace" : false
    }, {
      "id" : "s3-t9",
      "begin" : 375,
      "end" : 381,
      "text" : "CARLOS",
      "whiteSpace" : false
    }, {
      "id" : "s3-t10",
      "begin" : 382,
      "end" : 390,
      "text" : "CARVALHO",
      "whiteSpace" : false
    }, {
      "id" : "s3-t11",
      "begin" : 391,
      "end" : 393,
      "text" : "do",
      "whiteSpace" : false
    }, {
      "id" : "s3-t12",
      "begin" : 394,
      "end" : 399,
      "text" : "cargo",
      "whiteSpace" : false
    }, {
      "id" : "s3-t13",
      "begin" : 400,
      "end" : 402,
      "text" : "de",
      "whiteSpace" : false
    }, {
      "id" : "s3-t14",
      "begin" : 403,
      "end" : 413,
      "text" : "Assistente",
      "whiteSpace" : false
    }, {
      "id" : "s3-t15",
      "begin" : 414,
      "end" : 416,
      "text" : "de",
      "whiteSpace" : false
    }, {
      "id" : "s3-t16",
      "begin" : 417,
      "end" : 425,
      "text" : "Gabinete",
      "whiteSpace" : false
    }, {
      "id" : "s3-t17",
      "begin" : 426,
      "end" : 427,
      "text" : "I",
      "whiteSpace" : false
    }, {
      "id" : "s3-t18",
      "begin" : 428,
      "end" : 429,
      "text" : "-",
      "whiteSpace" : false
    }, {
      "id" : "s3-t19",
      "begin" : 430,
      "end" : 435,
      "text" : "DAS-8",
      "whiteSpace" : false
    }, {
      "id" : "s3-t20",
      "begin" : 435,
      "end" : 436,
      "text" : ",",
      "whiteSpace" : false
    }, {
      "id" : "s3-t21",
      "begin" : 437,
      "end" : 439,
      "text" : "da",
      "whiteSpace" : false
    }, {
      "id" : "s3-t22",
      "begin" : 440,
      "end" : 450,
      "text" : "Secretaria",
      "whiteSpace" : false
    }, {
      "id" : "s3-t23",
      "begin" : 451,
      "end" : 460,
      "text" : "Municipal",
      "whiteSpace" : false
    }, {
      "id" : "s3-t24",
      "begin" : 461,
      "end" : 463,
      "text" : "de",
      "whiteSpace" : false
    }, {
      "id" : "s3-t25",
      "begin" : 464,
      "end" : 479,
      "text" : "Desenvolvimento",
      "whiteSpace" : false
    }, {
      "id" : "s3-t26",
      "begin" : 480,
      "end" : 486,
      "text" : "Social",
      "whiteSpace" : false
    }, {
      "id" : "s3-t27",
      "begin" : 486,
      "end" : 487,
      "text" : ",",
      "whiteSpace" : false
    }, {
      "id" : "s3-t28",
      "begin" : 488,
      "end" : 489,
      "text" : "a",
      "whiteSpace" : false
    }, {
      "id" : "s3-t29",
      "begin" : 490,
      "end" : 496,
      "text" : "partir",
      "whiteSpace" : false
    }, {
      "id" : "s3-t30",
      "begin" : 497,
      "end" : 499,
      "text" : "de",
      "whiteSpace" : false
    }, {
      "id" : "s3-t31",
      "begin" : 500,
      "end" : 502,
      "text" : "10",
      "whiteSpace" : false
    }, {
      "id" : "s3-t32",
      "begin" : 503,
      "end" : 505,
      "text" : "de",
      "whiteSpace" : false
    }, {
      "id" : "s3-t33",
      "begin" : 506,
      "end" : 514,
      "text" : "dezembro",
      "whiteSpace" : false
    }, {
      "id" : "s3-t34",
      "begin" : 515,
      "end" : 517,
      "text" : "de",
      "whiteSpace" : false
    }, {
      "id" : "s3-t35",
      "begin" : 518,
      "end" : 522,
      "text" : "2021",
      "whiteSpace" : false
    }, {
      "id" : "s3-t36",
      "begin" : 522,
      "end" : 523,
      "text" : ".",
      "whiteSpace" : false
    } ]
  }, {
    "id" : "s4",
    "begin" : 524,
    "end" : 528,
    "text" : "Art.",
    "tokens" : [ {
      "id" : "s4-t0",
      "begin" : 524,
      "end" : 527,
      "text" : "Art",
      "whiteSpace" : false
    }, {
      "id" : "s4-t1",
      "begin" : 527,
      "end" : 528,
      "text" : ".",
      "whiteSpace" : false
    } ]
  }, {
    "id" : "s5",
    "begin" : 529,
    "end" : 587,
    "text" : "2° Esta Portaria entra em vigor na data de sua publicação.",
    "tokens" : [ {
      "id" : "s5-t0",
      "begin" : 529,
      "end" : 530,
      "text" : "2",
      "whiteSpace" : false
    }, {
      "id" : "s5-t1",
      "begin" : 530,
      "end" : 531,
      "text" : "°",
      "whiteSpace" : false
    }, {
      "id" : "s5-t2",
      "begin" : 532,
      "end" : 536,
      "text" : "Esta",
      "whiteSpace" : false
    }, {
      "id" : "s5-t3",
      "begin" : 537,
      "end" : 545,
      "text" : "Portaria",
      "whiteSpace" : false
    }, {
      "id" : "s5-t4",
      "begin" : 546,
      "end" : 551,
      "text" : "entra",
      "whiteSpace" : false
    }, {
      "id" : "s5-t5",
      "begin" : 552,
      "end" : 554,
      "text" : "em",
      "whiteSpace" : false
    }, {
      "id" : "s5-t6",
      "begin" : 555,
      "end" : 560,
      "text" : "vigor",
      "whiteSpace" : false
    }, {
      "id" : "s5-t7",
      "begin" : 561,
      "end" : 563,
      "text" : "na",
      "whiteSpace" : false
    }, {
      "id" : "s5-t8",
      "begin" : 564,
      "end" : 568,
      "text" : "data",
      "whiteSpace" : false
    }, {
      "id" : "s5-t9",
      "begin" : 569,
      "end" : 571,
      "text" : "de",
      "whiteSpace" : false
    }, {
      "id" : "s5-t10",
      "begin" : 572,
      "end" : 575,
      "text" : "sua",
      "whiteSpace" : false
    }, {
      "id" : "s5-t11",
      "begin" : 576,
      "end" : 586,
      "text" : "publicação",
      "whiteSpace" : false
    }, {
      "id" : "s5-t12",
      "begin" : 586,
      "end" : 587,
      "text" : ".",
      "whiteSpace" : false
    } ]
  }, {
    "id" : "s6",
    "begin" : 588,
    "end" : 619,
    "text" : "Palmas, 15 de dezembro de 2021.",
    "tokens" : [ {
      "id" : "s6-t0",
      "begin" : 588,
      "end" : 594,
      "text" : "Palmas",
      "whiteSpace" : false
    }, {
      "id" : "s6-t1",
      "begin" : 594,
      "end" : 595,
      "text" : ",",
      "whiteSpace" : false
    }, {
      "id" : "s6-t2",
      "begin" : 596,
      "end" : 598,
      "text" : "15",
      "whiteSpace" : false
    }, {
      "id" : "s6-t3",
      "begin" : 599,
      "end" : 601,
      "text" : "de",
      "whiteSpace" : false
    }, {
      "id" : "s6-t4",
      "begin" : 602,
      "end" : 610,
      "text" : "dezembro",
      "whiteSpace" : false
    }, {
      "id" : "s6-t5",
      "begin" : 611,
      "end" : 613,
      "text" : "de",
      "whiteSpace" : false
    }, {
      "id" : "s6-t6",
      "begin" : 614,
      "end" : 618,
      "text" : "2021",
      "whiteSpace" : false
    }, {
      "id" : "s6-t7",
      "begin" : 618,
      "end" : 619,
      "text" : ".",
      "whiteSpace" : false
    } ]
  }, {
    "id" : "s7",
    "begin" : 620,
    "end" : 701,
    "text" : "Agostinho Araújo Rodrigues Júnior Secretário da Casa Civil do Município de Palmas",
    "tokens" : [ {
      "id" : "s7-t0",
      "begin" : 620,
      "end" : 629,
      "text" : "Agostinho",
      "whiteSpace" : false
    }, {
      "id" : "s7-t1",
      "begin" : 630,
      "end" : 636,
      "text" : "Araújo",
      "whiteSpace" : false
    }, {
      "id" : "s7-t2",
      "begin" : 637,
      "end" : 646,
      "text" : "Rodrigues",
      "whiteSpace" : false
    }, {
      "id" : "s7-t3",
      "begin" : 647,
      "end" : 653,
      "text" : "Júnior",
      "whiteSpace" : false
    }, {
      "id" : "s7-t4",
      "begin" : 654,
      "end" : 664,
      "text" : "Secretário",
      "whiteSpace" : false
    }, {
      "id" : "s7-t5",
      "begin" : 665,
      "end" : 667,
      "text" : "da",
      "whiteSpace" : false
    }, {
      "id" : "s7-t6",
      "begin" : 668,
      "end" : 672,
      "text" : "Casa",
      "whiteSpace" : false
    }, {
      "id" : "s7-t7",
      "begin" : 673,
      "end" : 678,
      "text" : "Civil",
      "whiteSpace" : false
    }, {
      "id" : "s7-t8",
      "begin" : 679,
      "end" : 681,
      "text" : "do",
      "whiteSpace" : false
    }, {
      "id" : "s7-t9",
      "begin" : 682,
      "end" : 691,
      "text" : "Município",
      "whiteSpace" : false
    }, {
      "id" : "s7-t10",
      "begin" : 692,
      "end" : 694,
      "text" : "de",
      "whiteSpace" : false
    }, {
      "id" : "s7-t11",
      "begin" : 695,
      "end" : 701,
      "text" : "Palmas",
      "whiteSpace" : false
    } ]
  } ],
  "mentions" : [ {
    "id" : "s0-m1",
    "properties" : {
      "SIRE_MENTION_ROLE" : "portaria",
      "SIRE_ENTITY_SUBTYPE" : "NONE",
      "SIRE_MENTION_TYPE" : "NONE",
      "SIRE_MENTION_CLASS" : "SPC"
    },
    "type" : "portaria",
    "begin" : 12,
    "end" : 15,
    "inCoref" : false
  }, {
    "id" : "s0-m2",
    "properties" : {
      "SIRE_MENTION_ROLE" : "dia",
      "SIRE_ENTITY_SUBTYPE" : "NONE",
      "SIRE_MENTION_TYPE" : "NONE",
      "SIRE_MENTION_CLASS" : "SPC"
    },
    "type" : "dia",
    "begin" : 20,
    "end" : 22,
    "inCoref" : false
  }, {
    "id" : "s0-m3",
    "properties" : {
      "SIRE_MENTION_ROLE" : "mes",
      "SIRE_ENTITY_SUBTYPE" : "NONE",
      "SIRE_MENTION_TYPE" : "NONE",
      "SIRE_MENTION_CLASS" : "SPC"
    },
    "type" : "mes",
    "begin" : 26,
    "end" : 34,
    "inCoref" : false
  }, {
    "id" : "s0-m4",
    "properties" : {
      "SIRE_MENTION_ROLE" : "ano",
      "SIRE_ENTITY_SUBTYPE" : "NONE",
      "SIRE_MENTION_TYPE" : "NONE",
      "SIRE_MENTION_CLASS" : "SPC"
    },
    "type" : "ano",
    "begin" : 38,
    "end" : 42,
    "inCoref" : false
  }, {
    "id" : "s3-m4",
    "properties" : {
      "SIRE_MENTION_ROLE" : "ato",
      "SIRE_ENTITY_SUBTYPE" : "NONE",
      "SIRE_MENTION_TYPE" : "NONE",
      "SIRE_MENTION_CLASS" : "SPC"
    },
    "type" : "ato",
    "begin" : 349,
    "end" : 358,
    "inCoref" : false
  }, {
    "id" : "s3-m5",
    "properties" : {
      "SIRE_MENTION_ROLE" : "nome",
      "SIRE_ENTITY_SUBTYPE" : "NONE",
      "SIRE_MENTION_TYPE" : "NONE",
      "SIRE_MENTION_CLASS" : "SPC"
    },
    "type" : "nome",
    "begin" : 370,
    "end" : 390,
    "inCoref" : false
  }, {
    "id" : "s3-m6",
    "properties" : {
      "SIRE_MENTION_ROLE" : "cargo",
      "SIRE_ENTITY_SUBTYPE" : "NONE",
      "SIRE_MENTION_TYPE" : "NONE",
      "SIRE_MENTION_CLASS" : "SPC"
    },
    "type" : "cargo",
    "begin" : 403,
    "end" : 427,
    "inCoref" : false
  } ],
  "relations" : [ ],
  "corefs" : [ ],
  "typeResolved" : true,
  "userResolved" : false
}