{
  "id" : "28608c60-6fe6-11ec-8aab-63cd9c950ac0-7",
  "name" : "buffer_pal_exo_08.txt",
  "createdDate" : 0,
  "version" : 3,
  "text" : "PORTARIA Nº 941, DE 23 DE DEZEMBRO DE 2021. O SECRETÁRIO DA CASA CIVIL DO MUNICÍPIO DE PALMAS, no uso da atribuição que lhe confere o Decreto nº 1.594, de 19 de abril de 2018, RESOLVE: Art. 1° É exonerado VALBER SOARES BORGES do cargo de Gerente de Gestão e Finanças - DAS-7, da Secretaria Municipal de Planejamento e Desenvolvimento Humano, a partir de 27 de dezembro de 2021. Art. 2° Esta Portaria entra em vigor na data de sua publicação. Palmas, 23 de dezembro de 2021. Agostinho Araújo Rodrigues Júnior Secretário da Casa Civil do Município de Palmas",
  "docLength" : 0,
  "language" : "PT",
  "status" : "IN_PROGRESS",
  "modifiedDate" : 1641607804106,
  "documentSet" : [ ],
  "preannotation" : [ ],
  "sentences" : [ {
    "id" : "s0",
    "begin" : 0,
    "end" : 43,
    "text" : "PORTARIA Nº 941, DE 23 DE DEZEMBRO DE 2021.",
    "tokens" : [ {
      "id" : "s0-t0",
      "begin" : 0,
      "end" : 8,
      "text" : "PORTARIA",
      "whiteSpace" : false
    }, {
      "id" : "s0-t1",
      "begin" : 9,
      "end" : 11,
      "text" : "Nº",
      "whiteSpace" : false
    }, {
      "id" : "s0-t2",
      "begin" : 12,
      "end" : 15,
      "text" : "941",
      "whiteSpace" : false
    }, {
      "id" : "s0-t3",
      "begin" : 15,
      "end" : 16,
      "text" : ",",
      "whiteSpace" : false
    }, {
      "id" : "s0-t4",
      "begin" : 17,
      "end" : 19,
      "text" : "DE",
      "whiteSpace" : false
    }, {
      "id" : "s0-t5",
      "begin" : 20,
      "end" : 22,
      "text" : "23",
      "whiteSpace" : false
    }, {
      "id" : "s0-t6",
      "begin" : 23,
      "end" : 25,
      "text" : "DE",
      "whiteSpace" : false
    }, {
      "id" : "s0-t7",
      "begin" : 26,
      "end" : 34,
      "text" : "DEZEMBRO",
      "whiteSpace" : false
    }, {
      "id" : "s0-t8",
      "begin" : 35,
      "end" : 37,
      "text" : "DE",
      "whiteSpace" : false
    }, {
      "id" : "s0-t9",
      "begin" : 38,
      "end" : 42,
      "text" : "2021",
      "whiteSpace" : false
    }, {
      "id" : "s0-t10",
      "begin" : 42,
      "end" : 43,
      "text" : ".",
      "whiteSpace" : false
    } ]
  }, {
    "id" : "s1",
    "begin" : 44,
    "end" : 189,
    "text" : "O SECRETÁRIO DA CASA CIVIL DO MUNICÍPIO DE PALMAS, no uso da atribuição que lhe confere o Decreto nº 1.594, de 19 de abril de 2018, RESOLVE: Art.",
    "tokens" : [ {
      "id" : "s1-t0",
      "begin" : 44,
      "end" : 45,
      "text" : "O",
      "whiteSpace" : false
    }, {
      "id" : "s1-t1",
      "begin" : 46,
      "end" : 56,
      "text" : "SECRETÁRIO",
      "whiteSpace" : false
    }, {
      "id" : "s1-t2",
      "begin" : 57,
      "end" : 59,
      "text" : "DA",
      "whiteSpace" : false
    }, {
      "id" : "s1-t3",
      "begin" : 60,
      "end" : 64,
      "text" : "CASA",
      "whiteSpace" : false
    }, {
      "id" : "s1-t4",
      "begin" : 65,
      "end" : 70,
      "text" : "CIVIL",
      "whiteSpace" : false
    }, {
      "id" : "s1-t5",
      "begin" : 71,
      "end" : 73,
      "text" : "DO",
      "whiteSpace" : false
    }, {
      "id" : "s1-t6",
      "begin" : 74,
      "end" : 83,
      "text" : "MUNICÍPIO",
      "whiteSpace" : false
    }, {
      "id" : "s1-t7",
      "begin" : 84,
      "end" : 86,
      "text" : "DE",
      "whiteSpace" : false
    }, {
      "id" : "s1-t8",
      "begin" : 87,
      "end" : 93,
      "text" : "PALMAS",
      "whiteSpace" : false
    }, {
      "id" : "s1-t9",
      "begin" : 93,
      "end" : 94,
      "text" : ",",
      "whiteSpace" : false
    }, {
      "id" : "s1-t10",
      "begin" : 95,
      "end" : 97,
      "text" : "no",
      "whiteSpace" : false
    }, {
      "id" : "s1-t11",
      "begin" : 98,
      "end" : 101,
      "text" : "uso",
      "whiteSpace" : false
    }, {
      "id" : "s1-t12",
      "begin" : 102,
      "end" : 104,
      "text" : "da",
      "whiteSpace" : false
    }, {
      "id" : "s1-t13",
      "begin" : 105,
      "end" : 115,
      "text" : "atribuição",
      "whiteSpace" : false
    }, {
      "id" : "s1-t14",
      "begin" : 116,
      "end" : 119,
      "text" : "que",
      "whiteSpace" : false
    }, {
      "id" : "s1-t15",
      "begin" : 120,
      "end" : 123,
      "text" : "lhe",
      "whiteSpace" : false
    }, {
      "id" : "s1-t16",
      "begin" : 124,
      "end" : 131,
      "text" : "confere",
      "whiteSpace" : false
    }, {
      "id" : "s1-t17",
      "begin" : 132,
      "end" : 133,
      "text" : "o",
      "whiteSpace" : false
    }, {
      "id" : "s1-t18",
      "begin" : 134,
      "end" : 141,
      "text" : "Decreto",
      "whiteSpace" : false
    }, {
      "id" : "s1-t19",
      "begin" : 142,
      "end" : 144,
      "text" : "nº",
      "whiteSpace" : false
    }, {
      "id" : "s1-t20",
      "begin" : 145,
      "end" : 150,
      "text" : "1.594",
      "whiteSpace" : false
    }, {
      "id" : "s1-t21",
      "begin" : 150,
      "end" : 151,
      "text" : ",",
      "whiteSpace" : false
    }, {
      "id" : "s1-t22",
      "begin" : 152,
      "end" : 154,
      "text" : "de",
      "whiteSpace" : false
    }, {
      "id" : "s1-t23",
      "begin" : 155,
      "end" : 157,
      "text" : "19",
      "whiteSpace" : false
    }, {
      "id" : "s1-t24",
      "begin" : 158,
      "end" : 160,
      "text" : "de",
      "whiteSpace" : false
    }, {
      "id" : "s1-t25",
      "begin" : 161,
      "end" : 166,
      "text" : "abril",
      "whiteSpace" : false
    }, {
      "id" : "s1-t26",
      "begin" : 167,
      "end" : 169,
      "text" : "de",
      "whiteSpace" : false
    }, {
      "id" : "s1-t27",
      "begin" : 170,
      "end" : 174,
      "text" : "2018",
      "whiteSpace" : false
    }, {
      "id" : "s1-t28",
      "begin" : 174,
      "end" : 175,
      "text" : ",",
      "whiteSpace" : false
    }, {
      "id" : "s1-t29",
      "begin" : 176,
      "end" : 183,
      "text" : "RESOLVE",
      "whiteSpace" : false
    }, {
      "id" : "s1-t30",
      "begin" : 183,
      "end" : 184,
      "text" : ":",
      "whiteSpace" : false
    }, {
      "id" : "s1-t31",
      "begin" : 185,
      "end" : 188,
      "text" : "Art",
      "whiteSpace" : false
    }, {
      "id" : "s1-t32",
      "begin" : 188,
      "end" : 189,
      "text" : ".",
      "whiteSpace" : false
    } ]
  }, {
    "id" : "s2",
    "begin" : 190,
    "end" : 377,
    "text" : "1° É exonerado VALBER SOARES BORGES do cargo de Gerente de Gestão e Finanças - DAS-7, da Secretaria Municipal de Planejamento e Desenvolvimento Humano, a partir de 27 de dezembro de 2021.",
    "tokens" : [ {
      "id" : "s2-t0",
      "begin" : 190,
      "end" : 191,
      "text" : "1",
      "whiteSpace" : false
    }, {
      "id" : "s2-t1",
      "begin" : 191,
      "end" : 192,
      "text" : "°",
      "whiteSpace" : false
    }, {
      "id" : "s2-t2",
      "begin" : 193,
      "end" : 194,
      "text" : "É",
      "whiteSpace" : false
    }, {
      "id" : "s2-t3",
      "begin" : 195,
      "end" : 204,
      "text" : "exonerado",
      "whiteSpace" : false
    }, {
      "id" : "s2-t4",
      "begin" : 205,
      "end" : 211,
      "text" : "VALBER",
      "whiteSpace" : false
    }, {
      "id" : "s2-t5",
      "begin" : 212,
      "end" : 218,
      "text" : "SOARES",
      "whiteSpace" : false
    }, {
      "id" : "s2-t6",
      "begin" : 219,
      "end" : 225,
      "text" : "BORGES",
      "whiteSpace" : false
    }, {
      "id" : "s2-t7",
      "begin" : 226,
      "end" : 228,
      "text" : "do",
      "whiteSpace" : false
    }, {
      "id" : "s2-t8",
      "begin" : 229,
      "end" : 234,
      "text" : "cargo",
      "whiteSpace" : false
    }, {
      "id" : "s2-t9",
      "begin" : 235,
      "end" : 237,
      "text" : "de",
      "whiteSpace" : false
    }, {
      "id" : "s2-t10",
      "begin" : 238,
      "end" : 245,
      "text" : "Gerente",
      "whiteSpace" : false
    }, {
      "id" : "s2-t11",
      "begin" : 246,
      "end" : 248,
      "text" : "de",
      "whiteSpace" : false
    }, {
      "id" : "s2-t12",
      "begin" : 249,
      "end" : 255,
      "text" : "Gestão",
      "whiteSpace" : false
    }, {
      "id" : "s2-t13",
      "begin" : 256,
      "end" : 257,
      "text" : "e",
      "whiteSpace" : false
    }, {
      "id" : "s2-t14",
      "begin" : 258,
      "end" : 266,
      "text" : "Finanças",
      "whiteSpace" : false
    }, {
      "id" : "s2-t15",
      "begin" : 267,
      "end" : 268,
      "text" : "-",
      "whiteSpace" : false
    }, {
      "id" : "s2-t16",
      "begin" : 269,
      "end" : 274,
      "text" : "DAS-7",
      "whiteSpace" : false
    }, {
      "id" : "s2-t17",
      "begin" : 274,
      "end" : 275,
      "text" : ",",
      "whiteSpace" : false
    }, {
      "id" : "s2-t18",
      "begin" : 276,
      "end" : 278,
      "text" : "da",
      "whiteSpace" : false
    }, {
      "id" : "s2-t19",
      "begin" : 279,
      "end" : 289,
      "text" : "Secretaria",
      "whiteSpace" : false
    }, {
      "id" : "s2-t20",
      "begin" : 290,
      "end" : 299,
      "text" : "Municipal",
      "whiteSpace" : false
    }, {
      "id" : "s2-t21",
      "begin" : 300,
      "end" : 302,
      "text" : "de",
      "whiteSpace" : false
    }, {
      "id" : "s2-t22",
      "begin" : 303,
      "end" : 315,
      "text" : "Planejamento",
      "whiteSpace" : false
    }, {
      "id" : "s2-t23",
      "begin" : 316,
      "end" : 317,
      "text" : "e",
      "whiteSpace" : false
    }, {
      "id" : "s2-t24",
      "begin" : 318,
      "end" : 333,
      "text" : "Desenvolvimento",
      "whiteSpace" : false
    }, {
      "id" : "s2-t25",
      "begin" : 334,
      "end" : 340,
      "text" : "Humano",
      "whiteSpace" : false
    }, {
      "id" : "s2-t26",
      "begin" : 340,
      "end" : 341,
      "text" : ",",
      "whiteSpace" : false
    }, {
      "id" : "s2-t27",
      "begin" : 342,
      "end" : 343,
      "text" : "a",
      "whiteSpace" : false
    }, {
      "id" : "s2-t28",
      "begin" : 344,
      "end" : 350,
      "text" : "partir",
      "whiteSpace" : false
    }, {
      "id" : "s2-t29",
      "begin" : 351,
      "end" : 353,
      "text" : "de",
      "whiteSpace" : false
    }, {
      "id" : "s2-t30",
      "begin" : 354,
      "end" : 356,
      "text" : "27",
      "whiteSpace" : false
    }, {
      "id" : "s2-t31",
      "begin" : 357,
      "end" : 359,
      "text" : "de",
      "whiteSpace" : false
    }, {
      "id" : "s2-t32",
      "begin" : 360,
      "end" : 368,
      "text" : "dezembro",
      "whiteSpace" : false
    }, {
      "id" : "s2-t33",
      "begin" : 369,
      "end" : 371,
      "text" : "de",
      "whiteSpace" : false
    }, {
      "id" : "s2-t34",
      "begin" : 372,
      "end" : 376,
      "text" : "2021",
      "whiteSpace" : false
    }, {
      "id" : "s2-t35",
      "begin" : 376,
      "end" : 377,
      "text" : ".",
      "whiteSpace" : false
    } ]
  }, {
    "id" : "s3",
    "begin" : 378,
    "end" : 382,
    "text" : "Art.",
    "tokens" : [ {
      "id" : "s3-t0",
      "begin" : 378,
      "end" : 381,
      "text" : "Art",
      "whiteSpace" : false
    }, {
      "id" : "s3-t1",
      "begin" : 381,
      "end" : 382,
      "text" : ".",
      "whiteSpace" : false
    } ]
  }, {
    "id" : "s4",
    "begin" : 383,
    "end" : 441,
    "text" : "2° Esta Portaria entra em vigor na data de sua publicação.",
    "tokens" : [ {
      "id" : "s4-t0",
      "begin" : 383,
      "end" : 384,
      "text" : "2",
      "whiteSpace" : false
    }, {
      "id" : "s4-t1",
      "begin" : 384,
      "end" : 385,
      "text" : "°",
      "whiteSpace" : false
    }, {
      "id" : "s4-t2",
      "begin" : 386,
      "end" : 390,
      "text" : "Esta",
      "whiteSpace" : false
    }, {
      "id" : "s4-t3",
      "begin" : 391,
      "end" : 399,
      "text" : "Portaria",
      "whiteSpace" : false
    }, {
      "id" : "s4-t4",
      "begin" : 400,
      "end" : 405,
      "text" : "entra",
      "whiteSpace" : false
    }, {
      "id" : "s4-t5",
      "begin" : 406,
      "end" : 408,
      "text" : "em",
      "whiteSpace" : false
    }, {
      "id" : "s4-t6",
      "begin" : 409,
      "end" : 414,
      "text" : "vigor",
      "whiteSpace" : false
    }, {
      "id" : "s4-t7",
      "begin" : 415,
      "end" : 417,
      "text" : "na",
      "whiteSpace" : false
    }, {
      "id" : "s4-t8",
      "begin" : 418,
      "end" : 422,
      "text" : "data",
      "whiteSpace" : false
    }, {
      "id" : "s4-t9",
      "begin" : 423,
      "end" : 425,
      "text" : "de",
      "whiteSpace" : false
    }, {
      "id" : "s4-t10",
      "begin" : 426,
      "end" : 429,
      "text" : "sua",
      "whiteSpace" : false
    }, {
      "id" : "s4-t11",
      "begin" : 430,
      "end" : 440,
      "text" : "publicação",
      "whiteSpace" : false
    }, {
      "id" : "s4-t12",
      "begin" : 440,
      "end" : 441,
      "text" : ".",
      "whiteSpace" : false
    } ]
  }, {
    "id" : "s5",
    "begin" : 442,
    "end" : 473,
    "text" : "Palmas, 23 de dezembro de 2021.",
    "tokens" : [ {
      "id" : "s5-t0",
      "begin" : 442,
      "end" : 448,
      "text" : "Palmas",
      "whiteSpace" : false
    }, {
      "id" : "s5-t1",
      "begin" : 448,
      "end" : 449,
      "text" : ",",
      "whiteSpace" : false
    }, {
      "id" : "s5-t2",
      "begin" : 450,
      "end" : 452,
      "text" : "23",
      "whiteSpace" : false
    }, {
      "id" : "s5-t3",
      "begin" : 453,
      "end" : 455,
      "text" : "de",
      "whiteSpace" : false
    }, {
      "id" : "s5-t4",
      "begin" : 456,
      "end" : 464,
      "text" : "dezembro",
      "whiteSpace" : false
    }, {
      "id" : "s5-t5",
      "begin" : 465,
      "end" : 467,
      "text" : "de",
      "whiteSpace" : false
    }, {
      "id" : "s5-t6",
      "begin" : 468,
      "end" : 472,
      "text" : "2021",
      "whiteSpace" : false
    }, {
      "id" : "s5-t7",
      "begin" : 472,
      "end" : 473,
      "text" : ".",
      "whiteSpace" : false
    } ]
  }, {
    "id" : "s6",
    "begin" : 474,
    "end" : 555,
    "text" : "Agostinho Araújo Rodrigues Júnior Secretário da Casa Civil do Município de Palmas",
    "tokens" : [ {
      "id" : "s6-t0",
      "begin" : 474,
      "end" : 483,
      "text" : "Agostinho",
      "whiteSpace" : false
    }, {
      "id" : "s6-t1",
      "begin" : 484,
      "end" : 490,
      "text" : "Araújo",
      "whiteSpace" : false
    }, {
      "id" : "s6-t2",
      "begin" : 491,
      "end" : 500,
      "text" : "Rodrigues",
      "whiteSpace" : false
    }, {
      "id" : "s6-t3",
      "begin" : 501,
      "end" : 507,
      "text" : "Júnior",
      "whiteSpace" : false
    }, {
      "id" : "s6-t4",
      "begin" : 508,
      "end" : 518,
      "text" : "Secretário",
      "whiteSpace" : false
    }, {
      "id" : "s6-t5",
      "begin" : 519,
      "end" : 521,
      "text" : "da",
      "whiteSpace" : false
    }, {
      "id" : "s6-t6",
      "begin" : 522,
      "end" : 526,
      "text" : "Casa",
      "whiteSpace" : false
    }, {
      "id" : "s6-t7",
      "begin" : 527,
      "end" : 532,
      "text" : "Civil",
      "whiteSpace" : false
    }, {
      "id" : "s6-t8",
      "begin" : 533,
      "end" : 535,
      "text" : "do",
      "whiteSpace" : false
    }, {
      "id" : "s6-t9",
      "begin" : 536,
      "end" : 545,
      "text" : "Município",
      "whiteSpace" : false
    }, {
      "id" : "s6-t10",
      "begin" : 546,
      "end" : 548,
      "text" : "de",
      "whiteSpace" : false
    }, {
      "id" : "s6-t11",
      "begin" : 549,
      "end" : 555,
      "text" : "Palmas",
      "whiteSpace" : false
    } ]
  } ],
  "mentions" : [ {
    "id" : "s0-m1",
    "properties" : {
      "SIRE_MENTION_ROLE" : "portaria",
      "SIRE_ENTITY_SUBTYPE" : "NONE",
      "SIRE_MENTION_TYPE" : "NONE",
      "SIRE_MENTION_CLASS" : "SPC"
    },
    "type" : "portaria",
    "begin" : 12,
    "end" : 15,
    "inCoref" : false
  }, {
    "id" : "s0-m2",
    "properties" : {
      "SIRE_MENTION_ROLE" : "dia",
      "SIRE_ENTITY_SUBTYPE" : "NONE",
      "SIRE_MENTION_TYPE" : "NONE",
      "SIRE_MENTION_CLASS" : "SPC"
    },
    "type" : "dia",
    "begin" : 20,
    "end" : 22,
    "inCoref" : false
  }, {
    "id" : "s0-m3",
    "properties" : {
      "SIRE_MENTION_ROLE" : "mes",
      "SIRE_ENTITY_SUBTYPE" : "NONE",
      "SIRE_MENTION_TYPE" : "NONE",
      "SIRE_MENTION_CLASS" : "SPC"
    },
    "type" : "mes",
    "begin" : 26,
    "end" : 34,
    "inCoref" : false
  }, {
    "id" : "s0-m4",
    "properties" : {
      "SIRE_MENTION_ROLE" : "ano",
      "SIRE_ENTITY_SUBTYPE" : "NONE",
      "SIRE_MENTION_TYPE" : "NONE",
      "SIRE_MENTION_CLASS" : "SPC"
    },
    "type" : "ano",
    "begin" : 38,
    "end" : 42,
    "inCoref" : false
  }, {
    "id" : "s2-m1",
    "properties" : {
      "SIRE_MENTION_ROLE" : "ato",
      "SIRE_ENTITY_SUBTYPE" : "NONE",
      "SIRE_MENTION_TYPE" : "NONE",
      "SIRE_MENTION_CLASS" : "SPC"
    },
    "type" : "ato",
    "begin" : 195,
    "end" : 204,
    "inCoref" : false
  }, {
    "id" : "s2-m3",
    "properties" : {
      "SIRE_MENTION_ROLE" : "nome",
      "SIRE_ENTITY_SUBTYPE" : "NONE",
      "SIRE_MENTION_TYPE" : "NONE",
      "SIRE_MENTION_CLASS" : "SPC"
    },
    "type" : "nome",
    "begin" : 205,
    "end" : 225,
    "inCoref" : false
  }, {
    "id" : "s2-m4",
    "properties" : {
      "SIRE_MENTION_ROLE" : "cargo",
      "SIRE_ENTITY_SUBTYPE" : "NONE",
      "SIRE_MENTION_TYPE" : "NONE",
      "SIRE_MENTION_CLASS" : "SPC"
    },
    "type" : "cargo",
    "begin" : 238,
    "end" : 266,
    "inCoref" : false
  } ],
  "relations" : [ ],
  "corefs" : [ ],
  "typeResolved" : true,
  "userResolved" : false
}