{
  "id" : "28608c60-6fe6-11ec-8aab-63cd9c950ac0-6",
  "name" : "buffer_pal_exo_07.txt",
  "createdDate" : 0,
  "version" : 3,
  "text" : "PORTARIA Nº 940, DE 23 DE DEZEMBRO DE 2021. O SECRETÁRIO DA CASA CIVIL DO MUNICÍPIO DE PALMAS, no uso da atribuição que lhe confere o Decreto nº 1.594, de 19 de abril de 2018, RESOLVE: Art. 1° É exonerada MARINÊS CRUZ DA SILVA do cargo de Diretor de Proteção Básica – DAS-4, da Secretaria Municipal de Desenvolvimento Social, a partir de 30 de novembro de 2021. Art. 2° Esta Portaria entra em vigor na data de sua publicação. Palmas, 23 de dezembro de 2021. Agostinho Araújo Rodrigues Júnior Secretário da Casa Civil do Município de Palmas",
  "docLength" : 0,
  "language" : "PT",
  "status" : "IN_PROGRESS",
  "modifiedDate" : 1641607770954,
  "documentSet" : [ ],
  "preannotation" : [ ],
  "sentences" : [ {
    "id" : "s0",
    "begin" : 0,
    "end" : 43,
    "text" : "PORTARIA Nº 940, DE 23 DE DEZEMBRO DE 2021.",
    "tokens" : [ {
      "id" : "s0-t0",
      "begin" : 0,
      "end" : 8,
      "text" : "PORTARIA",
      "whiteSpace" : false
    }, {
      "id" : "s0-t1",
      "begin" : 9,
      "end" : 11,
      "text" : "Nº",
      "whiteSpace" : false
    }, {
      "id" : "s0-t2",
      "begin" : 12,
      "end" : 15,
      "text" : "940",
      "whiteSpace" : false
    }, {
      "id" : "s0-t3",
      "begin" : 15,
      "end" : 16,
      "text" : ",",
      "whiteSpace" : false
    }, {
      "id" : "s0-t4",
      "begin" : 17,
      "end" : 19,
      "text" : "DE",
      "whiteSpace" : false
    }, {
      "id" : "s0-t5",
      "begin" : 20,
      "end" : 22,
      "text" : "23",
      "whiteSpace" : false
    }, {
      "id" : "s0-t6",
      "begin" : 23,
      "end" : 25,
      "text" : "DE",
      "whiteSpace" : false
    }, {
      "id" : "s0-t7",
      "begin" : 26,
      "end" : 34,
      "text" : "DEZEMBRO",
      "whiteSpace" : false
    }, {
      "id" : "s0-t8",
      "begin" : 35,
      "end" : 37,
      "text" : "DE",
      "whiteSpace" : false
    }, {
      "id" : "s0-t9",
      "begin" : 38,
      "end" : 42,
      "text" : "2021",
      "whiteSpace" : false
    }, {
      "id" : "s0-t10",
      "begin" : 42,
      "end" : 43,
      "text" : ".",
      "whiteSpace" : false
    } ]
  }, {
    "id" : "s1",
    "begin" : 44,
    "end" : 189,
    "text" : "O SECRETÁRIO DA CASA CIVIL DO MUNICÍPIO DE PALMAS, no uso da atribuição que lhe confere o Decreto nº 1.594, de 19 de abril de 2018, RESOLVE: Art.",
    "tokens" : [ {
      "id" : "s1-t0",
      "begin" : 44,
      "end" : 45,
      "text" : "O",
      "whiteSpace" : false
    }, {
      "id" : "s1-t1",
      "begin" : 46,
      "end" : 56,
      "text" : "SECRETÁRIO",
      "whiteSpace" : false
    }, {
      "id" : "s1-t2",
      "begin" : 57,
      "end" : 59,
      "text" : "DA",
      "whiteSpace" : false
    }, {
      "id" : "s1-t3",
      "begin" : 60,
      "end" : 64,
      "text" : "CASA",
      "whiteSpace" : false
    }, {
      "id" : "s1-t4",
      "begin" : 65,
      "end" : 70,
      "text" : "CIVIL",
      "whiteSpace" : false
    }, {
      "id" : "s1-t5",
      "begin" : 71,
      "end" : 73,
      "text" : "DO",
      "whiteSpace" : false
    }, {
      "id" : "s1-t6",
      "begin" : 74,
      "end" : 83,
      "text" : "MUNICÍPIO",
      "whiteSpace" : false
    }, {
      "id" : "s1-t7",
      "begin" : 84,
      "end" : 86,
      "text" : "DE",
      "whiteSpace" : false
    }, {
      "id" : "s1-t8",
      "begin" : 87,
      "end" : 93,
      "text" : "PALMAS",
      "whiteSpace" : false
    }, {
      "id" : "s1-t9",
      "begin" : 93,
      "end" : 94,
      "text" : ",",
      "whiteSpace" : false
    }, {
      "id" : "s1-t10",
      "begin" : 95,
      "end" : 97,
      "text" : "no",
      "whiteSpace" : false
    }, {
      "id" : "s1-t11",
      "begin" : 98,
      "end" : 101,
      "text" : "uso",
      "whiteSpace" : false
    }, {
      "id" : "s1-t12",
      "begin" : 102,
      "end" : 104,
      "text" : "da",
      "whiteSpace" : false
    }, {
      "id" : "s1-t13",
      "begin" : 105,
      "end" : 115,
      "text" : "atribuição",
      "whiteSpace" : false
    }, {
      "id" : "s1-t14",
      "begin" : 116,
      "end" : 119,
      "text" : "que",
      "whiteSpace" : false
    }, {
      "id" : "s1-t15",
      "begin" : 120,
      "end" : 123,
      "text" : "lhe",
      "whiteSpace" : false
    }, {
      "id" : "s1-t16",
      "begin" : 124,
      "end" : 131,
      "text" : "confere",
      "whiteSpace" : false
    }, {
      "id" : "s1-t17",
      "begin" : 132,
      "end" : 133,
      "text" : "o",
      "whiteSpace" : false
    }, {
      "id" : "s1-t18",
      "begin" : 134,
      "end" : 141,
      "text" : "Decreto",
      "whiteSpace" : false
    }, {
      "id" : "s1-t19",
      "begin" : 142,
      "end" : 144,
      "text" : "nº",
      "whiteSpace" : false
    }, {
      "id" : "s1-t20",
      "begin" : 145,
      "end" : 150,
      "text" : "1.594",
      "whiteSpace" : false
    }, {
      "id" : "s1-t21",
      "begin" : 150,
      "end" : 151,
      "text" : ",",
      "whiteSpace" : false
    }, {
      "id" : "s1-t22",
      "begin" : 152,
      "end" : 154,
      "text" : "de",
      "whiteSpace" : false
    }, {
      "id" : "s1-t23",
      "begin" : 155,
      "end" : 157,
      "text" : "19",
      "whiteSpace" : false
    }, {
      "id" : "s1-t24",
      "begin" : 158,
      "end" : 160,
      "text" : "de",
      "whiteSpace" : false
    }, {
      "id" : "s1-t25",
      "begin" : 161,
      "end" : 166,
      "text" : "abril",
      "whiteSpace" : false
    }, {
      "id" : "s1-t26",
      "begin" : 167,
      "end" : 169,
      "text" : "de",
      "whiteSpace" : false
    }, {
      "id" : "s1-t27",
      "begin" : 170,
      "end" : 174,
      "text" : "2018",
      "whiteSpace" : false
    }, {
      "id" : "s1-t28",
      "begin" : 174,
      "end" : 175,
      "text" : ",",
      "whiteSpace" : false
    }, {
      "id" : "s1-t29",
      "begin" : 176,
      "end" : 183,
      "text" : "RESOLVE",
      "whiteSpace" : false
    }, {
      "id" : "s1-t30",
      "begin" : 183,
      "end" : 184,
      "text" : ":",
      "whiteSpace" : false
    }, {
      "id" : "s1-t31",
      "begin" : 185,
      "end" : 188,
      "text" : "Art",
      "whiteSpace" : false
    }, {
      "id" : "s1-t32",
      "begin" : 188,
      "end" : 189,
      "text" : ".",
      "whiteSpace" : false
    } ]
  }, {
    "id" : "s2",
    "begin" : 190,
    "end" : 361,
    "text" : "1° É exonerada MARINÊS CRUZ DA SILVA do cargo de Diretor de Proteção Básica – DAS-4, da Secretaria Municipal de Desenvolvimento Social, a partir de 30 de novembro de 2021.",
    "tokens" : [ {
      "id" : "s2-t0",
      "begin" : 190,
      "end" : 191,
      "text" : "1",
      "whiteSpace" : false
    }, {
      "id" : "s2-t1",
      "begin" : 191,
      "end" : 192,
      "text" : "°",
      "whiteSpace" : false
    }, {
      "id" : "s2-t2",
      "begin" : 193,
      "end" : 194,
      "text" : "É",
      "whiteSpace" : false
    }, {
      "id" : "s2-t3",
      "begin" : 195,
      "end" : 204,
      "text" : "exonerada",
      "whiteSpace" : false
    }, {
      "id" : "s2-t4",
      "begin" : 205,
      "end" : 212,
      "text" : "MARINÊS",
      "whiteSpace" : false
    }, {
      "id" : "s2-t5",
      "begin" : 213,
      "end" : 217,
      "text" : "CRUZ",
      "whiteSpace" : false
    }, {
      "id" : "s2-t6",
      "begin" : 218,
      "end" : 220,
      "text" : "DA",
      "whiteSpace" : false
    }, {
      "id" : "s2-t7",
      "begin" : 221,
      "end" : 226,
      "text" : "SILVA",
      "whiteSpace" : false
    }, {
      "id" : "s2-t8",
      "begin" : 227,
      "end" : 229,
      "text" : "do",
      "whiteSpace" : false
    }, {
      "id" : "s2-t9",
      "begin" : 230,
      "end" : 235,
      "text" : "cargo",
      "whiteSpace" : false
    }, {
      "id" : "s2-t10",
      "begin" : 236,
      "end" : 238,
      "text" : "de",
      "whiteSpace" : false
    }, {
      "id" : "s2-t11",
      "begin" : 239,
      "end" : 246,
      "text" : "Diretor",
      "whiteSpace" : false
    }, {
      "id" : "s2-t12",
      "begin" : 247,
      "end" : 249,
      "text" : "de",
      "whiteSpace" : false
    }, {
      "id" : "s2-t13",
      "begin" : 250,
      "end" : 258,
      "text" : "Proteção",
      "whiteSpace" : false
    }, {
      "id" : "s2-t14",
      "begin" : 259,
      "end" : 265,
      "text" : "Básica",
      "whiteSpace" : false
    }, {
      "id" : "s2-t15",
      "begin" : 266,
      "end" : 267,
      "text" : "–",
      "whiteSpace" : false
    }, {
      "id" : "s2-t16",
      "begin" : 268,
      "end" : 273,
      "text" : "DAS-4",
      "whiteSpace" : false
    }, {
      "id" : "s2-t17",
      "begin" : 273,
      "end" : 274,
      "text" : ",",
      "whiteSpace" : false
    }, {
      "id" : "s2-t18",
      "begin" : 275,
      "end" : 277,
      "text" : "da",
      "whiteSpace" : false
    }, {
      "id" : "s2-t19",
      "begin" : 278,
      "end" : 288,
      "text" : "Secretaria",
      "whiteSpace" : false
    }, {
      "id" : "s2-t20",
      "begin" : 289,
      "end" : 298,
      "text" : "Municipal",
      "whiteSpace" : false
    }, {
      "id" : "s2-t21",
      "begin" : 299,
      "end" : 301,
      "text" : "de",
      "whiteSpace" : false
    }, {
      "id" : "s2-t22",
      "begin" : 302,
      "end" : 317,
      "text" : "Desenvolvimento",
      "whiteSpace" : false
    }, {
      "id" : "s2-t23",
      "begin" : 318,
      "end" : 324,
      "text" : "Social",
      "whiteSpace" : false
    }, {
      "id" : "s2-t24",
      "begin" : 324,
      "end" : 325,
      "text" : ",",
      "whiteSpace" : false
    }, {
      "id" : "s2-t25",
      "begin" : 326,
      "end" : 327,
      "text" : "a",
      "whiteSpace" : false
    }, {
      "id" : "s2-t26",
      "begin" : 328,
      "end" : 334,
      "text" : "partir",
      "whiteSpace" : false
    }, {
      "id" : "s2-t27",
      "begin" : 335,
      "end" : 337,
      "text" : "de",
      "whiteSpace" : false
    }, {
      "id" : "s2-t28",
      "begin" : 338,
      "end" : 340,
      "text" : "30",
      "whiteSpace" : false
    }, {
      "id" : "s2-t29",
      "begin" : 341,
      "end" : 343,
      "text" : "de",
      "whiteSpace" : false
    }, {
      "id" : "s2-t30",
      "begin" : 344,
      "end" : 352,
      "text" : "novembro",
      "whiteSpace" : false
    }, {
      "id" : "s2-t31",
      "begin" : 353,
      "end" : 355,
      "text" : "de",
      "whiteSpace" : false
    }, {
      "id" : "s2-t32",
      "begin" : 356,
      "end" : 360,
      "text" : "2021",
      "whiteSpace" : false
    }, {
      "id" : "s2-t33",
      "begin" : 360,
      "end" : 361,
      "text" : ".",
      "whiteSpace" : false
    } ]
  }, {
    "id" : "s3",
    "begin" : 362,
    "end" : 366,
    "text" : "Art.",
    "tokens" : [ {
      "id" : "s3-t0",
      "begin" : 362,
      "end" : 365,
      "text" : "Art",
      "whiteSpace" : false
    }, {
      "id" : "s3-t1",
      "begin" : 365,
      "end" : 366,
      "text" : ".",
      "whiteSpace" : false
    } ]
  }, {
    "id" : "s4",
    "begin" : 367,
    "end" : 425,
    "text" : "2° Esta Portaria entra em vigor na data de sua publicação.",
    "tokens" : [ {
      "id" : "s4-t0",
      "begin" : 367,
      "end" : 368,
      "text" : "2",
      "whiteSpace" : false
    }, {
      "id" : "s4-t1",
      "begin" : 368,
      "end" : 369,
      "text" : "°",
      "whiteSpace" : false
    }, {
      "id" : "s4-t2",
      "begin" : 370,
      "end" : 374,
      "text" : "Esta",
      "whiteSpace" : false
    }, {
      "id" : "s4-t3",
      "begin" : 375,
      "end" : 383,
      "text" : "Portaria",
      "whiteSpace" : false
    }, {
      "id" : "s4-t4",
      "begin" : 384,
      "end" : 389,
      "text" : "entra",
      "whiteSpace" : false
    }, {
      "id" : "s4-t5",
      "begin" : 390,
      "end" : 392,
      "text" : "em",
      "whiteSpace" : false
    }, {
      "id" : "s4-t6",
      "begin" : 393,
      "end" : 398,
      "text" : "vigor",
      "whiteSpace" : false
    }, {
      "id" : "s4-t7",
      "begin" : 399,
      "end" : 401,
      "text" : "na",
      "whiteSpace" : false
    }, {
      "id" : "s4-t8",
      "begin" : 402,
      "end" : 406,
      "text" : "data",
      "whiteSpace" : false
    }, {
      "id" : "s4-t9",
      "begin" : 407,
      "end" : 409,
      "text" : "de",
      "whiteSpace" : false
    }, {
      "id" : "s4-t10",
      "begin" : 410,
      "end" : 413,
      "text" : "sua",
      "whiteSpace" : false
    }, {
      "id" : "s4-t11",
      "begin" : 414,
      "end" : 424,
      "text" : "publicação",
      "whiteSpace" : false
    }, {
      "id" : "s4-t12",
      "begin" : 424,
      "end" : 425,
      "text" : ".",
      "whiteSpace" : false
    } ]
  }, {
    "id" : "s5",
    "begin" : 426,
    "end" : 457,
    "text" : "Palmas, 23 de dezembro de 2021.",
    "tokens" : [ {
      "id" : "s5-t0",
      "begin" : 426,
      "end" : 432,
      "text" : "Palmas",
      "whiteSpace" : false
    }, {
      "id" : "s5-t1",
      "begin" : 432,
      "end" : 433,
      "text" : ",",
      "whiteSpace" : false
    }, {
      "id" : "s5-t2",
      "begin" : 434,
      "end" : 436,
      "text" : "23",
      "whiteSpace" : false
    }, {
      "id" : "s5-t3",
      "begin" : 437,
      "end" : 439,
      "text" : "de",
      "whiteSpace" : false
    }, {
      "id" : "s5-t4",
      "begin" : 440,
      "end" : 448,
      "text" : "dezembro",
      "whiteSpace" : false
    }, {
      "id" : "s5-t5",
      "begin" : 449,
      "end" : 451,
      "text" : "de",
      "whiteSpace" : false
    }, {
      "id" : "s5-t6",
      "begin" : 452,
      "end" : 456,
      "text" : "2021",
      "whiteSpace" : false
    }, {
      "id" : "s5-t7",
      "begin" : 456,
      "end" : 457,
      "text" : ".",
      "whiteSpace" : false
    } ]
  }, {
    "id" : "s6",
    "begin" : 458,
    "end" : 539,
    "text" : "Agostinho Araújo Rodrigues Júnior Secretário da Casa Civil do Município de Palmas",
    "tokens" : [ {
      "id" : "s6-t0",
      "begin" : 458,
      "end" : 467,
      "text" : "Agostinho",
      "whiteSpace" : false
    }, {
      "id" : "s6-t1",
      "begin" : 468,
      "end" : 474,
      "text" : "Araújo",
      "whiteSpace" : false
    }, {
      "id" : "s6-t2",
      "begin" : 475,
      "end" : 484,
      "text" : "Rodrigues",
      "whiteSpace" : false
    }, {
      "id" : "s6-t3",
      "begin" : 485,
      "end" : 491,
      "text" : "Júnior",
      "whiteSpace" : false
    }, {
      "id" : "s6-t4",
      "begin" : 492,
      "end" : 502,
      "text" : "Secretário",
      "whiteSpace" : false
    }, {
      "id" : "s6-t5",
      "begin" : 503,
      "end" : 505,
      "text" : "da",
      "whiteSpace" : false
    }, {
      "id" : "s6-t6",
      "begin" : 506,
      "end" : 510,
      "text" : "Casa",
      "whiteSpace" : false
    }, {
      "id" : "s6-t7",
      "begin" : 511,
      "end" : 516,
      "text" : "Civil",
      "whiteSpace" : false
    }, {
      "id" : "s6-t8",
      "begin" : 517,
      "end" : 519,
      "text" : "do",
      "whiteSpace" : false
    }, {
      "id" : "s6-t9",
      "begin" : 520,
      "end" : 529,
      "text" : "Município",
      "whiteSpace" : false
    }, {
      "id" : "s6-t10",
      "begin" : 530,
      "end" : 532,
      "text" : "de",
      "whiteSpace" : false
    }, {
      "id" : "s6-t11",
      "begin" : 533,
      "end" : 539,
      "text" : "Palmas",
      "whiteSpace" : false
    } ]
  } ],
  "mentions" : [ {
    "id" : "s0-m1",
    "properties" : {
      "SIRE_MENTION_ROLE" : "portaria",
      "SIRE_ENTITY_SUBTYPE" : "NONE",
      "SIRE_MENTION_TYPE" : "NONE",
      "SIRE_MENTION_CLASS" : "SPC"
    },
    "type" : "portaria",
    "begin" : 12,
    "end" : 15,
    "inCoref" : false
  }, {
    "id" : "s0-m2",
    "properties" : {
      "SIRE_MENTION_ROLE" : "dia",
      "SIRE_ENTITY_SUBTYPE" : "NONE",
      "SIRE_MENTION_TYPE" : "NONE",
      "SIRE_MENTION_CLASS" : "SPC"
    },
    "type" : "dia",
    "begin" : 20,
    "end" : 22,
    "inCoref" : false
  }, {
    "id" : "s0-m3",
    "properties" : {
      "SIRE_MENTION_ROLE" : "mes",
      "SIRE_ENTITY_SUBTYPE" : "NONE",
      "SIRE_MENTION_TYPE" : "NONE",
      "SIRE_MENTION_CLASS" : "SPC"
    },
    "type" : "mes",
    "begin" : 26,
    "end" : 34,
    "inCoref" : false
  }, {
    "id" : "s0-m4",
    "properties" : {
      "SIRE_MENTION_ROLE" : "ano",
      "SIRE_ENTITY_SUBTYPE" : "NONE",
      "SIRE_MENTION_TYPE" : "NONE",
      "SIRE_MENTION_CLASS" : "SPC"
    },
    "type" : "ano",
    "begin" : 38,
    "end" : 42,
    "inCoref" : false
  }, {
    "id" : "s2-m1",
    "properties" : {
      "SIRE_MENTION_ROLE" : "ato",
      "SIRE_ENTITY_SUBTYPE" : "NONE",
      "SIRE_MENTION_TYPE" : "NONE",
      "SIRE_MENTION_CLASS" : "SPC"
    },
    "type" : "ato",
    "begin" : 195,
    "end" : 204,
    "inCoref" : false
  }, {
    "id" : "s2-m2",
    "properties" : {
      "SIRE_MENTION_ROLE" : "nome",
      "SIRE_ENTITY_SUBTYPE" : "NONE",
      "SIRE_MENTION_TYPE" : "NONE",
      "SIRE_MENTION_CLASS" : "SPC"
    },
    "type" : "nome",
    "begin" : 205,
    "end" : 226,
    "inCoref" : false
  }, {
    "id" : "s2-m3",
    "properties" : {
      "SIRE_MENTION_ROLE" : "cargo",
      "SIRE_ENTITY_SUBTYPE" : "NONE",
      "SIRE_MENTION_TYPE" : "NONE",
      "SIRE_MENTION_CLASS" : "SPC"
    },
    "type" : "cargo",
    "begin" : 239,
    "end" : 265,
    "inCoref" : false
  } ],
  "relations" : [ ],
  "corefs" : [ ],
  "typeResolved" : true,
  "userResolved" : false
}