{
  "id" : "28608c60-6fe6-11ec-8aab-63cd9c950ac0-1",
  "name" : "buffer_pal_exo_02.txt",
  "createdDate" : 0,
  "version" : 3,
  "text" : "PORTARIA Nº 926, DE 16 DE DEZEMBRO DE 2021. O SECRETÁRIO DA CASA CIVIL DO MUNICÍPIO DE PALMAS, no uso da atribuição que lhe confere o Decreto nº 1.594, de 19 de abril de 2018, \nRESOLVE: Art. 1° É exonerado FUAD NEIFE NETO do cargo de Gerente Administrativo-Financeiro - DAS-7, do Instituto 20 de Maio de Ensino, Ciência e Tecnologia do Município de Palmas, \na partir de 17 de dezembro de 2021. Art. 2° Esta Portaria entra em vigor na data de sua publicação. Palmas, 16 de dezembro de 2021. Agostinho Araújo Rodrigues Júnior Secretário da Casa Civil do Município de Palmas \nDIÁRIO OFICIAL DO MUNICÍPIO DE PALMAS Nº 2.879 - QUINTA-FEIRA, 16 DE DEZEMBRO DE 2021 3 SECRETARIA DE GOVERNO E RELAÇÕES INSTITUCIONAIS PORTARIA/SEGRI/GAB Nº 11, DE 15 DE DEZEMBRO DE 2021. ",
  "docLength" : 0,
  "language" : "PT",
  "status" : "IN_PROGRESS",
  "modifiedDate" : 1641602580665,
  "documentSet" : [ ],
  "preannotation" : [ ],
  "sentences" : [ {
    "id" : "s0",
    "begin" : 0,
    "end" : 43,
    "text" : "PORTARIA Nº 926, DE 16 DE DEZEMBRO DE 2021.",
    "tokens" : [ {
      "id" : "s0-t0",
      "begin" : 0,
      "end" : 8,
      "text" : "PORTARIA",
      "whiteSpace" : false
    }, {
      "id" : "s0-t1",
      "begin" : 9,
      "end" : 11,
      "text" : "Nº",
      "whiteSpace" : false
    }, {
      "id" : "s0-t2",
      "begin" : 12,
      "end" : 15,
      "text" : "926",
      "whiteSpace" : false
    }, {
      "id" : "s0-t3",
      "begin" : 15,
      "end" : 16,
      "text" : ",",
      "whiteSpace" : false
    }, {
      "id" : "s0-t4",
      "begin" : 17,
      "end" : 19,
      "text" : "DE",
      "whiteSpace" : false
    }, {
      "id" : "s0-t5",
      "begin" : 20,
      "end" : 22,
      "text" : "16",
      "whiteSpace" : false
    }, {
      "id" : "s0-t6",
      "begin" : 23,
      "end" : 25,
      "text" : "DE",
      "whiteSpace" : false
    }, {
      "id" : "s0-t7",
      "begin" : 26,
      "end" : 34,
      "text" : "DEZEMBRO",
      "whiteSpace" : false
    }, {
      "id" : "s0-t8",
      "begin" : 35,
      "end" : 37,
      "text" : "DE",
      "whiteSpace" : false
    }, {
      "id" : "s0-t9",
      "begin" : 38,
      "end" : 42,
      "text" : "2021",
      "whiteSpace" : false
    }, {
      "id" : "s0-t10",
      "begin" : 42,
      "end" : 43,
      "text" : ".",
      "whiteSpace" : false
    } ]
  }, {
    "id" : "s1",
    "begin" : 44,
    "end" : 190,
    "text" : "O SECRETÁRIO DA CASA CIVIL DO MUNICÍPIO DE PALMAS, no uso da atribuição que lhe confere o Decreto nº 1.594, de 19 de abril de 2018, \nRESOLVE: Art.",
    "tokens" : [ {
      "id" : "s1-t0",
      "begin" : 44,
      "end" : 45,
      "text" : "O",
      "whiteSpace" : false
    }, {
      "id" : "s1-t1",
      "begin" : 46,
      "end" : 56,
      "text" : "SECRETÁRIO",
      "whiteSpace" : false
    }, {
      "id" : "s1-t2",
      "begin" : 57,
      "end" : 59,
      "text" : "DA",
      "whiteSpace" : false
    }, {
      "id" : "s1-t3",
      "begin" : 60,
      "end" : 64,
      "text" : "CASA",
      "whiteSpace" : false
    }, {
      "id" : "s1-t4",
      "begin" : 65,
      "end" : 70,
      "text" : "CIVIL",
      "whiteSpace" : false
    }, {
      "id" : "s1-t5",
      "begin" : 71,
      "end" : 73,
      "text" : "DO",
      "whiteSpace" : false
    }, {
      "id" : "s1-t6",
      "begin" : 74,
      "end" : 83,
      "text" : "MUNICÍPIO",
      "whiteSpace" : false
    }, {
      "id" : "s1-t7",
      "begin" : 84,
      "end" : 86,
      "text" : "DE",
      "whiteSpace" : false
    }, {
      "id" : "s1-t8",
      "begin" : 87,
      "end" : 93,
      "text" : "PALMAS",
      "whiteSpace" : false
    }, {
      "id" : "s1-t9",
      "begin" : 93,
      "end" : 94,
      "text" : ",",
      "whiteSpace" : false
    }, {
      "id" : "s1-t10",
      "begin" : 95,
      "end" : 97,
      "text" : "no",
      "whiteSpace" : false
    }, {
      "id" : "s1-t11",
      "begin" : 98,
      "end" : 101,
      "text" : "uso",
      "whiteSpace" : false
    }, {
      "id" : "s1-t12",
      "begin" : 102,
      "end" : 104,
      "text" : "da",
      "whiteSpace" : false
    }, {
      "id" : "s1-t13",
      "begin" : 105,
      "end" : 115,
      "text" : "atribuição",
      "whiteSpace" : false
    }, {
      "id" : "s1-t14",
      "begin" : 116,
      "end" : 119,
      "text" : "que",
      "whiteSpace" : false
    }, {
      "id" : "s1-t15",
      "begin" : 120,
      "end" : 123,
      "text" : "lhe",
      "whiteSpace" : false
    }, {
      "id" : "s1-t16",
      "begin" : 124,
      "end" : 131,
      "text" : "confere",
      "whiteSpace" : false
    }, {
      "id" : "s1-t17",
      "begin" : 132,
      "end" : 133,
      "text" : "o",
      "whiteSpace" : false
    }, {
      "id" : "s1-t18",
      "begin" : 134,
      "end" : 141,
      "text" : "Decreto",
      "whiteSpace" : false
    }, {
      "id" : "s1-t19",
      "begin" : 142,
      "end" : 144,
      "text" : "nº",
      "whiteSpace" : false
    }, {
      "id" : "s1-t20",
      "begin" : 145,
      "end" : 150,
      "text" : "1.594",
      "whiteSpace" : false
    }, {
      "id" : "s1-t21",
      "begin" : 150,
      "end" : 151,
      "text" : ",",
      "whiteSpace" : false
    }, {
      "id" : "s1-t22",
      "begin" : 152,
      "end" : 154,
      "text" : "de",
      "whiteSpace" : false
    }, {
      "id" : "s1-t23",
      "begin" : 155,
      "end" : 157,
      "text" : "19",
      "whiteSpace" : false
    }, {
      "id" : "s1-t24",
      "begin" : 158,
      "end" : 160,
      "text" : "de",
      "whiteSpace" : false
    }, {
      "id" : "s1-t25",
      "begin" : 161,
      "end" : 166,
      "text" : "abril",
      "whiteSpace" : false
    }, {
      "id" : "s1-t26",
      "begin" : 167,
      "end" : 169,
      "text" : "de",
      "whiteSpace" : false
    }, {
      "id" : "s1-t27",
      "begin" : 170,
      "end" : 174,
      "text" : "2018",
      "whiteSpace" : false
    }, {
      "id" : "s1-t28",
      "begin" : 174,
      "end" : 175,
      "text" : ",",
      "whiteSpace" : false
    }, {
      "id" : "s1-t29",
      "begin" : 177,
      "end" : 184,
      "text" : "RESOLVE",
      "whiteSpace" : false
    }, {
      "id" : "s1-t30",
      "begin" : 184,
      "end" : 185,
      "text" : ":",
      "whiteSpace" : false
    }, {
      "id" : "s1-t31",
      "begin" : 186,
      "end" : 189,
      "text" : "Art",
      "whiteSpace" : false
    }, {
      "id" : "s1-t32",
      "begin" : 189,
      "end" : 190,
      "text" : ".",
      "whiteSpace" : false
    } ]
  }, {
    "id" : "s2",
    "begin" : 191,
    "end" : 393,
    "text" : "1° É exonerado FUAD NEIFE NETO do cargo de Gerente Administrativo-Financeiro - DAS-7, do Instituto 20 de Maio de Ensino, Ciência e Tecnologia do Município de Palmas, \na partir de 17 de dezembro de 2021.",
    "tokens" : [ {
      "id" : "s2-t0",
      "begin" : 191,
      "end" : 192,
      "text" : "1",
      "whiteSpace" : false
    }, {
      "id" : "s2-t1",
      "begin" : 192,
      "end" : 193,
      "text" : "°",
      "whiteSpace" : false
    }, {
      "id" : "s2-t2",
      "begin" : 194,
      "end" : 195,
      "text" : "É",
      "whiteSpace" : false
    }, {
      "id" : "s2-t3",
      "begin" : 196,
      "end" : 205,
      "text" : "exonerado",
      "whiteSpace" : false
    }, {
      "id" : "s2-t4",
      "begin" : 206,
      "end" : 210,
      "text" : "FUAD",
      "whiteSpace" : false
    }, {
      "id" : "s2-t5",
      "begin" : 211,
      "end" : 216,
      "text" : "NEIFE",
      "whiteSpace" : false
    }, {
      "id" : "s2-t6",
      "begin" : 217,
      "end" : 221,
      "text" : "NETO",
      "whiteSpace" : false
    }, {
      "id" : "s2-t7",
      "begin" : 222,
      "end" : 224,
      "text" : "do",
      "whiteSpace" : false
    }, {
      "id" : "s2-t8",
      "begin" : 225,
      "end" : 230,
      "text" : "cargo",
      "whiteSpace" : false
    }, {
      "id" : "s2-t9",
      "begin" : 231,
      "end" : 233,
      "text" : "de",
      "whiteSpace" : false
    }, {
      "id" : "s2-t10",
      "begin" : 234,
      "end" : 241,
      "text" : "Gerente",
      "whiteSpace" : false
    }, {
      "id" : "s2-t11",
      "begin" : 242,
      "end" : 267,
      "text" : "Administrativo-Financeiro",
      "whiteSpace" : false
    }, {
      "id" : "s2-t12",
      "begin" : 268,
      "end" : 269,
      "text" : "-",
      "whiteSpace" : false
    }, {
      "id" : "s2-t13",
      "begin" : 270,
      "end" : 275,
      "text" : "DAS-7",
      "whiteSpace" : false
    }, {
      "id" : "s2-t14",
      "begin" : 275,
      "end" : 276,
      "text" : ",",
      "whiteSpace" : false
    }, {
      "id" : "s2-t15",
      "begin" : 277,
      "end" : 279,
      "text" : "do",
      "whiteSpace" : false
    }, {
      "id" : "s2-t16",
      "begin" : 280,
      "end" : 289,
      "text" : "Instituto",
      "whiteSpace" : false
    }, {
      "id" : "s2-t17",
      "begin" : 290,
      "end" : 292,
      "text" : "20",
      "whiteSpace" : false
    }, {
      "id" : "s2-t18",
      "begin" : 293,
      "end" : 295,
      "text" : "de",
      "whiteSpace" : false
    }, {
      "id" : "s2-t19",
      "begin" : 296,
      "end" : 300,
      "text" : "Maio",
      "whiteSpace" : false
    }, {
      "id" : "s2-t20",
      "begin" : 301,
      "end" : 303,
      "text" : "de",
      "whiteSpace" : false
    }, {
      "id" : "s2-t21",
      "begin" : 304,
      "end" : 310,
      "text" : "Ensino",
      "whiteSpace" : false
    }, {
      "id" : "s2-t22",
      "begin" : 310,
      "end" : 311,
      "text" : ",",
      "whiteSpace" : false
    }, {
      "id" : "s2-t23",
      "begin" : 312,
      "end" : 319,
      "text" : "Ciência",
      "whiteSpace" : false
    }, {
      "id" : "s2-t24",
      "begin" : 320,
      "end" : 321,
      "text" : "e",
      "whiteSpace" : false
    }, {
      "id" : "s2-t25",
      "begin" : 322,
      "end" : 332,
      "text" : "Tecnologia",
      "whiteSpace" : false
    }, {
      "id" : "s2-t26",
      "begin" : 333,
      "end" : 335,
      "text" : "do",
      "whiteSpace" : false
    }, {
      "id" : "s2-t27",
      "begin" : 336,
      "end" : 345,
      "text" : "Município",
      "whiteSpace" : false
    }, {
      "id" : "s2-t28",
      "begin" : 346,
      "end" : 348,
      "text" : "de",
      "whiteSpace" : false
    }, {
      "id" : "s2-t29",
      "begin" : 349,
      "end" : 355,
      "text" : "Palmas",
      "whiteSpace" : false
    }, {
      "id" : "s2-t30",
      "begin" : 355,
      "end" : 356,
      "text" : ",",
      "whiteSpace" : false
    }, {
      "id" : "s2-t31",
      "begin" : 358,
      "end" : 359,
      "text" : "a",
      "whiteSpace" : false
    }, {
      "id" : "s2-t32",
      "begin" : 360,
      "end" : 366,
      "text" : "partir",
      "whiteSpace" : false
    }, {
      "id" : "s2-t33",
      "begin" : 367,
      "end" : 369,
      "text" : "de",
      "whiteSpace" : false
    }, {
      "id" : "s2-t34",
      "begin" : 370,
      "end" : 372,
      "text" : "17",
      "whiteSpace" : false
    }, {
      "id" : "s2-t35",
      "begin" : 373,
      "end" : 375,
      "text" : "de",
      "whiteSpace" : false
    }, {
      "id" : "s2-t36",
      "begin" : 376,
      "end" : 384,
      "text" : "dezembro",
      "whiteSpace" : false
    }, {
      "id" : "s2-t37",
      "begin" : 385,
      "end" : 387,
      "text" : "de",
      "whiteSpace" : false
    }, {
      "id" : "s2-t38",
      "begin" : 388,
      "end" : 392,
      "text" : "2021",
      "whiteSpace" : false
    }, {
      "id" : "s2-t39",
      "begin" : 392,
      "end" : 393,
      "text" : ".",
      "whiteSpace" : false
    } ]
  }, {
    "id" : "s3",
    "begin" : 394,
    "end" : 398,
    "text" : "Art.",
    "tokens" : [ {
      "id" : "s3-t0",
      "begin" : 394,
      "end" : 397,
      "text" : "Art",
      "whiteSpace" : false
    }, {
      "id" : "s3-t1",
      "begin" : 397,
      "end" : 398,
      "text" : ".",
      "whiteSpace" : false
    } ]
  }, {
    "id" : "s4",
    "begin" : 399,
    "end" : 457,
    "text" : "2° Esta Portaria entra em vigor na data de sua publicação.",
    "tokens" : [ {
      "id" : "s4-t0",
      "begin" : 399,
      "end" : 400,
      "text" : "2",
      "whiteSpace" : false
    }, {
      "id" : "s4-t1",
      "begin" : 400,
      "end" : 401,
      "text" : "°",
      "whiteSpace" : false
    }, {
      "id" : "s4-t2",
      "begin" : 402,
      "end" : 406,
      "text" : "Esta",
      "whiteSpace" : false
    }, {
      "id" : "s4-t3",
      "begin" : 407,
      "end" : 415,
      "text" : "Portaria",
      "whiteSpace" : false
    }, {
      "id" : "s4-t4",
      "begin" : 416,
      "end" : 421,
      "text" : "entra",
      "whiteSpace" : false
    }, {
      "id" : "s4-t5",
      "begin" : 422,
      "end" : 424,
      "text" : "em",
      "whiteSpace" : false
    }, {
      "id" : "s4-t6",
      "begin" : 425,
      "end" : 430,
      "text" : "vigor",
      "whiteSpace" : false
    }, {
      "id" : "s4-t7",
      "begin" : 431,
      "end" : 433,
      "text" : "na",
      "whiteSpace" : false
    }, {
      "id" : "s4-t8",
      "begin" : 434,
      "end" : 438,
      "text" : "data",
      "whiteSpace" : false
    }, {
      "id" : "s4-t9",
      "begin" : 439,
      "end" : 441,
      "text" : "de",
      "whiteSpace" : false
    }, {
      "id" : "s4-t10",
      "begin" : 442,
      "end" : 445,
      "text" : "sua",
      "whiteSpace" : false
    }, {
      "id" : "s4-t11",
      "begin" : 446,
      "end" : 456,
      "text" : "publicação",
      "whiteSpace" : false
    }, {
      "id" : "s4-t12",
      "begin" : 456,
      "end" : 457,
      "text" : ".",
      "whiteSpace" : false
    } ]
  }, {
    "id" : "s5",
    "begin" : 458,
    "end" : 489,
    "text" : "Palmas, 16 de dezembro de 2021.",
    "tokens" : [ {
      "id" : "s5-t0",
      "begin" : 458,
      "end" : 464,
      "text" : "Palmas",
      "whiteSpace" : false
    }, {
      "id" : "s5-t1",
      "begin" : 464,
      "end" : 465,
      "text" : ",",
      "whiteSpace" : false
    }, {
      "id" : "s5-t2",
      "begin" : 466,
      "end" : 468,
      "text" : "16",
      "whiteSpace" : false
    }, {
      "id" : "s5-t3",
      "begin" : 469,
      "end" : 471,
      "text" : "de",
      "whiteSpace" : false
    }, {
      "id" : "s5-t4",
      "begin" : 472,
      "end" : 480,
      "text" : "dezembro",
      "whiteSpace" : false
    }, {
      "id" : "s5-t5",
      "begin" : 481,
      "end" : 483,
      "text" : "de",
      "whiteSpace" : false
    }, {
      "id" : "s5-t6",
      "begin" : 484,
      "end" : 488,
      "text" : "2021",
      "whiteSpace" : false
    }, {
      "id" : "s5-t7",
      "begin" : 488,
      "end" : 489,
      "text" : ".",
      "whiteSpace" : false
    } ]
  }, {
    "id" : "s6",
    "begin" : 490,
    "end" : 761,
    "text" : "Agostinho Araújo Rodrigues Júnior Secretário da Casa Civil do Município de Palmas \nDIÁRIO OFICIAL DO MUNICÍPIO DE PALMAS Nº 2.879 - QUINTA-FEIRA, 16 DE DEZEMBRO DE 2021 3 SECRETARIA DE GOVERNO E RELAÇÕES INSTITUCIONAIS PORTARIA/SEGRI/GAB Nº 11, DE 15 DE DEZEMBRO DE 2021.",
    "tokens" : [ {
      "id" : "s6-t0",
      "begin" : 490,
      "end" : 499,
      "text" : "Agostinho",
      "whiteSpace" : false
    }, {
      "id" : "s6-t1",
      "begin" : 500,
      "end" : 506,
      "text" : "Araújo",
      "whiteSpace" : false
    }, {
      "id" : "s6-t2",
      "begin" : 507,
      "end" : 516,
      "text" : "Rodrigues",
      "whiteSpace" : false
    }, {
      "id" : "s6-t3",
      "begin" : 517,
      "end" : 523,
      "text" : "Júnior",
      "whiteSpace" : false
    }, {
      "id" : "s6-t4",
      "begin" : 524,
      "end" : 534,
      "text" : "Secretário",
      "whiteSpace" : false
    }, {
      "id" : "s6-t5",
      "begin" : 535,
      "end" : 537,
      "text" : "da",
      "whiteSpace" : false
    }, {
      "id" : "s6-t6",
      "begin" : 538,
      "end" : 542,
      "text" : "Casa",
      "whiteSpace" : false
    }, {
      "id" : "s6-t7",
      "begin" : 543,
      "end" : 548,
      "text" : "Civil",
      "whiteSpace" : false
    }, {
      "id" : "s6-t8",
      "begin" : 549,
      "end" : 551,
      "text" : "do",
      "whiteSpace" : false
    }, {
      "id" : "s6-t9",
      "begin" : 552,
      "end" : 561,
      "text" : "Município",
      "whiteSpace" : false
    }, {
      "id" : "s6-t10",
      "begin" : 562,
      "end" : 564,
      "text" : "de",
      "whiteSpace" : false
    }, {
      "id" : "s6-t11",
      "begin" : 565,
      "end" : 571,
      "text" : "Palmas",
      "whiteSpace" : false
    }, {
      "id" : "s6-t12",
      "begin" : 573,
      "end" : 579,
      "text" : "DIÁRIO",
      "whiteSpace" : false
    }, {
      "id" : "s6-t13",
      "begin" : 580,
      "end" : 587,
      "text" : "OFICIAL",
      "whiteSpace" : false
    }, {
      "id" : "s6-t14",
      "begin" : 588,
      "end" : 590,
      "text" : "DO",
      "whiteSpace" : false
    }, {
      "id" : "s6-t15",
      "begin" : 591,
      "end" : 600,
      "text" : "MUNICÍPIO",
      "whiteSpace" : false
    }, {
      "id" : "s6-t16",
      "begin" : 601,
      "end" : 603,
      "text" : "DE",
      "whiteSpace" : false
    }, {
      "id" : "s6-t17",
      "begin" : 604,
      "end" : 610,
      "text" : "PALMAS",
      "whiteSpace" : false
    }, {
      "id" : "s6-t18",
      "begin" : 611,
      "end" : 613,
      "text" : "Nº",
      "whiteSpace" : false
    }, {
      "id" : "s6-t19",
      "begin" : 614,
      "end" : 619,
      "text" : "2.879",
      "whiteSpace" : false
    }, {
      "id" : "s6-t20",
      "begin" : 620,
      "end" : 621,
      "text" : "-",
      "whiteSpace" : false
    }, {
      "id" : "s6-t21",
      "begin" : 622,
      "end" : 634,
      "text" : "QUINTA-FEIRA",
      "whiteSpace" : false
    }, {
      "id" : "s6-t22",
      "begin" : 634,
      "end" : 635,
      "text" : ",",
      "whiteSpace" : false
    }, {
      "id" : "s6-t23",
      "begin" : 636,
      "end" : 638,
      "text" : "16",
      "whiteSpace" : false
    }, {
      "id" : "s6-t24",
      "begin" : 639,
      "end" : 641,
      "text" : "DE",
      "whiteSpace" : false
    }, {
      "id" : "s6-t25",
      "begin" : 642,
      "end" : 650,
      "text" : "DEZEMBRO",
      "whiteSpace" : false
    }, {
      "id" : "s6-t26",
      "begin" : 651,
      "end" : 653,
      "text" : "DE",
      "whiteSpace" : false
    }, {
      "id" : "s6-t27",
      "begin" : 654,
      "end" : 658,
      "text" : "2021",
      "whiteSpace" : false
    }, {
      "id" : "s6-t28",
      "begin" : 659,
      "end" : 660,
      "text" : "3",
      "whiteSpace" : false
    }, {
      "id" : "s6-t29",
      "begin" : 661,
      "end" : 671,
      "text" : "SECRETARIA",
      "whiteSpace" : false
    }, {
      "id" : "s6-t30",
      "begin" : 672,
      "end" : 674,
      "text" : "DE",
      "whiteSpace" : false
    }, {
      "id" : "s6-t31",
      "begin" : 675,
      "end" : 682,
      "text" : "GOVERNO",
      "whiteSpace" : false
    }, {
      "id" : "s6-t32",
      "begin" : 683,
      "end" : 684,
      "text" : "E",
      "whiteSpace" : false
    }, {
      "id" : "s6-t33",
      "begin" : 685,
      "end" : 693,
      "text" : "RELAÇÕES",
      "whiteSpace" : false
    }, {
      "id" : "s6-t34",
      "begin" : 694,
      "end" : 708,
      "text" : "INSTITUCIONAIS",
      "whiteSpace" : false
    }, {
      "id" : "s6-t35",
      "begin" : 709,
      "end" : 727,
      "text" : "PORTARIA/SEGRI/GAB",
      "whiteSpace" : false
    }, {
      "id" : "s6-t36",
      "begin" : 728,
      "end" : 730,
      "text" : "Nº",
      "whiteSpace" : false
    }, {
      "id" : "s6-t37",
      "begin" : 731,
      "end" : 733,
      "text" : "11",
      "whiteSpace" : false
    }, {
      "id" : "s6-t38",
      "begin" : 733,
      "end" : 734,
      "text" : ",",
      "whiteSpace" : false
    }, {
      "id" : "s6-t39",
      "begin" : 735,
      "end" : 737,
      "text" : "DE",
      "whiteSpace" : false
    }, {
      "id" : "s6-t40",
      "begin" : 738,
      "end" : 740,
      "text" : "15",
      "whiteSpace" : false
    }, {
      "id" : "s6-t41",
      "begin" : 741,
      "end" : 743,
      "text" : "DE",
      "whiteSpace" : false
    }, {
      "id" : "s6-t42",
      "begin" : 744,
      "end" : 752,
      "text" : "DEZEMBRO",
      "whiteSpace" : false
    }, {
      "id" : "s6-t43",
      "begin" : 753,
      "end" : 755,
      "text" : "DE",
      "whiteSpace" : false
    }, {
      "id" : "s6-t44",
      "begin" : 756,
      "end" : 760,
      "text" : "2021",
      "whiteSpace" : false
    }, {
      "id" : "s6-t45",
      "begin" : 760,
      "end" : 761,
      "text" : ".",
      "whiteSpace" : false
    } ]
  } ],
  "mentions" : [ {
    "id" : "s0-m1",
    "properties" : {
      "SIRE_MENTION_ROLE" : "portaria",
      "SIRE_ENTITY_SUBTYPE" : "NONE",
      "SIRE_MENTION_TYPE" : "NONE",
      "SIRE_MENTION_CLASS" : "SPC"
    },
    "type" : "portaria",
    "begin" : 12,
    "end" : 15,
    "inCoref" : false
  }, {
    "id" : "s0-m2",
    "properties" : {
      "SIRE_MENTION_ROLE" : "dia",
      "SIRE_ENTITY_SUBTYPE" : "NONE",
      "SIRE_MENTION_TYPE" : "NONE",
      "SIRE_MENTION_CLASS" : "SPC"
    },
    "type" : "dia",
    "begin" : 20,
    "end" : 22,
    "inCoref" : false
  }, {
    "id" : "s0-m3",
    "properties" : {
      "SIRE_MENTION_ROLE" : "mes",
      "SIRE_ENTITY_SUBTYPE" : "NONE",
      "SIRE_MENTION_TYPE" : "NONE",
      "SIRE_MENTION_CLASS" : "SPC"
    },
    "type" : "mes",
    "begin" : 26,
    "end" : 34,
    "inCoref" : false
  }, {
    "id" : "s0-m4",
    "properties" : {
      "SIRE_MENTION_ROLE" : "ano",
      "SIRE_ENTITY_SUBTYPE" : "NONE",
      "SIRE_MENTION_TYPE" : "NONE",
      "SIRE_MENTION_CLASS" : "SPC"
    },
    "type" : "ano",
    "begin" : 38,
    "end" : 42,
    "inCoref" : false
  }, {
    "id" : "s2-m2",
    "properties" : {
      "SIRE_MENTION_ROLE" : "ato",
      "SIRE_ENTITY_SUBTYPE" : "NONE",
      "SIRE_MENTION_TYPE" : "NONE",
      "SIRE_MENTION_CLASS" : "SPC"
    },
    "type" : "ato",
    "begin" : 196,
    "end" : 205,
    "inCoref" : false
  }, {
    "id" : "s2-m3",
    "properties" : {
      "SIRE_MENTION_ROLE" : "nome",
      "SIRE_ENTITY_SUBTYPE" : "NONE",
      "SIRE_MENTION_TYPE" : "NONE",
      "SIRE_MENTION_CLASS" : "SPC"
    },
    "type" : "nome",
    "begin" : 206,
    "end" : 221,
    "inCoref" : false
  }, {
    "id" : "s2-m4",
    "properties" : {
      "SIRE_MENTION_ROLE" : "cargo",
      "SIRE_ENTITY_SUBTYPE" : "NONE",
      "SIRE_MENTION_TYPE" : "NONE",
      "SIRE_MENTION_CLASS" : "SPC"
    },
    "type" : "cargo",
    "begin" : 234,
    "end" : 267,
    "inCoref" : false
  } ],
  "relations" : [ ],
  "corefs" : [ ],
  "typeResolved" : true,
  "userResolved" : false
}