{
  "id" : "33b26440-7026-11ec-a52f-0922da029c04-6",
  "name" : "buffer_flo_exo_07.txt",
  "createdDate" : 0,
  "version" : 3,
  "text" : "DECRETO N. 23.449, DE 30 DE DEZEMBRO DE \n2021. O PREFEITO MUNICIPAL DE FLORIANÓPOLIS, \nusando da competência e atribuições, que lhe são \nconferidas pelo inciso VI do art. 74, da Lei Orgânica \ndo Município, RESOLVE: EXONERAR, A PEDIDO, \nGEORGES MAVROS FILIZZOLA do Cargo em \nComissão de Superintendente de Receitas e \nTributos Municipais da Secretaria Municipal da \nFazenda, a partir de 03/01/2022. Florianópolis, aos \n30 de dezembro de 2021. GEAN MARQUES \nLOUREIRO PREFEITO MUNICIPAL EVERSON \nMENDES SECRETÁRIO MUNICIPAL DA CASA CIVIL. \n(Republicado por incorreção na publicação no \nDiário Oficial Eletrônico do Município, Edição n. \n3103, do dia 03/01/2022, página 01). \n",
  "docLength" : 0,
  "language" : "PT",
  "status" : "IN_PROGRESS",
  "modifiedDate" : 1641607302576,
  "documentSet" : [ ],
  "preannotation" : [ ],
  "sentences" : [ {
    "id" : "s0",
    "begin" : 0,
    "end" : 46,
    "text" : "DECRETO N. 23.449, DE 30 DE DEZEMBRO DE \n2021.",
    "tokens" : [ {
      "id" : "s0-t0",
      "begin" : 0,
      "end" : 7,
      "text" : "DECRETO",
      "whiteSpace" : false
    }, {
      "id" : "s0-t1",
      "begin" : 8,
      "end" : 10,
      "text" : "N.",
      "whiteSpace" : false
    }, {
      "id" : "s0-t2",
      "begin" : 11,
      "end" : 17,
      "text" : "23.449",
      "whiteSpace" : false
    }, {
      "id" : "s0-t3",
      "begin" : 17,
      "end" : 18,
      "text" : ",",
      "whiteSpace" : false
    }, {
      "id" : "s0-t4",
      "begin" : 19,
      "end" : 21,
      "text" : "DE",
      "whiteSpace" : false
    }, {
      "id" : "s0-t5",
      "begin" : 22,
      "end" : 24,
      "text" : "30",
      "whiteSpace" : false
    }, {
      "id" : "s0-t6",
      "begin" : 25,
      "end" : 27,
      "text" : "DE",
      "whiteSpace" : false
    }, {
      "id" : "s0-t7",
      "begin" : 28,
      "end" : 36,
      "text" : "DEZEMBRO",
      "whiteSpace" : false
    }, {
      "id" : "s0-t8",
      "begin" : 37,
      "end" : 39,
      "text" : "DE",
      "whiteSpace" : false
    }, {
      "id" : "s0-t9",
      "begin" : 41,
      "end" : 45,
      "text" : "2021",
      "whiteSpace" : false
    }, {
      "id" : "s0-t10",
      "begin" : 45,
      "end" : 46,
      "text" : ".",
      "whiteSpace" : false
    } ]
  }, {
    "id" : "s1",
    "begin" : 47,
    "end" : 170,
    "text" : "O PREFEITO MUNICIPAL DE FLORIANÓPOLIS, \nusando da competência e atribuições, que lhe são \nconferidas pelo inciso VI do art.",
    "tokens" : [ {
      "id" : "s1-t0",
      "begin" : 47,
      "end" : 48,
      "text" : "O",
      "whiteSpace" : false
    }, {
      "id" : "s1-t1",
      "begin" : 49,
      "end" : 57,
      "text" : "PREFEITO",
      "whiteSpace" : false
    }, {
      "id" : "s1-t2",
      "begin" : 58,
      "end" : 67,
      "text" : "MUNICIPAL",
      "whiteSpace" : false
    }, {
      "id" : "s1-t3",
      "begin" : 68,
      "end" : 70,
      "text" : "DE",
      "whiteSpace" : false
    }, {
      "id" : "s1-t4",
      "begin" : 71,
      "end" : 84,
      "text" : "FLORIANÓPOLIS",
      "whiteSpace" : false
    }, {
      "id" : "s1-t5",
      "begin" : 84,
      "end" : 85,
      "text" : ",",
      "whiteSpace" : false
    }, {
      "id" : "s1-t6",
      "begin" : 87,
      "end" : 93,
      "text" : "usando",
      "whiteSpace" : false
    }, {
      "id" : "s1-t7",
      "begin" : 94,
      "end" : 96,
      "text" : "da",
      "whiteSpace" : false
    }, {
      "id" : "s1-t8",
      "begin" : 97,
      "end" : 108,
      "text" : "competência",
      "whiteSpace" : false
    }, {
      "id" : "s1-t9",
      "begin" : 109,
      "end" : 110,
      "text" : "e",
      "whiteSpace" : false
    }, {
      "id" : "s1-t10",
      "begin" : 111,
      "end" : 122,
      "text" : "atribuições",
      "whiteSpace" : false
    }, {
      "id" : "s1-t11",
      "begin" : 122,
      "end" : 123,
      "text" : ",",
      "whiteSpace" : false
    }, {
      "id" : "s1-t12",
      "begin" : 124,
      "end" : 127,
      "text" : "que",
      "whiteSpace" : false
    }, {
      "id" : "s1-t13",
      "begin" : 128,
      "end" : 131,
      "text" : "lhe",
      "whiteSpace" : false
    }, {
      "id" : "s1-t14",
      "begin" : 132,
      "end" : 135,
      "text" : "são",
      "whiteSpace" : false
    }, {
      "id" : "s1-t15",
      "begin" : 137,
      "end" : 147,
      "text" : "conferidas",
      "whiteSpace" : false
    }, {
      "id" : "s1-t16",
      "begin" : 148,
      "end" : 152,
      "text" : "pelo",
      "whiteSpace" : false
    }, {
      "id" : "s1-t17",
      "begin" : 153,
      "end" : 159,
      "text" : "inciso",
      "whiteSpace" : false
    }, {
      "id" : "s1-t18",
      "begin" : 160,
      "end" : 162,
      "text" : "VI",
      "whiteSpace" : false
    }, {
      "id" : "s1-t19",
      "begin" : 163,
      "end" : 165,
      "text" : "do",
      "whiteSpace" : false
    }, {
      "id" : "s1-t20",
      "begin" : 166,
      "end" : 169,
      "text" : "art",
      "whiteSpace" : false
    }, {
      "id" : "s1-t21",
      "begin" : 169,
      "end" : 170,
      "text" : ".",
      "whiteSpace" : false
    } ]
  }, {
    "id" : "s2",
    "begin" : 171,
    "end" : 397,
    "text" : "74, da Lei Orgânica \ndo Município, RESOLVE: EXONERAR, A PEDIDO, \nGEORGES MAVROS FILIZZOLA do Cargo em \nComissão de Superintendente de Receitas e \nTributos Municipais da Secretaria Municipal da \nFazenda, a partir de 03/01/2022.",
    "tokens" : [ {
      "id" : "s2-t0",
      "begin" : 171,
      "end" : 173,
      "text" : "74",
      "whiteSpace" : false
    }, {
      "id" : "s2-t1",
      "begin" : 173,
      "end" : 174,
      "text" : ",",
      "whiteSpace" : false
    }, {
      "id" : "s2-t2",
      "begin" : 175,
      "end" : 177,
      "text" : "da",
      "whiteSpace" : false
    }, {
      "id" : "s2-t3",
      "begin" : 178,
      "end" : 181,
      "text" : "Lei",
      "whiteSpace" : false
    }, {
      "id" : "s2-t4",
      "begin" : 182,
      "end" : 190,
      "text" : "Orgânica",
      "whiteSpace" : false
    }, {
      "id" : "s2-t5",
      "begin" : 192,
      "end" : 194,
      "text" : "do",
      "whiteSpace" : false
    }, {
      "id" : "s2-t6",
      "begin" : 195,
      "end" : 204,
      "text" : "Município",
      "whiteSpace" : false
    }, {
      "id" : "s2-t7",
      "begin" : 204,
      "end" : 205,
      "text" : ",",
      "whiteSpace" : false
    }, {
      "id" : "s2-t8",
      "begin" : 206,
      "end" : 213,
      "text" : "RESOLVE",
      "whiteSpace" : false
    }, {
      "id" : "s2-t9",
      "begin" : 213,
      "end" : 214,
      "text" : ":",
      "whiteSpace" : false
    }, {
      "id" : "s2-t10",
      "begin" : 215,
      "end" : 223,
      "text" : "EXONERAR",
      "whiteSpace" : false
    }, {
      "id" : "s2-t11",
      "begin" : 223,
      "end" : 224,
      "text" : ",",
      "whiteSpace" : false
    }, {
      "id" : "s2-t12",
      "begin" : 225,
      "end" : 226,
      "text" : "A",
      "whiteSpace" : false
    }, {
      "id" : "s2-t13",
      "begin" : 227,
      "end" : 233,
      "text" : "PEDIDO",
      "whiteSpace" : false
    }, {
      "id" : "s2-t14",
      "begin" : 233,
      "end" : 234,
      "text" : ",",
      "whiteSpace" : false
    }, {
      "id" : "s2-t15",
      "begin" : 236,
      "end" : 243,
      "text" : "GEORGES",
      "whiteSpace" : false
    }, {
      "id" : "s2-t16",
      "begin" : 244,
      "end" : 250,
      "text" : "MAVROS",
      "whiteSpace" : false
    }, {
      "id" : "s2-t17",
      "begin" : 251,
      "end" : 260,
      "text" : "FILIZZOLA",
      "whiteSpace" : false
    }, {
      "id" : "s2-t18",
      "begin" : 261,
      "end" : 263,
      "text" : "do",
      "whiteSpace" : false
    }, {
      "id" : "s2-t19",
      "begin" : 264,
      "end" : 269,
      "text" : "Cargo",
      "whiteSpace" : false
    }, {
      "id" : "s2-t20",
      "begin" : 270,
      "end" : 272,
      "text" : "em",
      "whiteSpace" : false
    }, {
      "id" : "s2-t21",
      "begin" : 274,
      "end" : 282,
      "text" : "Comissão",
      "whiteSpace" : false
    }, {
      "id" : "s2-t22",
      "begin" : 283,
      "end" : 285,
      "text" : "de",
      "whiteSpace" : false
    }, {
      "id" : "s2-t23",
      "begin" : 286,
      "end" : 301,
      "text" : "Superintendente",
      "whiteSpace" : false
    }, {
      "id" : "s2-t24",
      "begin" : 302,
      "end" : 304,
      "text" : "de",
      "whiteSpace" : false
    }, {
      "id" : "s2-t25",
      "begin" : 305,
      "end" : 313,
      "text" : "Receitas",
      "whiteSpace" : false
    }, {
      "id" : "s2-t26",
      "begin" : 314,
      "end" : 315,
      "text" : "e",
      "whiteSpace" : false
    }, {
      "id" : "s2-t27",
      "begin" : 317,
      "end" : 325,
      "text" : "Tributos",
      "whiteSpace" : false
    }, {
      "id" : "s2-t28",
      "begin" : 326,
      "end" : 336,
      "text" : "Municipais",
      "whiteSpace" : false
    }, {
      "id" : "s2-t29",
      "begin" : 337,
      "end" : 339,
      "text" : "da",
      "whiteSpace" : false
    }, {
      "id" : "s2-t30",
      "begin" : 340,
      "end" : 350,
      "text" : "Secretaria",
      "whiteSpace" : false
    }, {
      "id" : "s2-t31",
      "begin" : 351,
      "end" : 360,
      "text" : "Municipal",
      "whiteSpace" : false
    }, {
      "id" : "s2-t32",
      "begin" : 361,
      "end" : 363,
      "text" : "da",
      "whiteSpace" : false
    }, {
      "id" : "s2-t33",
      "begin" : 365,
      "end" : 372,
      "text" : "Fazenda",
      "whiteSpace" : false
    }, {
      "id" : "s2-t34",
      "begin" : 372,
      "end" : 373,
      "text" : ",",
      "whiteSpace" : false
    }, {
      "id" : "s2-t35",
      "begin" : 374,
      "end" : 375,
      "text" : "a",
      "whiteSpace" : false
    }, {
      "id" : "s2-t36",
      "begin" : 376,
      "end" : 382,
      "text" : "partir",
      "whiteSpace" : false
    }, {
      "id" : "s2-t37",
      "begin" : 383,
      "end" : 385,
      "text" : "de",
      "whiteSpace" : false
    }, {
      "id" : "s2-t38",
      "begin" : 386,
      "end" : 396,
      "text" : "03/01/2022",
      "whiteSpace" : false
    }, {
      "id" : "s2-t39",
      "begin" : 396,
      "end" : 397,
      "text" : ".",
      "whiteSpace" : false
    } ]
  }, {
    "id" : "s3",
    "begin" : 398,
    "end" : 441,
    "text" : "Florianópolis, aos \n30 de dezembro de 2021.",
    "tokens" : [ {
      "id" : "s3-t0",
      "begin" : 398,
      "end" : 411,
      "text" : "Florianópolis",
      "whiteSpace" : false
    }, {
      "id" : "s3-t1",
      "begin" : 411,
      "end" : 412,
      "text" : ",",
      "whiteSpace" : false
    }, {
      "id" : "s3-t2",
      "begin" : 413,
      "end" : 416,
      "text" : "aos",
      "whiteSpace" : false
    }, {
      "id" : "s3-t3",
      "begin" : 418,
      "end" : 420,
      "text" : "30",
      "whiteSpace" : false
    }, {
      "id" : "s3-t4",
      "begin" : 421,
      "end" : 423,
      "text" : "de",
      "whiteSpace" : false
    }, {
      "id" : "s3-t5",
      "begin" : 424,
      "end" : 432,
      "text" : "dezembro",
      "whiteSpace" : false
    }, {
      "id" : "s3-t6",
      "begin" : 433,
      "end" : 435,
      "text" : "de",
      "whiteSpace" : false
    }, {
      "id" : "s3-t7",
      "begin" : 436,
      "end" : 440,
      "text" : "2021",
      "whiteSpace" : false
    }, {
      "id" : "s3-t8",
      "begin" : 440,
      "end" : 441,
      "text" : ".",
      "whiteSpace" : false
    } ]
  }, {
    "id" : "s4",
    "begin" : 442,
    "end" : 535,
    "text" : "GEAN MARQUES \nLOUREIRO PREFEITO MUNICIPAL EVERSON \nMENDES SECRETÁRIO MUNICIPAL DA CASA CIVIL.",
    "tokens" : [ {
      "id" : "s4-t0",
      "begin" : 442,
      "end" : 446,
      "text" : "GEAN",
      "whiteSpace" : false
    }, {
      "id" : "s4-t1",
      "begin" : 447,
      "end" : 454,
      "text" : "MARQUES",
      "whiteSpace" : false
    }, {
      "id" : "s4-t2",
      "begin" : 456,
      "end" : 464,
      "text" : "LOUREIRO",
      "whiteSpace" : false
    }, {
      "id" : "s4-t3",
      "begin" : 465,
      "end" : 473,
      "text" : "PREFEITO",
      "whiteSpace" : false
    }, {
      "id" : "s4-t4",
      "begin" : 474,
      "end" : 483,
      "text" : "MUNICIPAL",
      "whiteSpace" : false
    }, {
      "id" : "s4-t5",
      "begin" : 484,
      "end" : 491,
      "text" : "EVERSON",
      "whiteSpace" : false
    }, {
      "id" : "s4-t6",
      "begin" : 493,
      "end" : 499,
      "text" : "MENDES",
      "whiteSpace" : false
    }, {
      "id" : "s4-t7",
      "begin" : 500,
      "end" : 510,
      "text" : "SECRETÁRIO",
      "whiteSpace" : false
    }, {
      "id" : "s4-t8",
      "begin" : 511,
      "end" : 520,
      "text" : "MUNICIPAL",
      "whiteSpace" : false
    }, {
      "id" : "s4-t9",
      "begin" : 521,
      "end" : 523,
      "text" : "DA",
      "whiteSpace" : false
    }, {
      "id" : "s4-t10",
      "begin" : 524,
      "end" : 528,
      "text" : "CASA",
      "whiteSpace" : false
    }, {
      "id" : "s4-t11",
      "begin" : 529,
      "end" : 534,
      "text" : "CIVIL",
      "whiteSpace" : false
    }, {
      "id" : "s4-t12",
      "begin" : 534,
      "end" : 535,
      "text" : ".",
      "whiteSpace" : false
    } ]
  }, {
    "id" : "s5",
    "begin" : 537,
    "end" : 632,
    "text" : "(Republicado por incorreção na publicação no \nDiário Oficial Eletrônico do Município, Edição n.",
    "tokens" : [ {
      "id" : "s5-t0",
      "begin" : 537,
      "end" : 538,
      "text" : "(",
      "whiteSpace" : false
    }, {
      "id" : "s5-t1",
      "begin" : 538,
      "end" : 549,
      "text" : "Republicado",
      "whiteSpace" : false
    }, {
      "id" : "s5-t2",
      "begin" : 550,
      "end" : 553,
      "text" : "por",
      "whiteSpace" : false
    }, {
      "id" : "s5-t3",
      "begin" : 554,
      "end" : 564,
      "text" : "incorreção",
      "whiteSpace" : false
    }, {
      "id" : "s5-t4",
      "begin" : 565,
      "end" : 567,
      "text" : "na",
      "whiteSpace" : false
    }, {
      "id" : "s5-t5",
      "begin" : 568,
      "end" : 578,
      "text" : "publicação",
      "whiteSpace" : false
    }, {
      "id" : "s5-t6",
      "begin" : 579,
      "end" : 581,
      "text" : "no",
      "whiteSpace" : false
    }, {
      "id" : "s5-t7",
      "begin" : 583,
      "end" : 589,
      "text" : "Diário",
      "whiteSpace" : false
    }, {
      "id" : "s5-t8",
      "begin" : 590,
      "end" : 597,
      "text" : "Oficial",
      "whiteSpace" : false
    }, {
      "id" : "s5-t9",
      "begin" : 598,
      "end" : 608,
      "text" : "Eletrônico",
      "whiteSpace" : false
    }, {
      "id" : "s5-t10",
      "begin" : 609,
      "end" : 611,
      "text" : "do",
      "whiteSpace" : false
    }, {
      "id" : "s5-t11",
      "begin" : 612,
      "end" : 621,
      "text" : "Município",
      "whiteSpace" : false
    }, {
      "id" : "s5-t12",
      "begin" : 621,
      "end" : 622,
      "text" : ",",
      "whiteSpace" : false
    }, {
      "id" : "s5-t13",
      "begin" : 623,
      "end" : 629,
      "text" : "Edição",
      "whiteSpace" : false
    }, {
      "id" : "s5-t14",
      "begin" : 630,
      "end" : 631,
      "text" : "n",
      "whiteSpace" : false
    }, {
      "id" : "s5-t15",
      "begin" : 631,
      "end" : 632,
      "text" : ".",
      "whiteSpace" : false
    } ]
  }, {
    "id" : "s6",
    "begin" : 634,
    "end" : 670,
    "text" : "3103, do dia 03/01/2022, página 01).",
    "tokens" : [ {
      "id" : "s6-t0",
      "begin" : 634,
      "end" : 638,
      "text" : "3103",
      "whiteSpace" : false
    }, {
      "id" : "s6-t1",
      "begin" : 638,
      "end" : 639,
      "text" : ",",
      "whiteSpace" : false
    }, {
      "id" : "s6-t2",
      "begin" : 640,
      "end" : 642,
      "text" : "do",
      "whiteSpace" : false
    }, {
      "id" : "s6-t3",
      "begin" : 643,
      "end" : 646,
      "text" : "dia",
      "whiteSpace" : false
    }, {
      "id" : "s6-t4",
      "begin" : 647,
      "end" : 657,
      "text" : "03/01/2022",
      "whiteSpace" : false
    }, {
      "id" : "s6-t5",
      "begin" : 657,
      "end" : 658,
      "text" : ",",
      "whiteSpace" : false
    }, {
      "id" : "s6-t6",
      "begin" : 659,
      "end" : 665,
      "text" : "página",
      "whiteSpace" : false
    }, {
      "id" : "s6-t7",
      "begin" : 666,
      "end" : 668,
      "text" : "01",
      "whiteSpace" : false
    }, {
      "id" : "s6-t8",
      "begin" : 668,
      "end" : 669,
      "text" : ")",
      "whiteSpace" : false
    }, {
      "id" : "s6-t9",
      "begin" : 669,
      "end" : 670,
      "text" : ".",
      "whiteSpace" : false
    } ]
  } ],
  "mentions" : [ {
    "id" : "s0-m1",
    "properties" : {
      "SIRE_MENTION_ROLE" : "portaria",
      "SIRE_ENTITY_SUBTYPE" : "NONE",
      "SIRE_MENTION_TYPE" : "NONE",
      "SIRE_MENTION_CLASS" : "SPC"
    },
    "type" : "portaria",
    "begin" : 11,
    "end" : 17,
    "inCoref" : false
  }, {
    "id" : "s0-m2",
    "properties" : {
      "SIRE_MENTION_ROLE" : "dia",
      "SIRE_ENTITY_SUBTYPE" : "NONE",
      "SIRE_MENTION_TYPE" : "NONE",
      "SIRE_MENTION_CLASS" : "SPC"
    },
    "type" : "dia",
    "begin" : 22,
    "end" : 24,
    "inCoref" : false
  }, {
    "id" : "s0-m3",
    "properties" : {
      "SIRE_MENTION_ROLE" : "mes",
      "SIRE_ENTITY_SUBTYPE" : "NONE",
      "SIRE_MENTION_TYPE" : "NONE",
      "SIRE_MENTION_CLASS" : "SPC"
    },
    "type" : "mes",
    "begin" : 28,
    "end" : 36,
    "inCoref" : false
  }, {
    "id" : "s0-m4",
    "properties" : {
      "SIRE_MENTION_ROLE" : "ano",
      "SIRE_ENTITY_SUBTYPE" : "NONE",
      "SIRE_MENTION_TYPE" : "NONE",
      "SIRE_MENTION_CLASS" : "SPC"
    },
    "type" : "ano",
    "begin" : 41,
    "end" : 45,
    "inCoref" : false
  }, {
    "id" : "s2-m1",
    "properties" : {
      "SIRE_MENTION_ROLE" : "ato",
      "SIRE_ENTITY_SUBTYPE" : "NONE",
      "SIRE_MENTION_TYPE" : "NONE",
      "SIRE_MENTION_CLASS" : "SPC"
    },
    "type" : "ato",
    "begin" : 215,
    "end" : 223,
    "inCoref" : false
  }, {
    "id" : "s2-m2",
    "properties" : {
      "SIRE_MENTION_ROLE" : "nome",
      "SIRE_ENTITY_SUBTYPE" : "NONE",
      "SIRE_MENTION_TYPE" : "NONE",
      "SIRE_MENTION_CLASS" : "SPC"
    },
    "type" : "nome",
    "begin" : 236,
    "end" : 260,
    "inCoref" : false
  }, {
    "id" : "s2-m3",
    "properties" : {
      "SIRE_MENTION_ROLE" : "cargo",
      "SIRE_ENTITY_SUBTYPE" : "NONE",
      "SIRE_MENTION_TYPE" : "NONE",
      "SIRE_MENTION_CLASS" : "SPC"
    },
    "type" : "cargo",
    "begin" : 286,
    "end" : 372,
    "inCoref" : false
  } ],
  "relations" : [ ],
  "corefs" : [ ],
  "typeResolved" : true,
  "userResolved" : false
}