{
  "id" : "33b26440-7026-11ec-a52f-0922da029c04-8",
  "name" : "buffer_flo_exo_09.txt",
  "createdDate" : 0,
  "version" : 3,
  "text" : "DECRETO N. 23.374, DE 30 DE NOVEMBRO DE \n2021. O PREFEITO MUNICIPAL DE FLORIANÓPOLIS, \nusando da competência e atribuições, que lhe são \nconferidas pelo inciso VI do art. 74, da Lei Orgânica \ndo Município, RESOLVE:  EXONERAR, A PEDIDO, \nLAUDELINO DE BASTOS E SILVA do Cargo em \nComissão de Secretário Adjunto da Secretaria \nMunicipal do Meio Ambiente, a partir de \n30/11/2021. Florianópolis, aos 30 de novembro de \n2021. GEAN MARQUES LOUREIRO PREFEITO \nMUNICIPAL EVERSON MENDES SECRETÁRIO \nMUNICIPAL DA CASA CIVIL.  ",
  "docLength" : 0,
  "language" : "PT",
  "status" : "IN_PROGRESS",
  "modifiedDate" : 1641607335436,
  "documentSet" : [ ],
  "preannotation" : [ ],
  "sentences" : [ {
    "id" : "s0",
    "begin" : 0,
    "end" : 46,
    "text" : "DECRETO N. 23.374, DE 30 DE NOVEMBRO DE \n2021.",
    "tokens" : [ {
      "id" : "s0-t0",
      "begin" : 0,
      "end" : 7,
      "text" : "DECRETO",
      "whiteSpace" : false
    }, {
      "id" : "s0-t1",
      "begin" : 8,
      "end" : 10,
      "text" : "N.",
      "whiteSpace" : false
    }, {
      "id" : "s0-t2",
      "begin" : 11,
      "end" : 17,
      "text" : "23.374",
      "whiteSpace" : false
    }, {
      "id" : "s0-t3",
      "begin" : 17,
      "end" : 18,
      "text" : ",",
      "whiteSpace" : false
    }, {
      "id" : "s0-t4",
      "begin" : 19,
      "end" : 21,
      "text" : "DE",
      "whiteSpace" : false
    }, {
      "id" : "s0-t5",
      "begin" : 22,
      "end" : 24,
      "text" : "30",
      "whiteSpace" : false
    }, {
      "id" : "s0-t6",
      "begin" : 25,
      "end" : 27,
      "text" : "DE",
      "whiteSpace" : false
    }, {
      "id" : "s0-t7",
      "begin" : 28,
      "end" : 36,
      "text" : "NOVEMBRO",
      "whiteSpace" : false
    }, {
      "id" : "s0-t8",
      "begin" : 37,
      "end" : 39,
      "text" : "DE",
      "whiteSpace" : false
    }, {
      "id" : "s0-t9",
      "begin" : 41,
      "end" : 45,
      "text" : "2021",
      "whiteSpace" : false
    }, {
      "id" : "s0-t10",
      "begin" : 45,
      "end" : 46,
      "text" : ".",
      "whiteSpace" : false
    } ]
  }, {
    "id" : "s1",
    "begin" : 47,
    "end" : 170,
    "text" : "O PREFEITO MUNICIPAL DE FLORIANÓPOLIS, \nusando da competência e atribuições, que lhe são \nconferidas pelo inciso VI do art.",
    "tokens" : [ {
      "id" : "s1-t0",
      "begin" : 47,
      "end" : 48,
      "text" : "O",
      "whiteSpace" : false
    }, {
      "id" : "s1-t1",
      "begin" : 49,
      "end" : 57,
      "text" : "PREFEITO",
      "whiteSpace" : false
    }, {
      "id" : "s1-t2",
      "begin" : 58,
      "end" : 67,
      "text" : "MUNICIPAL",
      "whiteSpace" : false
    }, {
      "id" : "s1-t3",
      "begin" : 68,
      "end" : 70,
      "text" : "DE",
      "whiteSpace" : false
    }, {
      "id" : "s1-t4",
      "begin" : 71,
      "end" : 84,
      "text" : "FLORIANÓPOLIS",
      "whiteSpace" : false
    }, {
      "id" : "s1-t5",
      "begin" : 84,
      "end" : 85,
      "text" : ",",
      "whiteSpace" : false
    }, {
      "id" : "s1-t6",
      "begin" : 87,
      "end" : 93,
      "text" : "usando",
      "whiteSpace" : false
    }, {
      "id" : "s1-t7",
      "begin" : 94,
      "end" : 96,
      "text" : "da",
      "whiteSpace" : false
    }, {
      "id" : "s1-t8",
      "begin" : 97,
      "end" : 108,
      "text" : "competência",
      "whiteSpace" : false
    }, {
      "id" : "s1-t9",
      "begin" : 109,
      "end" : 110,
      "text" : "e",
      "whiteSpace" : false
    }, {
      "id" : "s1-t10",
      "begin" : 111,
      "end" : 122,
      "text" : "atribuições",
      "whiteSpace" : false
    }, {
      "id" : "s1-t11",
      "begin" : 122,
      "end" : 123,
      "text" : ",",
      "whiteSpace" : false
    }, {
      "id" : "s1-t12",
      "begin" : 124,
      "end" : 127,
      "text" : "que",
      "whiteSpace" : false
    }, {
      "id" : "s1-t13",
      "begin" : 128,
      "end" : 131,
      "text" : "lhe",
      "whiteSpace" : false
    }, {
      "id" : "s1-t14",
      "begin" : 132,
      "end" : 135,
      "text" : "são",
      "whiteSpace" : false
    }, {
      "id" : "s1-t15",
      "begin" : 137,
      "end" : 147,
      "text" : "conferidas",
      "whiteSpace" : false
    }, {
      "id" : "s1-t16",
      "begin" : 148,
      "end" : 152,
      "text" : "pelo",
      "whiteSpace" : false
    }, {
      "id" : "s1-t17",
      "begin" : 153,
      "end" : 159,
      "text" : "inciso",
      "whiteSpace" : false
    }, {
      "id" : "s1-t18",
      "begin" : 160,
      "end" : 162,
      "text" : "VI",
      "whiteSpace" : false
    }, {
      "id" : "s1-t19",
      "begin" : 163,
      "end" : 165,
      "text" : "do",
      "whiteSpace" : false
    }, {
      "id" : "s1-t20",
      "begin" : 166,
      "end" : 169,
      "text" : "art",
      "whiteSpace" : false
    }, {
      "id" : "s1-t21",
      "begin" : 169,
      "end" : 170,
      "text" : ".",
      "whiteSpace" : false
    } ]
  }, {
    "id" : "s2",
    "begin" : 171,
    "end" : 376,
    "text" : "74, da Lei Orgânica \ndo Município, RESOLVE:  EXONERAR, A PEDIDO, \nLAUDELINO DE BASTOS E SILVA do Cargo em \nComissão de Secretário Adjunto da Secretaria \nMunicipal do Meio Ambiente, a partir de \n30/11/2021.",
    "tokens" : [ {
      "id" : "s2-t0",
      "begin" : 171,
      "end" : 173,
      "text" : "74",
      "whiteSpace" : false
    }, {
      "id" : "s2-t1",
      "begin" : 173,
      "end" : 174,
      "text" : ",",
      "whiteSpace" : false
    }, {
      "id" : "s2-t2",
      "begin" : 175,
      "end" : 177,
      "text" : "da",
      "whiteSpace" : false
    }, {
      "id" : "s2-t3",
      "begin" : 178,
      "end" : 181,
      "text" : "Lei",
      "whiteSpace" : false
    }, {
      "id" : "s2-t4",
      "begin" : 182,
      "end" : 190,
      "text" : "Orgânica",
      "whiteSpace" : false
    }, {
      "id" : "s2-t5",
      "begin" : 192,
      "end" : 194,
      "text" : "do",
      "whiteSpace" : false
    }, {
      "id" : "s2-t6",
      "begin" : 195,
      "end" : 204,
      "text" : "Município",
      "whiteSpace" : false
    }, {
      "id" : "s2-t7",
      "begin" : 204,
      "end" : 205,
      "text" : ",",
      "whiteSpace" : false
    }, {
      "id" : "s2-t8",
      "begin" : 206,
      "end" : 213,
      "text" : "RESOLVE",
      "whiteSpace" : false
    }, {
      "id" : "s2-t9",
      "begin" : 213,
      "end" : 214,
      "text" : ":",
      "whiteSpace" : false
    }, {
      "id" : "s2-t10",
      "begin" : 216,
      "end" : 224,
      "text" : "EXONERAR",
      "whiteSpace" : false
    }, {
      "id" : "s2-t11",
      "begin" : 224,
      "end" : 225,
      "text" : ",",
      "whiteSpace" : false
    }, {
      "id" : "s2-t12",
      "begin" : 226,
      "end" : 227,
      "text" : "A",
      "whiteSpace" : false
    }, {
      "id" : "s2-t13",
      "begin" : 228,
      "end" : 234,
      "text" : "PEDIDO",
      "whiteSpace" : false
    }, {
      "id" : "s2-t14",
      "begin" : 234,
      "end" : 235,
      "text" : ",",
      "whiteSpace" : false
    }, {
      "id" : "s2-t15",
      "begin" : 237,
      "end" : 246,
      "text" : "LAUDELINO",
      "whiteSpace" : false
    }, {
      "id" : "s2-t16",
      "begin" : 247,
      "end" : 249,
      "text" : "DE",
      "whiteSpace" : false
    }, {
      "id" : "s2-t17",
      "begin" : 250,
      "end" : 256,
      "text" : "BASTOS",
      "whiteSpace" : false
    }, {
      "id" : "s2-t18",
      "begin" : 257,
      "end" : 258,
      "text" : "E",
      "whiteSpace" : false
    }, {
      "id" : "s2-t19",
      "begin" : 259,
      "end" : 264,
      "text" : "SILVA",
      "whiteSpace" : false
    }, {
      "id" : "s2-t20",
      "begin" : 265,
      "end" : 267,
      "text" : "do",
      "whiteSpace" : false
    }, {
      "id" : "s2-t21",
      "begin" : 268,
      "end" : 273,
      "text" : "Cargo",
      "whiteSpace" : false
    }, {
      "id" : "s2-t22",
      "begin" : 274,
      "end" : 276,
      "text" : "em",
      "whiteSpace" : false
    }, {
      "id" : "s2-t23",
      "begin" : 278,
      "end" : 286,
      "text" : "Comissão",
      "whiteSpace" : false
    }, {
      "id" : "s2-t24",
      "begin" : 287,
      "end" : 289,
      "text" : "de",
      "whiteSpace" : false
    }, {
      "id" : "s2-t25",
      "begin" : 290,
      "end" : 300,
      "text" : "Secretário",
      "whiteSpace" : false
    }, {
      "id" : "s2-t26",
      "begin" : 301,
      "end" : 308,
      "text" : "Adjunto",
      "whiteSpace" : false
    }, {
      "id" : "s2-t27",
      "begin" : 309,
      "end" : 311,
      "text" : "da",
      "whiteSpace" : false
    }, {
      "id" : "s2-t28",
      "begin" : 312,
      "end" : 322,
      "text" : "Secretaria",
      "whiteSpace" : false
    }, {
      "id" : "s2-t29",
      "begin" : 324,
      "end" : 333,
      "text" : "Municipal",
      "whiteSpace" : false
    }, {
      "id" : "s2-t30",
      "begin" : 334,
      "end" : 336,
      "text" : "do",
      "whiteSpace" : false
    }, {
      "id" : "s2-t31",
      "begin" : 337,
      "end" : 341,
      "text" : "Meio",
      "whiteSpace" : false
    }, {
      "id" : "s2-t32",
      "begin" : 342,
      "end" : 350,
      "text" : "Ambiente",
      "whiteSpace" : false
    }, {
      "id" : "s2-t33",
      "begin" : 350,
      "end" : 351,
      "text" : ",",
      "whiteSpace" : false
    }, {
      "id" : "s2-t34",
      "begin" : 352,
      "end" : 353,
      "text" : "a",
      "whiteSpace" : false
    }, {
      "id" : "s2-t35",
      "begin" : 354,
      "end" : 360,
      "text" : "partir",
      "whiteSpace" : false
    }, {
      "id" : "s2-t36",
      "begin" : 361,
      "end" : 363,
      "text" : "de",
      "whiteSpace" : false
    }, {
      "id" : "s2-t37",
      "begin" : 365,
      "end" : 375,
      "text" : "30/11/2021",
      "whiteSpace" : false
    }, {
      "id" : "s2-t38",
      "begin" : 375,
      "end" : 376,
      "text" : ".",
      "whiteSpace" : false
    } ]
  }, {
    "id" : "s3",
    "begin" : 377,
    "end" : 420,
    "text" : "Florianópolis, aos 30 de novembro de \n2021.",
    "tokens" : [ {
      "id" : "s3-t0",
      "begin" : 377,
      "end" : 390,
      "text" : "Florianópolis",
      "whiteSpace" : false
    }, {
      "id" : "s3-t1",
      "begin" : 390,
      "end" : 391,
      "text" : ",",
      "whiteSpace" : false
    }, {
      "id" : "s3-t2",
      "begin" : 392,
      "end" : 395,
      "text" : "aos",
      "whiteSpace" : false
    }, {
      "id" : "s3-t3",
      "begin" : 396,
      "end" : 398,
      "text" : "30",
      "whiteSpace" : false
    }, {
      "id" : "s3-t4",
      "begin" : 399,
      "end" : 401,
      "text" : "de",
      "whiteSpace" : false
    }, {
      "id" : "s3-t5",
      "begin" : 402,
      "end" : 410,
      "text" : "novembro",
      "whiteSpace" : false
    }, {
      "id" : "s3-t6",
      "begin" : 411,
      "end" : 413,
      "text" : "de",
      "whiteSpace" : false
    }, {
      "id" : "s3-t7",
      "begin" : 415,
      "end" : 419,
      "text" : "2021",
      "whiteSpace" : false
    }, {
      "id" : "s3-t8",
      "begin" : 419,
      "end" : 420,
      "text" : ".",
      "whiteSpace" : false
    } ]
  }, {
    "id" : "s4",
    "begin" : 421,
    "end" : 514,
    "text" : "GEAN MARQUES LOUREIRO PREFEITO \nMUNICIPAL EVERSON MENDES SECRETÁRIO \nMUNICIPAL DA CASA CIVIL.",
    "tokens" : [ {
      "id" : "s4-t0",
      "begin" : 421,
      "end" : 425,
      "text" : "GEAN",
      "whiteSpace" : false
    }, {
      "id" : "s4-t1",
      "begin" : 426,
      "end" : 433,
      "text" : "MARQUES",
      "whiteSpace" : false
    }, {
      "id" : "s4-t2",
      "begin" : 434,
      "end" : 442,
      "text" : "LOUREIRO",
      "whiteSpace" : false
    }, {
      "id" : "s4-t3",
      "begin" : 443,
      "end" : 451,
      "text" : "PREFEITO",
      "whiteSpace" : false
    }, {
      "id" : "s4-t4",
      "begin" : 453,
      "end" : 462,
      "text" : "MUNICIPAL",
      "whiteSpace" : false
    }, {
      "id" : "s4-t5",
      "begin" : 463,
      "end" : 470,
      "text" : "EVERSON",
      "whiteSpace" : false
    }, {
      "id" : "s4-t6",
      "begin" : 471,
      "end" : 477,
      "text" : "MENDES",
      "whiteSpace" : false
    }, {
      "id" : "s4-t7",
      "begin" : 478,
      "end" : 488,
      "text" : "SECRETÁRIO",
      "whiteSpace" : false
    }, {
      "id" : "s4-t8",
      "begin" : 490,
      "end" : 499,
      "text" : "MUNICIPAL",
      "whiteSpace" : false
    }, {
      "id" : "s4-t9",
      "begin" : 500,
      "end" : 502,
      "text" : "DA",
      "whiteSpace" : false
    }, {
      "id" : "s4-t10",
      "begin" : 503,
      "end" : 507,
      "text" : "CASA",
      "whiteSpace" : false
    }, {
      "id" : "s4-t11",
      "begin" : 508,
      "end" : 513,
      "text" : "CIVIL",
      "whiteSpace" : false
    }, {
      "id" : "s4-t12",
      "begin" : 513,
      "end" : 514,
      "text" : ".",
      "whiteSpace" : false
    } ]
  } ],
  "mentions" : [ {
    "id" : "s0-m1",
    "properties" : {
      "SIRE_MENTION_ROLE" : "portaria",
      "SIRE_ENTITY_SUBTYPE" : "NONE",
      "SIRE_MENTION_TYPE" : "NONE",
      "SIRE_MENTION_CLASS" : "SPC"
    },
    "type" : "portaria",
    "begin" : 11,
    "end" : 17,
    "inCoref" : false
  }, {
    "id" : "s0-m2",
    "properties" : {
      "SIRE_MENTION_ROLE" : "dia",
      "SIRE_ENTITY_SUBTYPE" : "NONE",
      "SIRE_MENTION_TYPE" : "NONE",
      "SIRE_MENTION_CLASS" : "SPC"
    },
    "type" : "dia",
    "begin" : 22,
    "end" : 24,
    "inCoref" : false
  }, {
    "id" : "s0-m3",
    "properties" : {
      "SIRE_MENTION_ROLE" : "mes",
      "SIRE_ENTITY_SUBTYPE" : "NONE",
      "SIRE_MENTION_TYPE" : "NONE",
      "SIRE_MENTION_CLASS" : "SPC"
    },
    "type" : "mes",
    "begin" : 28,
    "end" : 36,
    "inCoref" : false
  }, {
    "id" : "s0-m4",
    "properties" : {
      "SIRE_MENTION_ROLE" : "ano",
      "SIRE_ENTITY_SUBTYPE" : "NONE",
      "SIRE_MENTION_TYPE" : "NONE",
      "SIRE_MENTION_CLASS" : "SPC"
    },
    "type" : "ano",
    "begin" : 41,
    "end" : 45,
    "inCoref" : false
  }, {
    "id" : "s2-m1",
    "properties" : {
      "SIRE_MENTION_ROLE" : "ato",
      "SIRE_ENTITY_SUBTYPE" : "NONE",
      "SIRE_MENTION_TYPE" : "NONE",
      "SIRE_MENTION_CLASS" : "SPC"
    },
    "type" : "ato",
    "begin" : 216,
    "end" : 224,
    "inCoref" : false
  }, {
    "id" : "s2-m2",
    "properties" : {
      "SIRE_MENTION_ROLE" : "nome",
      "SIRE_ENTITY_SUBTYPE" : "NONE",
      "SIRE_MENTION_TYPE" : "NONE",
      "SIRE_MENTION_CLASS" : "SPC"
    },
    "type" : "nome",
    "begin" : 237,
    "end" : 264,
    "inCoref" : false
  }, {
    "id" : "s2-m3",
    "properties" : {
      "SIRE_MENTION_ROLE" : "cargo",
      "SIRE_ENTITY_SUBTYPE" : "NONE",
      "SIRE_MENTION_TYPE" : "NONE",
      "SIRE_MENTION_CLASS" : "SPC"
    },
    "type" : "cargo",
    "begin" : 290,
    "end" : 350,
    "inCoref" : false
  } ],
  "relations" : [ ],
  "corefs" : [ ],
  "typeResolved" : true,
  "userResolved" : false
}