{
  "id" : "33b26440-7026-11ec-a52f-0922da029c04-7",
  "name" : "buffer_flo_exo_08.txt",
  "createdDate" : 0,
  "version" : 3,
  "text" : "DECRETO N. 23.369, DE 30 DE NOVEMBRO DE \n2021. O PREFEITO MUNICIPAL DE FLORIANÓPOLIS, \nusando da competência e atribuições, que lhe são \nconferidas pelo inciso VI do art. 74, da Lei Orgânica \ndo Município, RESOLVE: EXONERAR, A PEDIDO, \nPATRÍCIA KARLA FIRMINO do Cargo em Comissão \nde Coordenador do Escritório de Projetos da \nSecretaria Municipal da Casa Civil, a partir de \n30/11/2021. Florianópolis, aos 30 de novembro de \n2021. GEAN MARQUES LOUREIRO PREFEITO \nMUNICIPAL EVERSON MENDES SECRETÁRIO \nMUNICIPAL DA CASA CIVIL. ",
  "docLength" : 0,
  "language" : "PT",
  "status" : "IN_PROGRESS",
  "modifiedDate" : 1641607261691,
  "documentSet" : [ ],
  "preannotation" : [ ],
  "sentences" : [ {
    "id" : "s0",
    "begin" : 0,
    "end" : 46,
    "text" : "DECRETO N. 23.369, DE 30 DE NOVEMBRO DE \n2021.",
    "tokens" : [ {
      "id" : "s0-t0",
      "begin" : 0,
      "end" : 7,
      "text" : "DECRETO",
      "whiteSpace" : false
    }, {
      "id" : "s0-t1",
      "begin" : 8,
      "end" : 10,
      "text" : "N.",
      "whiteSpace" : false
    }, {
      "id" : "s0-t2",
      "begin" : 11,
      "end" : 17,
      "text" : "23.369",
      "whiteSpace" : false
    }, {
      "id" : "s0-t3",
      "begin" : 17,
      "end" : 18,
      "text" : ",",
      "whiteSpace" : false
    }, {
      "id" : "s0-t4",
      "begin" : 19,
      "end" : 21,
      "text" : "DE",
      "whiteSpace" : false
    }, {
      "id" : "s0-t5",
      "begin" : 22,
      "end" : 24,
      "text" : "30",
      "whiteSpace" : false
    }, {
      "id" : "s0-t6",
      "begin" : 25,
      "end" : 27,
      "text" : "DE",
      "whiteSpace" : false
    }, {
      "id" : "s0-t7",
      "begin" : 28,
      "end" : 36,
      "text" : "NOVEMBRO",
      "whiteSpace" : false
    }, {
      "id" : "s0-t8",
      "begin" : 37,
      "end" : 39,
      "text" : "DE",
      "whiteSpace" : false
    }, {
      "id" : "s0-t9",
      "begin" : 41,
      "end" : 45,
      "text" : "2021",
      "whiteSpace" : false
    }, {
      "id" : "s0-t10",
      "begin" : 45,
      "end" : 46,
      "text" : ".",
      "whiteSpace" : false
    } ]
  }, {
    "id" : "s1",
    "begin" : 47,
    "end" : 170,
    "text" : "O PREFEITO MUNICIPAL DE FLORIANÓPOLIS, \nusando da competência e atribuições, que lhe são \nconferidas pelo inciso VI do art.",
    "tokens" : [ {
      "id" : "s1-t0",
      "begin" : 47,
      "end" : 48,
      "text" : "O",
      "whiteSpace" : false
    }, {
      "id" : "s1-t1",
      "begin" : 49,
      "end" : 57,
      "text" : "PREFEITO",
      "whiteSpace" : false
    }, {
      "id" : "s1-t2",
      "begin" : 58,
      "end" : 67,
      "text" : "MUNICIPAL",
      "whiteSpace" : false
    }, {
      "id" : "s1-t3",
      "begin" : 68,
      "end" : 70,
      "text" : "DE",
      "whiteSpace" : false
    }, {
      "id" : "s1-t4",
      "begin" : 71,
      "end" : 84,
      "text" : "FLORIANÓPOLIS",
      "whiteSpace" : false
    }, {
      "id" : "s1-t5",
      "begin" : 84,
      "end" : 85,
      "text" : ",",
      "whiteSpace" : false
    }, {
      "id" : "s1-t6",
      "begin" : 87,
      "end" : 93,
      "text" : "usando",
      "whiteSpace" : false
    }, {
      "id" : "s1-t7",
      "begin" : 94,
      "end" : 96,
      "text" : "da",
      "whiteSpace" : false
    }, {
      "id" : "s1-t8",
      "begin" : 97,
      "end" : 108,
      "text" : "competência",
      "whiteSpace" : false
    }, {
      "id" : "s1-t9",
      "begin" : 109,
      "end" : 110,
      "text" : "e",
      "whiteSpace" : false
    }, {
      "id" : "s1-t10",
      "begin" : 111,
      "end" : 122,
      "text" : "atribuições",
      "whiteSpace" : false
    }, {
      "id" : "s1-t11",
      "begin" : 122,
      "end" : 123,
      "text" : ",",
      "whiteSpace" : false
    }, {
      "id" : "s1-t12",
      "begin" : 124,
      "end" : 127,
      "text" : "que",
      "whiteSpace" : false
    }, {
      "id" : "s1-t13",
      "begin" : 128,
      "end" : 131,
      "text" : "lhe",
      "whiteSpace" : false
    }, {
      "id" : "s1-t14",
      "begin" : 132,
      "end" : 135,
      "text" : "são",
      "whiteSpace" : false
    }, {
      "id" : "s1-t15",
      "begin" : 137,
      "end" : 147,
      "text" : "conferidas",
      "whiteSpace" : false
    }, {
      "id" : "s1-t16",
      "begin" : 148,
      "end" : 152,
      "text" : "pelo",
      "whiteSpace" : false
    }, {
      "id" : "s1-t17",
      "begin" : 153,
      "end" : 159,
      "text" : "inciso",
      "whiteSpace" : false
    }, {
      "id" : "s1-t18",
      "begin" : 160,
      "end" : 162,
      "text" : "VI",
      "whiteSpace" : false
    }, {
      "id" : "s1-t19",
      "begin" : 163,
      "end" : 165,
      "text" : "do",
      "whiteSpace" : false
    }, {
      "id" : "s1-t20",
      "begin" : 166,
      "end" : 169,
      "text" : "art",
      "whiteSpace" : false
    }, {
      "id" : "s1-t21",
      "begin" : 169,
      "end" : 170,
      "text" : ".",
      "whiteSpace" : false
    } ]
  }, {
    "id" : "s2",
    "begin" : 171,
    "end" : 386,
    "text" : "74, da Lei Orgânica \ndo Município, RESOLVE: EXONERAR, A PEDIDO, \nPATRÍCIA KARLA FIRMINO do Cargo em Comissão \nde Coordenador do Escritório de Projetos da \nSecretaria Municipal da Casa Civil, a partir de \n30/11/2021.",
    "tokens" : [ {
      "id" : "s2-t0",
      "begin" : 171,
      "end" : 173,
      "text" : "74",
      "whiteSpace" : false
    }, {
      "id" : "s2-t1",
      "begin" : 173,
      "end" : 174,
      "text" : ",",
      "whiteSpace" : false
    }, {
      "id" : "s2-t2",
      "begin" : 175,
      "end" : 177,
      "text" : "da",
      "whiteSpace" : false
    }, {
      "id" : "s2-t3",
      "begin" : 178,
      "end" : 181,
      "text" : "Lei",
      "whiteSpace" : false
    }, {
      "id" : "s2-t4",
      "begin" : 182,
      "end" : 190,
      "text" : "Orgânica",
      "whiteSpace" : false
    }, {
      "id" : "s2-t5",
      "begin" : 192,
      "end" : 194,
      "text" : "do",
      "whiteSpace" : false
    }, {
      "id" : "s2-t6",
      "begin" : 195,
      "end" : 204,
      "text" : "Município",
      "whiteSpace" : false
    }, {
      "id" : "s2-t7",
      "begin" : 204,
      "end" : 205,
      "text" : ",",
      "whiteSpace" : false
    }, {
      "id" : "s2-t8",
      "begin" : 206,
      "end" : 213,
      "text" : "RESOLVE",
      "whiteSpace" : false
    }, {
      "id" : "s2-t9",
      "begin" : 213,
      "end" : 214,
      "text" : ":",
      "whiteSpace" : false
    }, {
      "id" : "s2-t10",
      "begin" : 215,
      "end" : 223,
      "text" : "EXONERAR",
      "whiteSpace" : false
    }, {
      "id" : "s2-t11",
      "begin" : 223,
      "end" : 224,
      "text" : ",",
      "whiteSpace" : false
    }, {
      "id" : "s2-t12",
      "begin" : 225,
      "end" : 226,
      "text" : "A",
      "whiteSpace" : false
    }, {
      "id" : "s2-t13",
      "begin" : 227,
      "end" : 233,
      "text" : "PEDIDO",
      "whiteSpace" : false
    }, {
      "id" : "s2-t14",
      "begin" : 233,
      "end" : 234,
      "text" : ",",
      "whiteSpace" : false
    }, {
      "id" : "s2-t15",
      "begin" : 236,
      "end" : 244,
      "text" : "PATRÍCIA",
      "whiteSpace" : false
    }, {
      "id" : "s2-t16",
      "begin" : 245,
      "end" : 250,
      "text" : "KARLA",
      "whiteSpace" : false
    }, {
      "id" : "s2-t17",
      "begin" : 251,
      "end" : 258,
      "text" : "FIRMINO",
      "whiteSpace" : false
    }, {
      "id" : "s2-t18",
      "begin" : 259,
      "end" : 261,
      "text" : "do",
      "whiteSpace" : false
    }, {
      "id" : "s2-t19",
      "begin" : 262,
      "end" : 267,
      "text" : "Cargo",
      "whiteSpace" : false
    }, {
      "id" : "s2-t20",
      "begin" : 268,
      "end" : 270,
      "text" : "em",
      "whiteSpace" : false
    }, {
      "id" : "s2-t21",
      "begin" : 271,
      "end" : 279,
      "text" : "Comissão",
      "whiteSpace" : false
    }, {
      "id" : "s2-t22",
      "begin" : 281,
      "end" : 283,
      "text" : "de",
      "whiteSpace" : false
    }, {
      "id" : "s2-t23",
      "begin" : 284,
      "end" : 295,
      "text" : "Coordenador",
      "whiteSpace" : false
    }, {
      "id" : "s2-t24",
      "begin" : 296,
      "end" : 298,
      "text" : "do",
      "whiteSpace" : false
    }, {
      "id" : "s2-t25",
      "begin" : 299,
      "end" : 309,
      "text" : "Escritório",
      "whiteSpace" : false
    }, {
      "id" : "s2-t26",
      "begin" : 310,
      "end" : 312,
      "text" : "de",
      "whiteSpace" : false
    }, {
      "id" : "s2-t27",
      "begin" : 313,
      "end" : 321,
      "text" : "Projetos",
      "whiteSpace" : false
    }, {
      "id" : "s2-t28",
      "begin" : 322,
      "end" : 324,
      "text" : "da",
      "whiteSpace" : false
    }, {
      "id" : "s2-t29",
      "begin" : 326,
      "end" : 336,
      "text" : "Secretaria",
      "whiteSpace" : false
    }, {
      "id" : "s2-t30",
      "begin" : 337,
      "end" : 346,
      "text" : "Municipal",
      "whiteSpace" : false
    }, {
      "id" : "s2-t31",
      "begin" : 347,
      "end" : 349,
      "text" : "da",
      "whiteSpace" : false
    }, {
      "id" : "s2-t32",
      "begin" : 350,
      "end" : 354,
      "text" : "Casa",
      "whiteSpace" : false
    }, {
      "id" : "s2-t33",
      "begin" : 355,
      "end" : 360,
      "text" : "Civil",
      "whiteSpace" : false
    }, {
      "id" : "s2-t34",
      "begin" : 360,
      "end" : 361,
      "text" : ",",
      "whiteSpace" : false
    }, {
      "id" : "s2-t35",
      "begin" : 362,
      "end" : 363,
      "text" : "a",
      "whiteSpace" : false
    }, {
      "id" : "s2-t36",
      "begin" : 364,
      "end" : 370,
      "text" : "partir",
      "whiteSpace" : false
    }, {
      "id" : "s2-t37",
      "begin" : 371,
      "end" : 373,
      "text" : "de",
      "whiteSpace" : false
    }, {
      "id" : "s2-t38",
      "begin" : 375,
      "end" : 385,
      "text" : "30/11/2021",
      "whiteSpace" : false
    }, {
      "id" : "s2-t39",
      "begin" : 385,
      "end" : 386,
      "text" : ".",
      "whiteSpace" : false
    } ]
  }, {
    "id" : "s3",
    "begin" : 387,
    "end" : 430,
    "text" : "Florianópolis, aos 30 de novembro de \n2021.",
    "tokens" : [ {
      "id" : "s3-t0",
      "begin" : 387,
      "end" : 400,
      "text" : "Florianópolis",
      "whiteSpace" : false
    }, {
      "id" : "s3-t1",
      "begin" : 400,
      "end" : 401,
      "text" : ",",
      "whiteSpace" : false
    }, {
      "id" : "s3-t2",
      "begin" : 402,
      "end" : 405,
      "text" : "aos",
      "whiteSpace" : false
    }, {
      "id" : "s3-t3",
      "begin" : 406,
      "end" : 408,
      "text" : "30",
      "whiteSpace" : false
    }, {
      "id" : "s3-t4",
      "begin" : 409,
      "end" : 411,
      "text" : "de",
      "whiteSpace" : false
    }, {
      "id" : "s3-t5",
      "begin" : 412,
      "end" : 420,
      "text" : "novembro",
      "whiteSpace" : false
    }, {
      "id" : "s3-t6",
      "begin" : 421,
      "end" : 423,
      "text" : "de",
      "whiteSpace" : false
    }, {
      "id" : "s3-t7",
      "begin" : 425,
      "end" : 429,
      "text" : "2021",
      "whiteSpace" : false
    }, {
      "id" : "s3-t8",
      "begin" : 429,
      "end" : 430,
      "text" : ".",
      "whiteSpace" : false
    } ]
  }, {
    "id" : "s4",
    "begin" : 431,
    "end" : 524,
    "text" : "GEAN MARQUES LOUREIRO PREFEITO \nMUNICIPAL EVERSON MENDES SECRETÁRIO \nMUNICIPAL DA CASA CIVIL.",
    "tokens" : [ {
      "id" : "s4-t0",
      "begin" : 431,
      "end" : 435,
      "text" : "GEAN",
      "whiteSpace" : false
    }, {
      "id" : "s4-t1",
      "begin" : 436,
      "end" : 443,
      "text" : "MARQUES",
      "whiteSpace" : false
    }, {
      "id" : "s4-t2",
      "begin" : 444,
      "end" : 452,
      "text" : "LOUREIRO",
      "whiteSpace" : false
    }, {
      "id" : "s4-t3",
      "begin" : 453,
      "end" : 461,
      "text" : "PREFEITO",
      "whiteSpace" : false
    }, {
      "id" : "s4-t4",
      "begin" : 463,
      "end" : 472,
      "text" : "MUNICIPAL",
      "whiteSpace" : false
    }, {
      "id" : "s4-t5",
      "begin" : 473,
      "end" : 480,
      "text" : "EVERSON",
      "whiteSpace" : false
    }, {
      "id" : "s4-t6",
      "begin" : 481,
      "end" : 487,
      "text" : "MENDES",
      "whiteSpace" : false
    }, {
      "id" : "s4-t7",
      "begin" : 488,
      "end" : 498,
      "text" : "SECRETÁRIO",
      "whiteSpace" : false
    }, {
      "id" : "s4-t8",
      "begin" : 500,
      "end" : 509,
      "text" : "MUNICIPAL",
      "whiteSpace" : false
    }, {
      "id" : "s4-t9",
      "begin" : 510,
      "end" : 512,
      "text" : "DA",
      "whiteSpace" : false
    }, {
      "id" : "s4-t10",
      "begin" : 513,
      "end" : 517,
      "text" : "CASA",
      "whiteSpace" : false
    }, {
      "id" : "s4-t11",
      "begin" : 518,
      "end" : 523,
      "text" : "CIVIL",
      "whiteSpace" : false
    }, {
      "id" : "s4-t12",
      "begin" : 523,
      "end" : 524,
      "text" : ".",
      "whiteSpace" : false
    } ]
  } ],
  "mentions" : [ {
    "id" : "s0-m1",
    "properties" : {
      "SIRE_MENTION_ROLE" : "portaria",
      "SIRE_ENTITY_SUBTYPE" : "NONE",
      "SIRE_MENTION_TYPE" : "NONE",
      "SIRE_MENTION_CLASS" : "SPC"
    },
    "type" : "portaria",
    "begin" : 11,
    "end" : 17,
    "inCoref" : false
  }, {
    "id" : "s0-m2",
    "properties" : {
      "SIRE_MENTION_ROLE" : "dia",
      "SIRE_ENTITY_SUBTYPE" : "NONE",
      "SIRE_MENTION_TYPE" : "NONE",
      "SIRE_MENTION_CLASS" : "SPC"
    },
    "type" : "dia",
    "begin" : 22,
    "end" : 24,
    "inCoref" : false
  }, {
    "id" : "s0-m3",
    "properties" : {
      "SIRE_MENTION_ROLE" : "mes",
      "SIRE_ENTITY_SUBTYPE" : "NONE",
      "SIRE_MENTION_TYPE" : "NONE",
      "SIRE_MENTION_CLASS" : "SPC"
    },
    "type" : "mes",
    "begin" : 28,
    "end" : 36,
    "inCoref" : false
  }, {
    "id" : "s0-m4",
    "properties" : {
      "SIRE_MENTION_ROLE" : "ano",
      "SIRE_ENTITY_SUBTYPE" : "NONE",
      "SIRE_MENTION_TYPE" : "NONE",
      "SIRE_MENTION_CLASS" : "SPC"
    },
    "type" : "ano",
    "begin" : 41,
    "end" : 45,
    "inCoref" : false
  }, {
    "id" : "s2-m1",
    "properties" : {
      "SIRE_MENTION_ROLE" : "ato",
      "SIRE_ENTITY_SUBTYPE" : "NONE",
      "SIRE_MENTION_TYPE" : "NONE",
      "SIRE_MENTION_CLASS" : "SPC"
    },
    "type" : "ato",
    "begin" : 215,
    "end" : 223,
    "inCoref" : false
  }, {
    "id" : "s2-m2",
    "properties" : {
      "SIRE_MENTION_ROLE" : "nome",
      "SIRE_ENTITY_SUBTYPE" : "NONE",
      "SIRE_MENTION_TYPE" : "NONE",
      "SIRE_MENTION_CLASS" : "SPC"
    },
    "type" : "nome",
    "begin" : 236,
    "end" : 258,
    "inCoref" : false
  }, {
    "id" : "s2-m3",
    "properties" : {
      "SIRE_MENTION_ROLE" : "cargo",
      "SIRE_ENTITY_SUBTYPE" : "NONE",
      "SIRE_MENTION_TYPE" : "NONE",
      "SIRE_MENTION_CLASS" : "SPC"
    },
    "type" : "cargo",
    "begin" : 284,
    "end" : 360,
    "inCoref" : false
  } ],
  "relations" : [ ],
  "corefs" : [ ],
  "typeResolved" : true,
  "userResolved" : false
}