{
  "id" : "33b26440-7026-11ec-a52f-0922da029c04-5",
  "name" : "buffer_flo_exo_06.txt",
  "createdDate" : 0,
  "version" : 3,
  "text" : "DECRETO N. 23.425, DE 21 DE DEZEMBRO DE \n2021. O PREFEITO MUNICIPAL DE FLORIANÓPOLIS, \nusando da competência e atribuições, que lhe são \nconferidas pelo inciso VI do art. 74, da Lei Orgânica \ndo Município, RESOLVE:  EXONERAR, A PEDIDO, \nSARUÊ MARIA LIMA DE OLIVEIRA do Cargo em \nComissão de Gerente de Perícia Médica e \nSegurança do Trabalho da Secretaria Municipal de \n\nAdministração, a partir de 21/12/2021. \nFlorianópolis, aos 21 de dezembro de 2021. GEAN \nMARQUES LOUREIRO PREFEITO MUNICIPAL \nEVERSON MENDES SECRETÁRIO MUNICIPAL DA \nCASA CIVIL. \n",
  "docLength" : 0,
  "language" : "PT",
  "status" : "IN_PROGRESS",
  "modifiedDate" : 1641607238272,
  "documentSet" : [ ],
  "preannotation" : [ ],
  "sentences" : [ {
    "id" : "s0",
    "begin" : 0,
    "end" : 46,
    "text" : "DECRETO N. 23.425, DE 21 DE DEZEMBRO DE \n2021.",
    "tokens" : [ {
      "id" : "s0-t0",
      "begin" : 0,
      "end" : 7,
      "text" : "DECRETO",
      "whiteSpace" : false
    }, {
      "id" : "s0-t1",
      "begin" : 8,
      "end" : 10,
      "text" : "N.",
      "whiteSpace" : false
    }, {
      "id" : "s0-t2",
      "begin" : 11,
      "end" : 17,
      "text" : "23.425",
      "whiteSpace" : false
    }, {
      "id" : "s0-t3",
      "begin" : 17,
      "end" : 18,
      "text" : ",",
      "whiteSpace" : false
    }, {
      "id" : "s0-t4",
      "begin" : 19,
      "end" : 21,
      "text" : "DE",
      "whiteSpace" : false
    }, {
      "id" : "s0-t5",
      "begin" : 22,
      "end" : 24,
      "text" : "21",
      "whiteSpace" : false
    }, {
      "id" : "s0-t6",
      "begin" : 25,
      "end" : 27,
      "text" : "DE",
      "whiteSpace" : false
    }, {
      "id" : "s0-t7",
      "begin" : 28,
      "end" : 36,
      "text" : "DEZEMBRO",
      "whiteSpace" : false
    }, {
      "id" : "s0-t8",
      "begin" : 37,
      "end" : 39,
      "text" : "DE",
      "whiteSpace" : false
    }, {
      "id" : "s0-t9",
      "begin" : 41,
      "end" : 45,
      "text" : "2021",
      "whiteSpace" : false
    }, {
      "id" : "s0-t10",
      "begin" : 45,
      "end" : 46,
      "text" : ".",
      "whiteSpace" : false
    } ]
  }, {
    "id" : "s1",
    "begin" : 47,
    "end" : 170,
    "text" : "O PREFEITO MUNICIPAL DE FLORIANÓPOLIS, \nusando da competência e atribuições, que lhe são \nconferidas pelo inciso VI do art.",
    "tokens" : [ {
      "id" : "s1-t0",
      "begin" : 47,
      "end" : 48,
      "text" : "O",
      "whiteSpace" : false
    }, {
      "id" : "s1-t1",
      "begin" : 49,
      "end" : 57,
      "text" : "PREFEITO",
      "whiteSpace" : false
    }, {
      "id" : "s1-t2",
      "begin" : 58,
      "end" : 67,
      "text" : "MUNICIPAL",
      "whiteSpace" : false
    }, {
      "id" : "s1-t3",
      "begin" : 68,
      "end" : 70,
      "text" : "DE",
      "whiteSpace" : false
    }, {
      "id" : "s1-t4",
      "begin" : 71,
      "end" : 84,
      "text" : "FLORIANÓPOLIS",
      "whiteSpace" : false
    }, {
      "id" : "s1-t5",
      "begin" : 84,
      "end" : 85,
      "text" : ",",
      "whiteSpace" : false
    }, {
      "id" : "s1-t6",
      "begin" : 87,
      "end" : 93,
      "text" : "usando",
      "whiteSpace" : false
    }, {
      "id" : "s1-t7",
      "begin" : 94,
      "end" : 96,
      "text" : "da",
      "whiteSpace" : false
    }, {
      "id" : "s1-t8",
      "begin" : 97,
      "end" : 108,
      "text" : "competência",
      "whiteSpace" : false
    }, {
      "id" : "s1-t9",
      "begin" : 109,
      "end" : 110,
      "text" : "e",
      "whiteSpace" : false
    }, {
      "id" : "s1-t10",
      "begin" : 111,
      "end" : 122,
      "text" : "atribuições",
      "whiteSpace" : false
    }, {
      "id" : "s1-t11",
      "begin" : 122,
      "end" : 123,
      "text" : ",",
      "whiteSpace" : false
    }, {
      "id" : "s1-t12",
      "begin" : 124,
      "end" : 127,
      "text" : "que",
      "whiteSpace" : false
    }, {
      "id" : "s1-t13",
      "begin" : 128,
      "end" : 131,
      "text" : "lhe",
      "whiteSpace" : false
    }, {
      "id" : "s1-t14",
      "begin" : 132,
      "end" : 135,
      "text" : "são",
      "whiteSpace" : false
    }, {
      "id" : "s1-t15",
      "begin" : 137,
      "end" : 147,
      "text" : "conferidas",
      "whiteSpace" : false
    }, {
      "id" : "s1-t16",
      "begin" : 148,
      "end" : 152,
      "text" : "pelo",
      "whiteSpace" : false
    }, {
      "id" : "s1-t17",
      "begin" : 153,
      "end" : 159,
      "text" : "inciso",
      "whiteSpace" : false
    }, {
      "id" : "s1-t18",
      "begin" : 160,
      "end" : 162,
      "text" : "VI",
      "whiteSpace" : false
    }, {
      "id" : "s1-t19",
      "begin" : 163,
      "end" : 165,
      "text" : "do",
      "whiteSpace" : false
    }, {
      "id" : "s1-t20",
      "begin" : 166,
      "end" : 169,
      "text" : "art",
      "whiteSpace" : false
    }, {
      "id" : "s1-t21",
      "begin" : 169,
      "end" : 170,
      "text" : ".",
      "whiteSpace" : false
    } ]
  }, {
    "id" : "s2",
    "begin" : 171,
    "end" : 368,
    "text" : "74, da Lei Orgânica \ndo Município, RESOLVE:  EXONERAR, A PEDIDO, \nSARUÊ MARIA LIMA DE OLIVEIRA do Cargo em \nComissão de Gerente de Perícia Médica e \nSegurança do Trabalho da Secretaria Municipal de",
    "tokens" : [ {
      "id" : "s2-t0",
      "begin" : 171,
      "end" : 173,
      "text" : "74",
      "whiteSpace" : false
    }, {
      "id" : "s2-t1",
      "begin" : 173,
      "end" : 174,
      "text" : ",",
      "whiteSpace" : false
    }, {
      "id" : "s2-t2",
      "begin" : 175,
      "end" : 177,
      "text" : "da",
      "whiteSpace" : false
    }, {
      "id" : "s2-t3",
      "begin" : 178,
      "end" : 181,
      "text" : "Lei",
      "whiteSpace" : false
    }, {
      "id" : "s2-t4",
      "begin" : 182,
      "end" : 190,
      "text" : "Orgânica",
      "whiteSpace" : false
    }, {
      "id" : "s2-t5",
      "begin" : 192,
      "end" : 194,
      "text" : "do",
      "whiteSpace" : false
    }, {
      "id" : "s2-t6",
      "begin" : 195,
      "end" : 204,
      "text" : "Município",
      "whiteSpace" : false
    }, {
      "id" : "s2-t7",
      "begin" : 204,
      "end" : 205,
      "text" : ",",
      "whiteSpace" : false
    }, {
      "id" : "s2-t8",
      "begin" : 206,
      "end" : 213,
      "text" : "RESOLVE",
      "whiteSpace" : false
    }, {
      "id" : "s2-t9",
      "begin" : 213,
      "end" : 214,
      "text" : ":",
      "whiteSpace" : false
    }, {
      "id" : "s2-t10",
      "begin" : 216,
      "end" : 224,
      "text" : "EXONERAR",
      "whiteSpace" : false
    }, {
      "id" : "s2-t11",
      "begin" : 224,
      "end" : 225,
      "text" : ",",
      "whiteSpace" : false
    }, {
      "id" : "s2-t12",
      "begin" : 226,
      "end" : 227,
      "text" : "A",
      "whiteSpace" : false
    }, {
      "id" : "s2-t13",
      "begin" : 228,
      "end" : 234,
      "text" : "PEDIDO",
      "whiteSpace" : false
    }, {
      "id" : "s2-t14",
      "begin" : 234,
      "end" : 235,
      "text" : ",",
      "whiteSpace" : false
    }, {
      "id" : "s2-t15",
      "begin" : 237,
      "end" : 242,
      "text" : "SARUÊ",
      "whiteSpace" : false
    }, {
      "id" : "s2-t16",
      "begin" : 243,
      "end" : 248,
      "text" : "MARIA",
      "whiteSpace" : false
    }, {
      "id" : "s2-t17",
      "begin" : 249,
      "end" : 253,
      "text" : "LIMA",
      "whiteSpace" : false
    }, {
      "id" : "s2-t18",
      "begin" : 254,
      "end" : 256,
      "text" : "DE",
      "whiteSpace" : false
    }, {
      "id" : "s2-t19",
      "begin" : 257,
      "end" : 265,
      "text" : "OLIVEIRA",
      "whiteSpace" : false
    }, {
      "id" : "s2-t20",
      "begin" : 266,
      "end" : 268,
      "text" : "do",
      "whiteSpace" : false
    }, {
      "id" : "s2-t21",
      "begin" : 269,
      "end" : 274,
      "text" : "Cargo",
      "whiteSpace" : false
    }, {
      "id" : "s2-t22",
      "begin" : 275,
      "end" : 277,
      "text" : "em",
      "whiteSpace" : false
    }, {
      "id" : "s2-t23",
      "begin" : 279,
      "end" : 287,
      "text" : "Comissão",
      "whiteSpace" : false
    }, {
      "id" : "s2-t24",
      "begin" : 288,
      "end" : 290,
      "text" : "de",
      "whiteSpace" : false
    }, {
      "id" : "s2-t25",
      "begin" : 291,
      "end" : 298,
      "text" : "Gerente",
      "whiteSpace" : false
    }, {
      "id" : "s2-t26",
      "begin" : 299,
      "end" : 301,
      "text" : "de",
      "whiteSpace" : false
    }, {
      "id" : "s2-t27",
      "begin" : 302,
      "end" : 309,
      "text" : "Perícia",
      "whiteSpace" : false
    }, {
      "id" : "s2-t28",
      "begin" : 310,
      "end" : 316,
      "text" : "Médica",
      "whiteSpace" : false
    }, {
      "id" : "s2-t29",
      "begin" : 317,
      "end" : 318,
      "text" : "e",
      "whiteSpace" : false
    }, {
      "id" : "s2-t30",
      "begin" : 320,
      "end" : 329,
      "text" : "Segurança",
      "whiteSpace" : false
    }, {
      "id" : "s2-t31",
      "begin" : 330,
      "end" : 332,
      "text" : "do",
      "whiteSpace" : false
    }, {
      "id" : "s2-t32",
      "begin" : 333,
      "end" : 341,
      "text" : "Trabalho",
      "whiteSpace" : false
    }, {
      "id" : "s2-t33",
      "begin" : 342,
      "end" : 344,
      "text" : "da",
      "whiteSpace" : false
    }, {
      "id" : "s2-t34",
      "begin" : 345,
      "end" : 355,
      "text" : "Secretaria",
      "whiteSpace" : false
    }, {
      "id" : "s2-t35",
      "begin" : 356,
      "end" : 365,
      "text" : "Municipal",
      "whiteSpace" : false
    }, {
      "id" : "s2-t36",
      "begin" : 366,
      "end" : 368,
      "text" : "de",
      "whiteSpace" : false
    } ]
  }, {
    "id" : "s3",
    "begin" : 371,
    "end" : 409,
    "text" : "Administração, a partir de 21/12/2021.",
    "tokens" : [ {
      "id" : "s3-t0",
      "begin" : 371,
      "end" : 384,
      "text" : "Administração",
      "whiteSpace" : false
    }, {
      "id" : "s3-t1",
      "begin" : 384,
      "end" : 385,
      "text" : ",",
      "whiteSpace" : false
    }, {
      "id" : "s3-t2",
      "begin" : 386,
      "end" : 387,
      "text" : "a",
      "whiteSpace" : false
    }, {
      "id" : "s3-t3",
      "begin" : 388,
      "end" : 394,
      "text" : "partir",
      "whiteSpace" : false
    }, {
      "id" : "s3-t4",
      "begin" : 395,
      "end" : 397,
      "text" : "de",
      "whiteSpace" : false
    }, {
      "id" : "s3-t5",
      "begin" : 398,
      "end" : 408,
      "text" : "21/12/2021",
      "whiteSpace" : false
    }, {
      "id" : "s3-t6",
      "begin" : 408,
      "end" : 409,
      "text" : ".",
      "whiteSpace" : false
    } ]
  }, {
    "id" : "s4",
    "begin" : 411,
    "end" : 453,
    "text" : "Florianópolis, aos 21 de dezembro de 2021.",
    "tokens" : [ {
      "id" : "s4-t0",
      "begin" : 411,
      "end" : 424,
      "text" : "Florianópolis",
      "whiteSpace" : false
    }, {
      "id" : "s4-t1",
      "begin" : 424,
      "end" : 425,
      "text" : ",",
      "whiteSpace" : false
    }, {
      "id" : "s4-t2",
      "begin" : 426,
      "end" : 429,
      "text" : "aos",
      "whiteSpace" : false
    }, {
      "id" : "s4-t3",
      "begin" : 430,
      "end" : 432,
      "text" : "21",
      "whiteSpace" : false
    }, {
      "id" : "s4-t4",
      "begin" : 433,
      "end" : 435,
      "text" : "de",
      "whiteSpace" : false
    }, {
      "id" : "s4-t5",
      "begin" : 436,
      "end" : 444,
      "text" : "dezembro",
      "whiteSpace" : false
    }, {
      "id" : "s4-t6",
      "begin" : 445,
      "end" : 447,
      "text" : "de",
      "whiteSpace" : false
    }, {
      "id" : "s4-t7",
      "begin" : 448,
      "end" : 452,
      "text" : "2021",
      "whiteSpace" : false
    }, {
      "id" : "s4-t8",
      "begin" : 452,
      "end" : 453,
      "text" : ".",
      "whiteSpace" : false
    } ]
  }, {
    "id" : "s5",
    "begin" : 454,
    "end" : 548,
    "text" : "GEAN \nMARQUES LOUREIRO PREFEITO MUNICIPAL \nEVERSON MENDES SECRETÁRIO MUNICIPAL DA \nCASA CIVIL.",
    "tokens" : [ {
      "id" : "s5-t0",
      "begin" : 454,
      "end" : 458,
      "text" : "GEAN",
      "whiteSpace" : false
    }, {
      "id" : "s5-t1",
      "begin" : 460,
      "end" : 467,
      "text" : "MARQUES",
      "whiteSpace" : false
    }, {
      "id" : "s5-t2",
      "begin" : 468,
      "end" : 476,
      "text" : "LOUREIRO",
      "whiteSpace" : false
    }, {
      "id" : "s5-t3",
      "begin" : 477,
      "end" : 485,
      "text" : "PREFEITO",
      "whiteSpace" : false
    }, {
      "id" : "s5-t4",
      "begin" : 486,
      "end" : 495,
      "text" : "MUNICIPAL",
      "whiteSpace" : false
    }, {
      "id" : "s5-t5",
      "begin" : 497,
      "end" : 504,
      "text" : "EVERSON",
      "whiteSpace" : false
    }, {
      "id" : "s5-t6",
      "begin" : 505,
      "end" : 511,
      "text" : "MENDES",
      "whiteSpace" : false
    }, {
      "id" : "s5-t7",
      "begin" : 512,
      "end" : 522,
      "text" : "SECRETÁRIO",
      "whiteSpace" : false
    }, {
      "id" : "s5-t8",
      "begin" : 523,
      "end" : 532,
      "text" : "MUNICIPAL",
      "whiteSpace" : false
    }, {
      "id" : "s5-t9",
      "begin" : 533,
      "end" : 535,
      "text" : "DA",
      "whiteSpace" : false
    }, {
      "id" : "s5-t10",
      "begin" : 537,
      "end" : 541,
      "text" : "CASA",
      "whiteSpace" : false
    }, {
      "id" : "s5-t11",
      "begin" : 542,
      "end" : 547,
      "text" : "CIVIL",
      "whiteSpace" : false
    }, {
      "id" : "s5-t12",
      "begin" : 547,
      "end" : 548,
      "text" : ".",
      "whiteSpace" : false
    } ]
  } ],
  "mentions" : [ {
    "id" : "s0-m1",
    "properties" : {
      "SIRE_MENTION_ROLE" : "portaria",
      "SIRE_ENTITY_SUBTYPE" : "NONE",
      "SIRE_MENTION_TYPE" : "NONE",
      "SIRE_MENTION_CLASS" : "SPC"
    },
    "type" : "portaria",
    "begin" : 11,
    "end" : 17,
    "inCoref" : false
  }, {
    "id" : "s0-m3",
    "properties" : {
      "SIRE_MENTION_ROLE" : "dia",
      "SIRE_ENTITY_SUBTYPE" : "NONE",
      "SIRE_MENTION_TYPE" : "NONE",
      "SIRE_MENTION_CLASS" : "SPC"
    },
    "type" : "dia",
    "begin" : 22,
    "end" : 24,
    "inCoref" : false
  }, {
    "id" : "s0-m4",
    "properties" : {
      "SIRE_MENTION_ROLE" : "mes",
      "SIRE_ENTITY_SUBTYPE" : "NONE",
      "SIRE_MENTION_TYPE" : "NONE",
      "SIRE_MENTION_CLASS" : "SPC"
    },
    "type" : "mes",
    "begin" : 28,
    "end" : 36,
    "inCoref" : false
  }, {
    "id" : "s0-m5",
    "properties" : {
      "SIRE_MENTION_ROLE" : "ano",
      "SIRE_ENTITY_SUBTYPE" : "NONE",
      "SIRE_MENTION_TYPE" : "NONE",
      "SIRE_MENTION_CLASS" : "SPC"
    },
    "type" : "ano",
    "begin" : 41,
    "end" : 45,
    "inCoref" : false
  }, {
    "id" : "s2-m1",
    "properties" : {
      "SIRE_MENTION_ROLE" : "ato",
      "SIRE_ENTITY_SUBTYPE" : "NONE",
      "SIRE_MENTION_TYPE" : "NONE",
      "SIRE_MENTION_CLASS" : "SPC"
    },
    "type" : "ato",
    "begin" : 216,
    "end" : 224,
    "inCoref" : false
  }, {
    "id" : "s2-m2",
    "properties" : {
      "SIRE_MENTION_ROLE" : "nome",
      "SIRE_ENTITY_SUBTYPE" : "NONE",
      "SIRE_MENTION_TYPE" : "NONE",
      "SIRE_MENTION_CLASS" : "SPC"
    },
    "type" : "nome",
    "begin" : 237,
    "end" : 265,
    "inCoref" : false
  }, {
    "id" : "s2-m3",
    "properties" : {
      "SIRE_MENTION_ROLE" : "cargo",
      "SIRE_ENTITY_SUBTYPE" : "NONE",
      "SIRE_MENTION_TYPE" : "NONE",
      "SIRE_MENTION_CLASS" : "SPC"
    },
    "type" : "cargo",
    "begin" : 291,
    "end" : 368,
    "inCoref" : false
  }, {
    "id" : "s3-m1",
    "properties" : {
      "SIRE_MENTION_ROLE" : "cargo",
      "SIRE_ENTITY_SUBTYPE" : "NONE",
      "SIRE_MENTION_TYPE" : "NONE",
      "SIRE_MENTION_CLASS" : "SPC"
    },
    "type" : "cargo",
    "begin" : 371,
    "end" : 384,
    "inCoref" : false
  } ],
  "relations" : [ ],
  "corefs" : [ ],
  "typeResolved" : true,
  "userResolved" : false
}