{
  "id" : "33b26440-7026-11ec-a52f-0922da029c04-9",
  "name" : "buffer_flo_exo_10.txt",
  "createdDate" : 0,
  "version" : 3,
  "text" : "DECRETO N. 23.310, DE 29 DE OUTUBRO DE 2021. \nO PREFEITO MUNICIPAL DE FLORIANÓPOLIS, \nusando da competência e atribuições, que lhe são \nconferidas pelo inciso VI do art. 74, da Lei Orgânica \ndo Município, RESOLVE: EXONERAR, A PEDIDO, \nMARCOS LEANDRO GONÇALVES DA SILVA do Cargo \nem Comissão de Superintendente da Região \nContinental da Secretaria Municipal do Continente \ne Assuntos Metropolitanos, a partir de 29/10/2021. \nFlorianópolis, aos 29 de outubro de 2021. GEAN \nMARQUES LOUREIRO PREFEITO MUNICIPAL \nEVERSON MENDES SECRETÁRIO MUNICIPAL DA \nCASA CIVIL. \n\n",
  "docLength" : 0,
  "language" : "PT",
  "status" : "IN_PROGRESS",
  "modifiedDate" : 1641607036124,
  "documentSet" : [ ],
  "preannotation" : [ ],
  "sentences" : [ {
    "id" : "s0",
    "begin" : 0,
    "end" : 44,
    "text" : "DECRETO N. 23.310, DE 29 DE OUTUBRO DE 2021.",
    "tokens" : [ {
      "id" : "s0-t0",
      "begin" : 0,
      "end" : 7,
      "text" : "DECRETO",
      "whiteSpace" : false
    }, {
      "id" : "s0-t1",
      "begin" : 8,
      "end" : 10,
      "text" : "N.",
      "whiteSpace" : false
    }, {
      "id" : "s0-t2",
      "begin" : 11,
      "end" : 17,
      "text" : "23.310",
      "whiteSpace" : false
    }, {
      "id" : "s0-t3",
      "begin" : 17,
      "end" : 18,
      "text" : ",",
      "whiteSpace" : false
    }, {
      "id" : "s0-t4",
      "begin" : 19,
      "end" : 21,
      "text" : "DE",
      "whiteSpace" : false
    }, {
      "id" : "s0-t5",
      "begin" : 22,
      "end" : 24,
      "text" : "29",
      "whiteSpace" : false
    }, {
      "id" : "s0-t6",
      "begin" : 25,
      "end" : 27,
      "text" : "DE",
      "whiteSpace" : false
    }, {
      "id" : "s0-t7",
      "begin" : 28,
      "end" : 35,
      "text" : "OUTUBRO",
      "whiteSpace" : false
    }, {
      "id" : "s0-t8",
      "begin" : 36,
      "end" : 38,
      "text" : "DE",
      "whiteSpace" : false
    }, {
      "id" : "s0-t9",
      "begin" : 39,
      "end" : 43,
      "text" : "2021",
      "whiteSpace" : false
    }, {
      "id" : "s0-t10",
      "begin" : 43,
      "end" : 44,
      "text" : ".",
      "whiteSpace" : false
    } ]
  }, {
    "id" : "s1",
    "begin" : 46,
    "end" : 169,
    "text" : "O PREFEITO MUNICIPAL DE FLORIANÓPOLIS, \nusando da competência e atribuições, que lhe são \nconferidas pelo inciso VI do art.",
    "tokens" : [ {
      "id" : "s1-t0",
      "begin" : 46,
      "end" : 47,
      "text" : "O",
      "whiteSpace" : false
    }, {
      "id" : "s1-t1",
      "begin" : 48,
      "end" : 56,
      "text" : "PREFEITO",
      "whiteSpace" : false
    }, {
      "id" : "s1-t2",
      "begin" : 57,
      "end" : 66,
      "text" : "MUNICIPAL",
      "whiteSpace" : false
    }, {
      "id" : "s1-t3",
      "begin" : 67,
      "end" : 69,
      "text" : "DE",
      "whiteSpace" : false
    }, {
      "id" : "s1-t4",
      "begin" : 70,
      "end" : 83,
      "text" : "FLORIANÓPOLIS",
      "whiteSpace" : false
    }, {
      "id" : "s1-t5",
      "begin" : 83,
      "end" : 84,
      "text" : ",",
      "whiteSpace" : false
    }, {
      "id" : "s1-t6",
      "begin" : 86,
      "end" : 92,
      "text" : "usando",
      "whiteSpace" : false
    }, {
      "id" : "s1-t7",
      "begin" : 93,
      "end" : 95,
      "text" : "da",
      "whiteSpace" : false
    }, {
      "id" : "s1-t8",
      "begin" : 96,
      "end" : 107,
      "text" : "competência",
      "whiteSpace" : false
    }, {
      "id" : "s1-t9",
      "begin" : 108,
      "end" : 109,
      "text" : "e",
      "whiteSpace" : false
    }, {
      "id" : "s1-t10",
      "begin" : 110,
      "end" : 121,
      "text" : "atribuições",
      "whiteSpace" : false
    }, {
      "id" : "s1-t11",
      "begin" : 121,
      "end" : 122,
      "text" : ",",
      "whiteSpace" : false
    }, {
      "id" : "s1-t12",
      "begin" : 123,
      "end" : 126,
      "text" : "que",
      "whiteSpace" : false
    }, {
      "id" : "s1-t13",
      "begin" : 127,
      "end" : 130,
      "text" : "lhe",
      "whiteSpace" : false
    }, {
      "id" : "s1-t14",
      "begin" : 131,
      "end" : 134,
      "text" : "são",
      "whiteSpace" : false
    }, {
      "id" : "s1-t15",
      "begin" : 136,
      "end" : 146,
      "text" : "conferidas",
      "whiteSpace" : false
    }, {
      "id" : "s1-t16",
      "begin" : 147,
      "end" : 151,
      "text" : "pelo",
      "whiteSpace" : false
    }, {
      "id" : "s1-t17",
      "begin" : 152,
      "end" : 158,
      "text" : "inciso",
      "whiteSpace" : false
    }, {
      "id" : "s1-t18",
      "begin" : 159,
      "end" : 161,
      "text" : "VI",
      "whiteSpace" : false
    }, {
      "id" : "s1-t19",
      "begin" : 162,
      "end" : 164,
      "text" : "do",
      "whiteSpace" : false
    }, {
      "id" : "s1-t20",
      "begin" : 165,
      "end" : 168,
      "text" : "art",
      "whiteSpace" : false
    }, {
      "id" : "s1-t21",
      "begin" : 168,
      "end" : 169,
      "text" : ".",
      "whiteSpace" : false
    } ]
  }, {
    "id" : "s2",
    "begin" : 170,
    "end" : 422,
    "text" : "74, da Lei Orgânica \ndo Município, RESOLVE: EXONERAR, A PEDIDO, \nMARCOS LEANDRO GONÇALVES DA SILVA do Cargo \nem Comissão de Superintendente da Região \nContinental da Secretaria Municipal do Continente \ne Assuntos Metropolitanos, a partir de 29/10/2021.",
    "tokens" : [ {
      "id" : "s2-t0",
      "begin" : 170,
      "end" : 172,
      "text" : "74",
      "whiteSpace" : false
    }, {
      "id" : "s2-t1",
      "begin" : 172,
      "end" : 173,
      "text" : ",",
      "whiteSpace" : false
    }, {
      "id" : "s2-t2",
      "begin" : 174,
      "end" : 176,
      "text" : "da",
      "whiteSpace" : false
    }, {
      "id" : "s2-t3",
      "begin" : 177,
      "end" : 180,
      "text" : "Lei",
      "whiteSpace" : false
    }, {
      "id" : "s2-t4",
      "begin" : 181,
      "end" : 189,
      "text" : "Orgânica",
      "whiteSpace" : false
    }, {
      "id" : "s2-t5",
      "begin" : 191,
      "end" : 193,
      "text" : "do",
      "whiteSpace" : false
    }, {
      "id" : "s2-t6",
      "begin" : 194,
      "end" : 203,
      "text" : "Município",
      "whiteSpace" : false
    }, {
      "id" : "s2-t7",
      "begin" : 203,
      "end" : 204,
      "text" : ",",
      "whiteSpace" : false
    }, {
      "id" : "s2-t8",
      "begin" : 205,
      "end" : 212,
      "text" : "RESOLVE",
      "whiteSpace" : false
    }, {
      "id" : "s2-t9",
      "begin" : 212,
      "end" : 213,
      "text" : ":",
      "whiteSpace" : false
    }, {
      "id" : "s2-t10",
      "begin" : 214,
      "end" : 222,
      "text" : "EXONERAR",
      "whiteSpace" : false
    }, {
      "id" : "s2-t11",
      "begin" : 222,
      "end" : 223,
      "text" : ",",
      "whiteSpace" : false
    }, {
      "id" : "s2-t12",
      "begin" : 224,
      "end" : 225,
      "text" : "A",
      "whiteSpace" : false
    }, {
      "id" : "s2-t13",
      "begin" : 226,
      "end" : 232,
      "text" : "PEDIDO",
      "whiteSpace" : false
    }, {
      "id" : "s2-t14",
      "begin" : 232,
      "end" : 233,
      "text" : ",",
      "whiteSpace" : false
    }, {
      "id" : "s2-t15",
      "begin" : 235,
      "end" : 241,
      "text" : "MARCOS",
      "whiteSpace" : false
    }, {
      "id" : "s2-t16",
      "begin" : 242,
      "end" : 249,
      "text" : "LEANDRO",
      "whiteSpace" : false
    }, {
      "id" : "s2-t17",
      "begin" : 250,
      "end" : 259,
      "text" : "GONÇALVES",
      "whiteSpace" : false
    }, {
      "id" : "s2-t18",
      "begin" : 260,
      "end" : 262,
      "text" : "DA",
      "whiteSpace" : false
    }, {
      "id" : "s2-t19",
      "begin" : 263,
      "end" : 268,
      "text" : "SILVA",
      "whiteSpace" : false
    }, {
      "id" : "s2-t20",
      "begin" : 269,
      "end" : 271,
      "text" : "do",
      "whiteSpace" : false
    }, {
      "id" : "s2-t21",
      "begin" : 272,
      "end" : 277,
      "text" : "Cargo",
      "whiteSpace" : false
    }, {
      "id" : "s2-t22",
      "begin" : 279,
      "end" : 281,
      "text" : "em",
      "whiteSpace" : false
    }, {
      "id" : "s2-t23",
      "begin" : 282,
      "end" : 290,
      "text" : "Comissão",
      "whiteSpace" : false
    }, {
      "id" : "s2-t24",
      "begin" : 291,
      "end" : 293,
      "text" : "de",
      "whiteSpace" : false
    }, {
      "id" : "s2-t25",
      "begin" : 294,
      "end" : 309,
      "text" : "Superintendente",
      "whiteSpace" : false
    }, {
      "id" : "s2-t26",
      "begin" : 310,
      "end" : 312,
      "text" : "da",
      "whiteSpace" : false
    }, {
      "id" : "s2-t27",
      "begin" : 313,
      "end" : 319,
      "text" : "Região",
      "whiteSpace" : false
    }, {
      "id" : "s2-t28",
      "begin" : 321,
      "end" : 332,
      "text" : "Continental",
      "whiteSpace" : false
    }, {
      "id" : "s2-t29",
      "begin" : 333,
      "end" : 335,
      "text" : "da",
      "whiteSpace" : false
    }, {
      "id" : "s2-t30",
      "begin" : 336,
      "end" : 346,
      "text" : "Secretaria",
      "whiteSpace" : false
    }, {
      "id" : "s2-t31",
      "begin" : 347,
      "end" : 356,
      "text" : "Municipal",
      "whiteSpace" : false
    }, {
      "id" : "s2-t32",
      "begin" : 357,
      "end" : 359,
      "text" : "do",
      "whiteSpace" : false
    }, {
      "id" : "s2-t33",
      "begin" : 360,
      "end" : 370,
      "text" : "Continente",
      "whiteSpace" : false
    }, {
      "id" : "s2-t34",
      "begin" : 372,
      "end" : 373,
      "text" : "e",
      "whiteSpace" : false
    }, {
      "id" : "s2-t35",
      "begin" : 374,
      "end" : 382,
      "text" : "Assuntos",
      "whiteSpace" : false
    }, {
      "id" : "s2-t36",
      "begin" : 383,
      "end" : 397,
      "text" : "Metropolitanos",
      "whiteSpace" : false
    }, {
      "id" : "s2-t37",
      "begin" : 397,
      "end" : 398,
      "text" : ",",
      "whiteSpace" : false
    }, {
      "id" : "s2-t38",
      "begin" : 399,
      "end" : 400,
      "text" : "a",
      "whiteSpace" : false
    }, {
      "id" : "s2-t39",
      "begin" : 401,
      "end" : 407,
      "text" : "partir",
      "whiteSpace" : false
    }, {
      "id" : "s2-t40",
      "begin" : 408,
      "end" : 410,
      "text" : "de",
      "whiteSpace" : false
    }, {
      "id" : "s2-t41",
      "begin" : 411,
      "end" : 421,
      "text" : "29/10/2021",
      "whiteSpace" : false
    }, {
      "id" : "s2-t42",
      "begin" : 421,
      "end" : 422,
      "text" : ".",
      "whiteSpace" : false
    } ]
  }, {
    "id" : "s3",
    "begin" : 424,
    "end" : 465,
    "text" : "Florianópolis, aos 29 de outubro de 2021.",
    "tokens" : [ {
      "id" : "s3-t0",
      "begin" : 424,
      "end" : 437,
      "text" : "Florianópolis",
      "whiteSpace" : false
    }, {
      "id" : "s3-t1",
      "begin" : 437,
      "end" : 438,
      "text" : ",",
      "whiteSpace" : false
    }, {
      "id" : "s3-t2",
      "begin" : 439,
      "end" : 442,
      "text" : "aos",
      "whiteSpace" : false
    }, {
      "id" : "s3-t3",
      "begin" : 443,
      "end" : 445,
      "text" : "29",
      "whiteSpace" : false
    }, {
      "id" : "s3-t4",
      "begin" : 446,
      "end" : 448,
      "text" : "de",
      "whiteSpace" : false
    }, {
      "id" : "s3-t5",
      "begin" : 449,
      "end" : 456,
      "text" : "outubro",
      "whiteSpace" : false
    }, {
      "id" : "s3-t6",
      "begin" : 457,
      "end" : 459,
      "text" : "de",
      "whiteSpace" : false
    }, {
      "id" : "s3-t7",
      "begin" : 460,
      "end" : 464,
      "text" : "2021",
      "whiteSpace" : false
    }, {
      "id" : "s3-t8",
      "begin" : 464,
      "end" : 465,
      "text" : ".",
      "whiteSpace" : false
    } ]
  }, {
    "id" : "s4",
    "begin" : 466,
    "end" : 560,
    "text" : "GEAN \nMARQUES LOUREIRO PREFEITO MUNICIPAL \nEVERSON MENDES SECRETÁRIO MUNICIPAL DA \nCASA CIVIL.",
    "tokens" : [ {
      "id" : "s4-t0",
      "begin" : 466,
      "end" : 470,
      "text" : "GEAN",
      "whiteSpace" : false
    }, {
      "id" : "s4-t1",
      "begin" : 472,
      "end" : 479,
      "text" : "MARQUES",
      "whiteSpace" : false
    }, {
      "id" : "s4-t2",
      "begin" : 480,
      "end" : 488,
      "text" : "LOUREIRO",
      "whiteSpace" : false
    }, {
      "id" : "s4-t3",
      "begin" : 489,
      "end" : 497,
      "text" : "PREFEITO",
      "whiteSpace" : false
    }, {
      "id" : "s4-t4",
      "begin" : 498,
      "end" : 507,
      "text" : "MUNICIPAL",
      "whiteSpace" : false
    }, {
      "id" : "s4-t5",
      "begin" : 509,
      "end" : 516,
      "text" : "EVERSON",
      "whiteSpace" : false
    }, {
      "id" : "s4-t6",
      "begin" : 517,
      "end" : 523,
      "text" : "MENDES",
      "whiteSpace" : false
    }, {
      "id" : "s4-t7",
      "begin" : 524,
      "end" : 534,
      "text" : "SECRETÁRIO",
      "whiteSpace" : false
    }, {
      "id" : "s4-t8",
      "begin" : 535,
      "end" : 544,
      "text" : "MUNICIPAL",
      "whiteSpace" : false
    }, {
      "id" : "s4-t9",
      "begin" : 545,
      "end" : 547,
      "text" : "DA",
      "whiteSpace" : false
    }, {
      "id" : "s4-t10",
      "begin" : 549,
      "end" : 553,
      "text" : "CASA",
      "whiteSpace" : false
    }, {
      "id" : "s4-t11",
      "begin" : 554,
      "end" : 559,
      "text" : "CIVIL",
      "whiteSpace" : false
    }, {
      "id" : "s4-t12",
      "begin" : 559,
      "end" : 560,
      "text" : ".",
      "whiteSpace" : false
    } ]
  } ],
  "mentions" : [ {
    "id" : "s0-m1",
    "properties" : {
      "SIRE_MENTION_ROLE" : "portaria",
      "SIRE_ENTITY_SUBTYPE" : "NONE",
      "SIRE_MENTION_TYPE" : "NONE",
      "SIRE_MENTION_CLASS" : "SPC"
    },
    "type" : "portaria",
    "begin" : 11,
    "end" : 17,
    "inCoref" : false
  }, {
    "id" : "s0-m2",
    "properties" : {
      "SIRE_MENTION_ROLE" : "dia",
      "SIRE_ENTITY_SUBTYPE" : "NONE",
      "SIRE_MENTION_TYPE" : "NONE",
      "SIRE_MENTION_CLASS" : "SPC"
    },
    "type" : "dia",
    "begin" : 22,
    "end" : 24,
    "inCoref" : false
  }, {
    "id" : "s0-m3",
    "properties" : {
      "SIRE_MENTION_ROLE" : "mes",
      "SIRE_ENTITY_SUBTYPE" : "NONE",
      "SIRE_MENTION_TYPE" : "NONE",
      "SIRE_MENTION_CLASS" : "SPC"
    },
    "type" : "mes",
    "begin" : 28,
    "end" : 35,
    "inCoref" : false
  }, {
    "id" : "s0-m4",
    "properties" : {
      "SIRE_MENTION_ROLE" : "ano",
      "SIRE_ENTITY_SUBTYPE" : "NONE",
      "SIRE_MENTION_TYPE" : "NONE",
      "SIRE_MENTION_CLASS" : "SPC"
    },
    "type" : "ano",
    "begin" : 39,
    "end" : 43,
    "inCoref" : false
  }, {
    "id" : "s2-m1",
    "properties" : {
      "SIRE_MENTION_ROLE" : "ato",
      "SIRE_ENTITY_SUBTYPE" : "NONE",
      "SIRE_MENTION_TYPE" : "NONE",
      "SIRE_MENTION_CLASS" : "SPC"
    },
    "type" : "ato",
    "begin" : 214,
    "end" : 222,
    "inCoref" : false
  }, {
    "id" : "s2-m2",
    "properties" : {
      "SIRE_MENTION_ROLE" : "nome",
      "SIRE_ENTITY_SUBTYPE" : "NONE",
      "SIRE_MENTION_TYPE" : "NONE",
      "SIRE_MENTION_CLASS" : "SPC"
    },
    "type" : "nome",
    "begin" : 235,
    "end" : 268,
    "inCoref" : false
  }, {
    "id" : "s2-m3",
    "properties" : {
      "SIRE_MENTION_ROLE" : "cargo",
      "SIRE_ENTITY_SUBTYPE" : "NONE",
      "SIRE_MENTION_TYPE" : "NONE",
      "SIRE_MENTION_CLASS" : "SPC"
    },
    "type" : "cargo",
    "begin" : 294,
    "end" : 397,
    "inCoref" : false
  } ],
  "relations" : [ ],
  "corefs" : [ ],
  "typeResolved" : true,
  "userResolved" : false
}