{
  "id" : "459c38b0-6fe6-11ec-8aab-63cd9c950ac0-3",
  "name" : "buffer_mcz_exo_04.txt",
  "createdDate" : 0,
  "version" : 3,
  "text" : "GABINETE DO PREFEITO - GP PORTARIA Nº. 3094 MACEIÓ/AL, 14 DE DEZEMBRO DE 2021. O PREFEITO DO MUNICÍPIO DE MACEIÓ, no uso de suas atribuições e prerrogativas legais, RESOLVE: Art. 1º Exonerar, a pedido, ROBERTA BORGES DE MORAES OLIVEIRA, do cargo em comissão de Diretor, da Diretoria de Atenção à Saúde, Símbolo DAS-4, CPF n°. 073.211.364-42, do(a) SECRETARIA MUNICIPAL DE SAÚDE - SMS, do Quadro de Pessoal do Poder Executivo Municipal. Art. 2º Esta Portaria entra em vigor na data de sua publicação, revogando-se as disposições em contrário. JHC Prefeito de Maceió Publicado por: Evandro José Cordeiro Código Identificador:B9082E45\n",
  "docLength" : 0,
  "language" : "PT",
  "status" : "IN_PROGRESS",
  "modifiedDate" : 1641581344421,
  "documentSet" : [ ],
  "preannotation" : [ ],
  "sentences" : [ {
    "id" : "s0",
    "begin" : 0,
    "end" : 38,
    "text" : "GABINETE DO PREFEITO - GP PORTARIA Nº.",
    "tokens" : [ {
      "id" : "s0-t0",
      "begin" : 0,
      "end" : 8,
      "text" : "GABINETE",
      "whiteSpace" : false
    }, {
      "id" : "s0-t1",
      "begin" : 9,
      "end" : 11,
      "text" : "DO",
      "whiteSpace" : false
    }, {
      "id" : "s0-t2",
      "begin" : 12,
      "end" : 20,
      "text" : "PREFEITO",
      "whiteSpace" : false
    }, {
      "id" : "s0-t3",
      "begin" : 21,
      "end" : 22,
      "text" : "-",
      "whiteSpace" : false
    }, {
      "id" : "s0-t4",
      "begin" : 23,
      "end" : 25,
      "text" : "GP",
      "whiteSpace" : false
    }, {
      "id" : "s0-t5",
      "begin" : 26,
      "end" : 34,
      "text" : "PORTARIA",
      "whiteSpace" : false
    }, {
      "id" : "s0-t6",
      "begin" : 35,
      "end" : 37,
      "text" : "Nº",
      "whiteSpace" : false
    }, {
      "id" : "s0-t7",
      "begin" : 37,
      "end" : 38,
      "text" : ".",
      "whiteSpace" : false
    } ]
  }, {
    "id" : "s1",
    "begin" : 39,
    "end" : 78,
    "text" : "3094 MACEIÓ/AL, 14 DE DEZEMBRO DE 2021.",
    "tokens" : [ {
      "id" : "s1-t0",
      "begin" : 39,
      "end" : 43,
      "text" : "3094",
      "whiteSpace" : false
    }, {
      "id" : "s1-t1",
      "begin" : 44,
      "end" : 50,
      "text" : "MACEIÓ",
      "whiteSpace" : false
    }, {
      "id" : "s1-t2",
      "begin" : 50,
      "end" : 51,
      "text" : "/",
      "whiteSpace" : false
    }, {
      "id" : "s1-t3",
      "begin" : 51,
      "end" : 53,
      "text" : "AL",
      "whiteSpace" : false
    }, {
      "id" : "s1-t4",
      "begin" : 53,
      "end" : 54,
      "text" : ",",
      "whiteSpace" : false
    }, {
      "id" : "s1-t5",
      "begin" : 55,
      "end" : 57,
      "text" : "14",
      "whiteSpace" : false
    }, {
      "id" : "s1-t6",
      "begin" : 58,
      "end" : 60,
      "text" : "DE",
      "whiteSpace" : false
    }, {
      "id" : "s1-t7",
      "begin" : 61,
      "end" : 69,
      "text" : "DEZEMBRO",
      "whiteSpace" : false
    }, {
      "id" : "s1-t8",
      "begin" : 70,
      "end" : 72,
      "text" : "DE",
      "whiteSpace" : false
    }, {
      "id" : "s1-t9",
      "begin" : 73,
      "end" : 77,
      "text" : "2021",
      "whiteSpace" : false
    }, {
      "id" : "s1-t10",
      "begin" : 77,
      "end" : 78,
      "text" : ".",
      "whiteSpace" : false
    } ]
  }, {
    "id" : "s2",
    "begin" : 79,
    "end" : 178,
    "text" : "O PREFEITO DO MUNICÍPIO DE MACEIÓ, no uso de suas atribuições e prerrogativas legais, RESOLVE: Art.",
    "tokens" : [ {
      "id" : "s2-t0",
      "begin" : 79,
      "end" : 80,
      "text" : "O",
      "whiteSpace" : false
    }, {
      "id" : "s2-t1",
      "begin" : 81,
      "end" : 89,
      "text" : "PREFEITO",
      "whiteSpace" : false
    }, {
      "id" : "s2-t2",
      "begin" : 90,
      "end" : 92,
      "text" : "DO",
      "whiteSpace" : false
    }, {
      "id" : "s2-t3",
      "begin" : 93,
      "end" : 102,
      "text" : "MUNICÍPIO",
      "whiteSpace" : false
    }, {
      "id" : "s2-t4",
      "begin" : 103,
      "end" : 105,
      "text" : "DE",
      "whiteSpace" : false
    }, {
      "id" : "s2-t5",
      "begin" : 106,
      "end" : 112,
      "text" : "MACEIÓ",
      "whiteSpace" : false
    }, {
      "id" : "s2-t6",
      "begin" : 112,
      "end" : 113,
      "text" : ",",
      "whiteSpace" : false
    }, {
      "id" : "s2-t7",
      "begin" : 114,
      "end" : 116,
      "text" : "no",
      "whiteSpace" : false
    }, {
      "id" : "s2-t8",
      "begin" : 117,
      "end" : 120,
      "text" : "uso",
      "whiteSpace" : false
    }, {
      "id" : "s2-t9",
      "begin" : 121,
      "end" : 123,
      "text" : "de",
      "whiteSpace" : false
    }, {
      "id" : "s2-t10",
      "begin" : 124,
      "end" : 128,
      "text" : "suas",
      "whiteSpace" : false
    }, {
      "id" : "s2-t11",
      "begin" : 129,
      "end" : 140,
      "text" : "atribuições",
      "whiteSpace" : false
    }, {
      "id" : "s2-t12",
      "begin" : 141,
      "end" : 142,
      "text" : "e",
      "whiteSpace" : false
    }, {
      "id" : "s2-t13",
      "begin" : 143,
      "end" : 156,
      "text" : "prerrogativas",
      "whiteSpace" : false
    }, {
      "id" : "s2-t14",
      "begin" : 157,
      "end" : 163,
      "text" : "legais",
      "whiteSpace" : false
    }, {
      "id" : "s2-t15",
      "begin" : 163,
      "end" : 164,
      "text" : ",",
      "whiteSpace" : false
    }, {
      "id" : "s2-t16",
      "begin" : 165,
      "end" : 172,
      "text" : "RESOLVE",
      "whiteSpace" : false
    }, {
      "id" : "s2-t17",
      "begin" : 172,
      "end" : 173,
      "text" : ":",
      "whiteSpace" : false
    }, {
      "id" : "s2-t18",
      "begin" : 174,
      "end" : 177,
      "text" : "Art",
      "whiteSpace" : false
    }, {
      "id" : "s2-t19",
      "begin" : 177,
      "end" : 178,
      "text" : ".",
      "whiteSpace" : false
    } ]
  }, {
    "id" : "s3",
    "begin" : 179,
    "end" : 325,
    "text" : "1º Exonerar, a pedido, ROBERTA BORGES DE MORAES OLIVEIRA, do cargo em comissão de Diretor, da Diretoria de Atenção à Saúde, Símbolo DAS-4, CPF n°.",
    "tokens" : [ {
      "id" : "s3-t0",
      "begin" : 179,
      "end" : 181,
      "text" : "1º",
      "whiteSpace" : false
    }, {
      "id" : "s3-t1",
      "begin" : 182,
      "end" : 190,
      "text" : "Exonerar",
      "whiteSpace" : false
    }, {
      "id" : "s3-t2",
      "begin" : 190,
      "end" : 191,
      "text" : ",",
      "whiteSpace" : false
    }, {
      "id" : "s3-t3",
      "begin" : 192,
      "end" : 193,
      "text" : "a",
      "whiteSpace" : false
    }, {
      "id" : "s3-t4",
      "begin" : 194,
      "end" : 200,
      "text" : "pedido",
      "whiteSpace" : false
    }, {
      "id" : "s3-t5",
      "begin" : 200,
      "end" : 201,
      "text" : ",",
      "whiteSpace" : false
    }, {
      "id" : "s3-t6",
      "begin" : 202,
      "end" : 209,
      "text" : "ROBERTA",
      "whiteSpace" : false
    }, {
      "id" : "s3-t7",
      "begin" : 210,
      "end" : 216,
      "text" : "BORGES",
      "whiteSpace" : false
    }, {
      "id" : "s3-t8",
      "begin" : 217,
      "end" : 219,
      "text" : "DE",
      "whiteSpace" : false
    }, {
      "id" : "s3-t9",
      "begin" : 220,
      "end" : 226,
      "text" : "MORAES",
      "whiteSpace" : false
    }, {
      "id" : "s3-t10",
      "begin" : 227,
      "end" : 235,
      "text" : "OLIVEIRA",
      "whiteSpace" : false
    }, {
      "id" : "s3-t11",
      "begin" : 235,
      "end" : 236,
      "text" : ",",
      "whiteSpace" : false
    }, {
      "id" : "s3-t12",
      "begin" : 237,
      "end" : 239,
      "text" : "do",
      "whiteSpace" : false
    }, {
      "id" : "s3-t13",
      "begin" : 240,
      "end" : 245,
      "text" : "cargo",
      "whiteSpace" : false
    }, {
      "id" : "s3-t14",
      "begin" : 246,
      "end" : 248,
      "text" : "em",
      "whiteSpace" : false
    }, {
      "id" : "s3-t15",
      "begin" : 249,
      "end" : 257,
      "text" : "comissão",
      "whiteSpace" : false
    }, {
      "id" : "s3-t16",
      "begin" : 258,
      "end" : 260,
      "text" : "de",
      "whiteSpace" : false
    }, {
      "id" : "s3-t17",
      "begin" : 261,
      "end" : 268,
      "text" : "Diretor",
      "whiteSpace" : false
    }, {
      "id" : "s3-t18",
      "begin" : 268,
      "end" : 269,
      "text" : ",",
      "whiteSpace" : false
    }, {
      "id" : "s3-t19",
      "begin" : 270,
      "end" : 272,
      "text" : "da",
      "whiteSpace" : false
    }, {
      "id" : "s3-t20",
      "begin" : 273,
      "end" : 282,
      "text" : "Diretoria",
      "whiteSpace" : false
    }, {
      "id" : "s3-t21",
      "begin" : 283,
      "end" : 285,
      "text" : "de",
      "whiteSpace" : false
    }, {
      "id" : "s3-t22",
      "begin" : 286,
      "end" : 293,
      "text" : "Atenção",
      "whiteSpace" : false
    }, {
      "id" : "s3-t23",
      "begin" : 294,
      "end" : 295,
      "text" : "à",
      "whiteSpace" : false
    }, {
      "id" : "s3-t24",
      "begin" : 296,
      "end" : 301,
      "text" : "Saúde",
      "whiteSpace" : false
    }, {
      "id" : "s3-t25",
      "begin" : 301,
      "end" : 302,
      "text" : ",",
      "whiteSpace" : false
    }, {
      "id" : "s3-t26",
      "begin" : 303,
      "end" : 310,
      "text" : "Símbolo",
      "whiteSpace" : false
    }, {
      "id" : "s3-t27",
      "begin" : 311,
      "end" : 316,
      "text" : "DAS-4",
      "whiteSpace" : false
    }, {
      "id" : "s3-t28",
      "begin" : 316,
      "end" : 317,
      "text" : ",",
      "whiteSpace" : false
    }, {
      "id" : "s3-t29",
      "begin" : 318,
      "end" : 321,
      "text" : "CPF",
      "whiteSpace" : false
    }, {
      "id" : "s3-t30",
      "begin" : 322,
      "end" : 323,
      "text" : "n",
      "whiteSpace" : false
    }, {
      "id" : "s3-t31",
      "begin" : 323,
      "end" : 324,
      "text" : "°",
      "whiteSpace" : false
    }, {
      "id" : "s3-t32",
      "begin" : 324,
      "end" : 325,
      "text" : ".",
      "whiteSpace" : false
    } ]
  }, {
    "id" : "s4",
    "begin" : 326,
    "end" : 435,
    "text" : "073.211.364-42, do(a) SECRETARIA MUNICIPAL DE SAÚDE - SMS, do Quadro de Pessoal do Poder Executivo Municipal.",
    "tokens" : [ {
      "id" : "s4-t0",
      "begin" : 326,
      "end" : 340,
      "text" : "073.211.364-42",
      "whiteSpace" : false
    }, {
      "id" : "s4-t1",
      "begin" : 340,
      "end" : 341,
      "text" : ",",
      "whiteSpace" : false
    }, {
      "id" : "s4-t2",
      "begin" : 342,
      "end" : 344,
      "text" : "do",
      "whiteSpace" : false
    }, {
      "id" : "s4-t3",
      "begin" : 344,
      "end" : 345,
      "text" : "(",
      "whiteSpace" : false
    }, {
      "id" : "s4-t4",
      "begin" : 345,
      "end" : 346,
      "text" : "a",
      "whiteSpace" : false
    }, {
      "id" : "s4-t5",
      "begin" : 346,
      "end" : 347,
      "text" : ")",
      "whiteSpace" : false
    }, {
      "id" : "s4-t6",
      "begin" : 348,
      "end" : 358,
      "text" : "SECRETARIA",
      "whiteSpace" : false
    }, {
      "id" : "s4-t7",
      "begin" : 359,
      "end" : 368,
      "text" : "MUNICIPAL",
      "whiteSpace" : false
    }, {
      "id" : "s4-t8",
      "begin" : 369,
      "end" : 371,
      "text" : "DE",
      "whiteSpace" : false
    }, {
      "id" : "s4-t9",
      "begin" : 372,
      "end" : 377,
      "text" : "SAÚDE",
      "whiteSpace" : false
    }, {
      "id" : "s4-t10",
      "begin" : 378,
      "end" : 379,
      "text" : "-",
      "whiteSpace" : false
    }, {
      "id" : "s4-t11",
      "begin" : 380,
      "end" : 383,
      "text" : "SMS",
      "whiteSpace" : false
    }, {
      "id" : "s4-t12",
      "begin" : 383,
      "end" : 384,
      "text" : ",",
      "whiteSpace" : false
    }, {
      "id" : "s4-t13",
      "begin" : 385,
      "end" : 387,
      "text" : "do",
      "whiteSpace" : false
    }, {
      "id" : "s4-t14",
      "begin" : 388,
      "end" : 394,
      "text" : "Quadro",
      "whiteSpace" : false
    }, {
      "id" : "s4-t15",
      "begin" : 395,
      "end" : 397,
      "text" : "de",
      "whiteSpace" : false
    }, {
      "id" : "s4-t16",
      "begin" : 398,
      "end" : 405,
      "text" : "Pessoal",
      "whiteSpace" : false
    }, {
      "id" : "s4-t17",
      "begin" : 406,
      "end" : 408,
      "text" : "do",
      "whiteSpace" : false
    }, {
      "id" : "s4-t18",
      "begin" : 409,
      "end" : 414,
      "text" : "Poder",
      "whiteSpace" : false
    }, {
      "id" : "s4-t19",
      "begin" : 415,
      "end" : 424,
      "text" : "Executivo",
      "whiteSpace" : false
    }, {
      "id" : "s4-t20",
      "begin" : 425,
      "end" : 434,
      "text" : "Municipal",
      "whiteSpace" : false
    }, {
      "id" : "s4-t21",
      "begin" : 434,
      "end" : 435,
      "text" : ".",
      "whiteSpace" : false
    } ]
  }, {
    "id" : "s5",
    "begin" : 436,
    "end" : 440,
    "text" : "Art.",
    "tokens" : [ {
      "id" : "s5-t0",
      "begin" : 436,
      "end" : 439,
      "text" : "Art",
      "whiteSpace" : false
    }, {
      "id" : "s5-t1",
      "begin" : 439,
      "end" : 440,
      "text" : ".",
      "whiteSpace" : false
    } ]
  }, {
    "id" : "s6",
    "begin" : 441,
    "end" : 541,
    "text" : "2º Esta Portaria entra em vigor na data de sua publicação, revogando-se as disposições em contrário.",
    "tokens" : [ {
      "id" : "s6-t0",
      "begin" : 441,
      "end" : 443,
      "text" : "2º",
      "whiteSpace" : false
    }, {
      "id" : "s6-t1",
      "begin" : 444,
      "end" : 448,
      "text" : "Esta",
      "whiteSpace" : false
    }, {
      "id" : "s6-t2",
      "begin" : 449,
      "end" : 457,
      "text" : "Portaria",
      "whiteSpace" : false
    }, {
      "id" : "s6-t3",
      "begin" : 458,
      "end" : 463,
      "text" : "entra",
      "whiteSpace" : false
    }, {
      "id" : "s6-t4",
      "begin" : 464,
      "end" : 466,
      "text" : "em",
      "whiteSpace" : false
    }, {
      "id" : "s6-t5",
      "begin" : 467,
      "end" : 472,
      "text" : "vigor",
      "whiteSpace" : false
    }, {
      "id" : "s6-t6",
      "begin" : 473,
      "end" : 475,
      "text" : "na",
      "whiteSpace" : false
    }, {
      "id" : "s6-t7",
      "begin" : 476,
      "end" : 480,
      "text" : "data",
      "whiteSpace" : false
    }, {
      "id" : "s6-t8",
      "begin" : 481,
      "end" : 483,
      "text" : "de",
      "whiteSpace" : false
    }, {
      "id" : "s6-t9",
      "begin" : 484,
      "end" : 487,
      "text" : "sua",
      "whiteSpace" : false
    }, {
      "id" : "s6-t10",
      "begin" : 488,
      "end" : 498,
      "text" : "publicação",
      "whiteSpace" : false
    }, {
      "id" : "s6-t11",
      "begin" : 498,
      "end" : 499,
      "text" : ",",
      "whiteSpace" : false
    }, {
      "id" : "s6-t12",
      "begin" : 500,
      "end" : 512,
      "text" : "revogando-se",
      "whiteSpace" : false
    }, {
      "id" : "s6-t13",
      "begin" : 513,
      "end" : 515,
      "text" : "as",
      "whiteSpace" : false
    }, {
      "id" : "s6-t14",
      "begin" : 516,
      "end" : 527,
      "text" : "disposições",
      "whiteSpace" : false
    }, {
      "id" : "s6-t15",
      "begin" : 528,
      "end" : 530,
      "text" : "em",
      "whiteSpace" : false
    }, {
      "id" : "s6-t16",
      "begin" : 531,
      "end" : 540,
      "text" : "contrário",
      "whiteSpace" : false
    }, {
      "id" : "s6-t17",
      "begin" : 540,
      "end" : 541,
      "text" : ".",
      "whiteSpace" : false
    } ]
  }, {
    "id" : "s7",
    "begin" : 542,
    "end" : 631,
    "text" : "JHC Prefeito de Maceió Publicado por: Evandro José Cordeiro Código Identificador:B9082E45",
    "tokens" : [ {
      "id" : "s7-t0",
      "begin" : 542,
      "end" : 545,
      "text" : "JHC",
      "whiteSpace" : false
    }, {
      "id" : "s7-t1",
      "begin" : 546,
      "end" : 554,
      "text" : "Prefeito",
      "whiteSpace" : false
    }, {
      "id" : "s7-t2",
      "begin" : 555,
      "end" : 557,
      "text" : "de",
      "whiteSpace" : false
    }, {
      "id" : "s7-t3",
      "begin" : 558,
      "end" : 564,
      "text" : "Maceió",
      "whiteSpace" : false
    }, {
      "id" : "s7-t4",
      "begin" : 565,
      "end" : 574,
      "text" : "Publicado",
      "whiteSpace" : false
    }, {
      "id" : "s7-t5",
      "begin" : 575,
      "end" : 578,
      "text" : "por",
      "whiteSpace" : false
    }, {
      "id" : "s7-t6",
      "begin" : 578,
      "end" : 579,
      "text" : ":",
      "whiteSpace" : false
    }, {
      "id" : "s7-t7",
      "begin" : 580,
      "end" : 587,
      "text" : "Evandro",
      "whiteSpace" : false
    }, {
      "id" : "s7-t8",
      "begin" : 588,
      "end" : 592,
      "text" : "José",
      "whiteSpace" : false
    }, {
      "id" : "s7-t9",
      "begin" : 593,
      "end" : 601,
      "text" : "Cordeiro",
      "whiteSpace" : false
    }, {
      "id" : "s7-t10",
      "begin" : 602,
      "end" : 608,
      "text" : "Código",
      "whiteSpace" : false
    }, {
      "id" : "s7-t11",
      "begin" : 609,
      "end" : 622,
      "text" : "Identificador",
      "whiteSpace" : false
    }, {
      "id" : "s7-t12",
      "begin" : 622,
      "end" : 631,
      "text" : ":B9082E45",
      "whiteSpace" : false
    } ]
  } ],
  "mentions" : [ {
    "id" : "s1-m1",
    "properties" : {
      "SIRE_MENTION_ROLE" : "portaria",
      "SIRE_ENTITY_SUBTYPE" : "NONE",
      "SIRE_MENTION_TYPE" : "NONE",
      "SIRE_MENTION_CLASS" : "SPC"
    },
    "type" : "portaria",
    "begin" : 39,
    "end" : 43,
    "inCoref" : false
  }, {
    "id" : "s1-m2",
    "properties" : {
      "SIRE_MENTION_ROLE" : "dia",
      "SIRE_ENTITY_SUBTYPE" : "NONE",
      "SIRE_MENTION_TYPE" : "NONE",
      "SIRE_MENTION_CLASS" : "SPC"
    },
    "type" : "dia",
    "begin" : 55,
    "end" : 57,
    "inCoref" : false
  }, {
    "id" : "s1-m3",
    "properties" : {
      "SIRE_MENTION_ROLE" : "mes",
      "SIRE_ENTITY_SUBTYPE" : "NONE",
      "SIRE_MENTION_TYPE" : "NONE",
      "SIRE_MENTION_CLASS" : "SPC"
    },
    "type" : "mes",
    "begin" : 61,
    "end" : 69,
    "inCoref" : false
  }, {
    "id" : "s1-m4",
    "properties" : {
      "SIRE_MENTION_ROLE" : "ano",
      "SIRE_ENTITY_SUBTYPE" : "NONE",
      "SIRE_MENTION_TYPE" : "NONE",
      "SIRE_MENTION_CLASS" : "SPC"
    },
    "type" : "ano",
    "begin" : 73,
    "end" : 77,
    "inCoref" : false
  }, {
    "id" : "s3-m1",
    "properties" : {
      "SIRE_MENTION_ROLE" : "ato",
      "SIRE_ENTITY_SUBTYPE" : "NONE",
      "SIRE_MENTION_TYPE" : "NONE",
      "SIRE_MENTION_CLASS" : "SPC"
    },
    "type" : "ato",
    "begin" : 182,
    "end" : 190,
    "inCoref" : false
  }, {
    "id" : "s3-m2",
    "properties" : {
      "SIRE_MENTION_ROLE" : "nome",
      "SIRE_ENTITY_SUBTYPE" : "NONE",
      "SIRE_MENTION_TYPE" : "NONE",
      "SIRE_MENTION_CLASS" : "SPC"
    },
    "type" : "nome",
    "begin" : 202,
    "end" : 235,
    "inCoref" : false
  }, {
    "id" : "s3-m3",
    "properties" : {
      "SIRE_MENTION_ROLE" : "cargo",
      "SIRE_ENTITY_SUBTYPE" : "NONE",
      "SIRE_MENTION_TYPE" : "NONE",
      "SIRE_MENTION_CLASS" : "SPC"
    },
    "type" : "cargo",
    "begin" : 261,
    "end" : 268,
    "inCoref" : false
  } ],
  "relations" : [ ],
  "corefs" : [ ],
  "typeResolved" : true,
  "userResolved" : false
}