{
  "id" : "459c38b0-6fe6-11ec-8aab-63cd9c950ac0-2",
  "name" : "buffer_mcz_exo_03.txt",
  "createdDate" : 0,
  "version" : 3,
  "text" : "GABINETE DO PREFEITO - GP PORTARIA Nº. 3095 MACEIÓ/AL, 14 DE DEZEMBRO DE 2021. O PREFEITO DO MUNICÍPIO DE MACEIÓ, no uso de suas atribuições e prerrogativas legais, RESOLVE: Art. 1º Exonerar, a pedido, GRASYELLE AIDIL ALVES PEREIRA E SILVA, do cargo em comissão de Gerência de Vigilância Ambiental, Símbolo DAS-2, CPF n°. 008.036.414-43, do(a) SECRETARIA MUNICIPAL DE SAÚDE - SMS, do Quadro de Pessoal do Poder Executivo Municipal. Art. 2º Esta Portaria entra em vigor na data de sua publicação, revogando-se as disposições em contrário. JHC Prefeito de Maceió Publicado por: Evandro José Cordeiro Código Identificador:740DB160\n",
  "docLength" : 0,
  "language" : "PT",
  "status" : "IN_PROGRESS",
  "modifiedDate" : 1641581311908,
  "documentSet" : [ ],
  "preannotation" : [ ],
  "sentences" : [ {
    "id" : "s0",
    "begin" : 0,
    "end" : 38,
    "text" : "GABINETE DO PREFEITO - GP PORTARIA Nº.",
    "tokens" : [ {
      "id" : "s0-t0",
      "begin" : 0,
      "end" : 8,
      "text" : "GABINETE",
      "whiteSpace" : false
    }, {
      "id" : "s0-t1",
      "begin" : 9,
      "end" : 11,
      "text" : "DO",
      "whiteSpace" : false
    }, {
      "id" : "s0-t2",
      "begin" : 12,
      "end" : 20,
      "text" : "PREFEITO",
      "whiteSpace" : false
    }, {
      "id" : "s0-t3",
      "begin" : 21,
      "end" : 22,
      "text" : "-",
      "whiteSpace" : false
    }, {
      "id" : "s0-t4",
      "begin" : 23,
      "end" : 25,
      "text" : "GP",
      "whiteSpace" : false
    }, {
      "id" : "s0-t5",
      "begin" : 26,
      "end" : 34,
      "text" : "PORTARIA",
      "whiteSpace" : false
    }, {
      "id" : "s0-t6",
      "begin" : 35,
      "end" : 37,
      "text" : "Nº",
      "whiteSpace" : false
    }, {
      "id" : "s0-t7",
      "begin" : 37,
      "end" : 38,
      "text" : ".",
      "whiteSpace" : false
    } ]
  }, {
    "id" : "s1",
    "begin" : 39,
    "end" : 78,
    "text" : "3095 MACEIÓ/AL, 14 DE DEZEMBRO DE 2021.",
    "tokens" : [ {
      "id" : "s1-t0",
      "begin" : 39,
      "end" : 43,
      "text" : "3095",
      "whiteSpace" : false
    }, {
      "id" : "s1-t1",
      "begin" : 44,
      "end" : 50,
      "text" : "MACEIÓ",
      "whiteSpace" : false
    }, {
      "id" : "s1-t2",
      "begin" : 50,
      "end" : 51,
      "text" : "/",
      "whiteSpace" : false
    }, {
      "id" : "s1-t3",
      "begin" : 51,
      "end" : 53,
      "text" : "AL",
      "whiteSpace" : false
    }, {
      "id" : "s1-t4",
      "begin" : 53,
      "end" : 54,
      "text" : ",",
      "whiteSpace" : false
    }, {
      "id" : "s1-t5",
      "begin" : 55,
      "end" : 57,
      "text" : "14",
      "whiteSpace" : false
    }, {
      "id" : "s1-t6",
      "begin" : 58,
      "end" : 60,
      "text" : "DE",
      "whiteSpace" : false
    }, {
      "id" : "s1-t7",
      "begin" : 61,
      "end" : 69,
      "text" : "DEZEMBRO",
      "whiteSpace" : false
    }, {
      "id" : "s1-t8",
      "begin" : 70,
      "end" : 72,
      "text" : "DE",
      "whiteSpace" : false
    }, {
      "id" : "s1-t9",
      "begin" : 73,
      "end" : 77,
      "text" : "2021",
      "whiteSpace" : false
    }, {
      "id" : "s1-t10",
      "begin" : 77,
      "end" : 78,
      "text" : ".",
      "whiteSpace" : false
    } ]
  }, {
    "id" : "s2",
    "begin" : 79,
    "end" : 178,
    "text" : "O PREFEITO DO MUNICÍPIO DE MACEIÓ, no uso de suas atribuições e prerrogativas legais, RESOLVE: Art.",
    "tokens" : [ {
      "id" : "s2-t0",
      "begin" : 79,
      "end" : 80,
      "text" : "O",
      "whiteSpace" : false
    }, {
      "id" : "s2-t1",
      "begin" : 81,
      "end" : 89,
      "text" : "PREFEITO",
      "whiteSpace" : false
    }, {
      "id" : "s2-t2",
      "begin" : 90,
      "end" : 92,
      "text" : "DO",
      "whiteSpace" : false
    }, {
      "id" : "s2-t3",
      "begin" : 93,
      "end" : 102,
      "text" : "MUNICÍPIO",
      "whiteSpace" : false
    }, {
      "id" : "s2-t4",
      "begin" : 103,
      "end" : 105,
      "text" : "DE",
      "whiteSpace" : false
    }, {
      "id" : "s2-t5",
      "begin" : 106,
      "end" : 112,
      "text" : "MACEIÓ",
      "whiteSpace" : false
    }, {
      "id" : "s2-t6",
      "begin" : 112,
      "end" : 113,
      "text" : ",",
      "whiteSpace" : false
    }, {
      "id" : "s2-t7",
      "begin" : 114,
      "end" : 116,
      "text" : "no",
      "whiteSpace" : false
    }, {
      "id" : "s2-t8",
      "begin" : 117,
      "end" : 120,
      "text" : "uso",
      "whiteSpace" : false
    }, {
      "id" : "s2-t9",
      "begin" : 121,
      "end" : 123,
      "text" : "de",
      "whiteSpace" : false
    }, {
      "id" : "s2-t10",
      "begin" : 124,
      "end" : 128,
      "text" : "suas",
      "whiteSpace" : false
    }, {
      "id" : "s2-t11",
      "begin" : 129,
      "end" : 140,
      "text" : "atribuições",
      "whiteSpace" : false
    }, {
      "id" : "s2-t12",
      "begin" : 141,
      "end" : 142,
      "text" : "e",
      "whiteSpace" : false
    }, {
      "id" : "s2-t13",
      "begin" : 143,
      "end" : 156,
      "text" : "prerrogativas",
      "whiteSpace" : false
    }, {
      "id" : "s2-t14",
      "begin" : 157,
      "end" : 163,
      "text" : "legais",
      "whiteSpace" : false
    }, {
      "id" : "s2-t15",
      "begin" : 163,
      "end" : 164,
      "text" : ",",
      "whiteSpace" : false
    }, {
      "id" : "s2-t16",
      "begin" : 165,
      "end" : 172,
      "text" : "RESOLVE",
      "whiteSpace" : false
    }, {
      "id" : "s2-t17",
      "begin" : 172,
      "end" : 173,
      "text" : ":",
      "whiteSpace" : false
    }, {
      "id" : "s2-t18",
      "begin" : 174,
      "end" : 177,
      "text" : "Art",
      "whiteSpace" : false
    }, {
      "id" : "s2-t19",
      "begin" : 177,
      "end" : 178,
      "text" : ".",
      "whiteSpace" : false
    } ]
  }, {
    "id" : "s3",
    "begin" : 179,
    "end" : 321,
    "text" : "1º Exonerar, a pedido, GRASYELLE AIDIL ALVES PEREIRA E SILVA, do cargo em comissão de Gerência de Vigilância Ambiental, Símbolo DAS-2, CPF n°.",
    "tokens" : [ {
      "id" : "s3-t0",
      "begin" : 179,
      "end" : 181,
      "text" : "1º",
      "whiteSpace" : false
    }, {
      "id" : "s3-t1",
      "begin" : 182,
      "end" : 190,
      "text" : "Exonerar",
      "whiteSpace" : false
    }, {
      "id" : "s3-t2",
      "begin" : 190,
      "end" : 191,
      "text" : ",",
      "whiteSpace" : false
    }, {
      "id" : "s3-t3",
      "begin" : 192,
      "end" : 193,
      "text" : "a",
      "whiteSpace" : false
    }, {
      "id" : "s3-t4",
      "begin" : 194,
      "end" : 200,
      "text" : "pedido",
      "whiteSpace" : false
    }, {
      "id" : "s3-t5",
      "begin" : 200,
      "end" : 201,
      "text" : ",",
      "whiteSpace" : false
    }, {
      "id" : "s3-t6",
      "begin" : 202,
      "end" : 211,
      "text" : "GRASYELLE",
      "whiteSpace" : false
    }, {
      "id" : "s3-t7",
      "begin" : 212,
      "end" : 217,
      "text" : "AIDIL",
      "whiteSpace" : false
    }, {
      "id" : "s3-t8",
      "begin" : 218,
      "end" : 223,
      "text" : "ALVES",
      "whiteSpace" : false
    }, {
      "id" : "s3-t9",
      "begin" : 224,
      "end" : 231,
      "text" : "PEREIRA",
      "whiteSpace" : false
    }, {
      "id" : "s3-t10",
      "begin" : 232,
      "end" : 233,
      "text" : "E",
      "whiteSpace" : false
    }, {
      "id" : "s3-t11",
      "begin" : 234,
      "end" : 239,
      "text" : "SILVA",
      "whiteSpace" : false
    }, {
      "id" : "s3-t12",
      "begin" : 239,
      "end" : 240,
      "text" : ",",
      "whiteSpace" : false
    }, {
      "id" : "s3-t13",
      "begin" : 241,
      "end" : 243,
      "text" : "do",
      "whiteSpace" : false
    }, {
      "id" : "s3-t14",
      "begin" : 244,
      "end" : 249,
      "text" : "cargo",
      "whiteSpace" : false
    }, {
      "id" : "s3-t15",
      "begin" : 250,
      "end" : 252,
      "text" : "em",
      "whiteSpace" : false
    }, {
      "id" : "s3-t16",
      "begin" : 253,
      "end" : 261,
      "text" : "comissão",
      "whiteSpace" : false
    }, {
      "id" : "s3-t17",
      "begin" : 262,
      "end" : 264,
      "text" : "de",
      "whiteSpace" : false
    }, {
      "id" : "s3-t18",
      "begin" : 265,
      "end" : 273,
      "text" : "Gerência",
      "whiteSpace" : false
    }, {
      "id" : "s3-t19",
      "begin" : 274,
      "end" : 276,
      "text" : "de",
      "whiteSpace" : false
    }, {
      "id" : "s3-t20",
      "begin" : 277,
      "end" : 287,
      "text" : "Vigilância",
      "whiteSpace" : false
    }, {
      "id" : "s3-t21",
      "begin" : 288,
      "end" : 297,
      "text" : "Ambiental",
      "whiteSpace" : false
    }, {
      "id" : "s3-t22",
      "begin" : 297,
      "end" : 298,
      "text" : ",",
      "whiteSpace" : false
    }, {
      "id" : "s3-t23",
      "begin" : 299,
      "end" : 306,
      "text" : "Símbolo",
      "whiteSpace" : false
    }, {
      "id" : "s3-t24",
      "begin" : 307,
      "end" : 312,
      "text" : "DAS-2",
      "whiteSpace" : false
    }, {
      "id" : "s3-t25",
      "begin" : 312,
      "end" : 313,
      "text" : ",",
      "whiteSpace" : false
    }, {
      "id" : "s3-t26",
      "begin" : 314,
      "end" : 317,
      "text" : "CPF",
      "whiteSpace" : false
    }, {
      "id" : "s3-t27",
      "begin" : 318,
      "end" : 319,
      "text" : "n",
      "whiteSpace" : false
    }, {
      "id" : "s3-t28",
      "begin" : 319,
      "end" : 320,
      "text" : "°",
      "whiteSpace" : false
    }, {
      "id" : "s3-t29",
      "begin" : 320,
      "end" : 321,
      "text" : ".",
      "whiteSpace" : false
    } ]
  }, {
    "id" : "s4",
    "begin" : 322,
    "end" : 431,
    "text" : "008.036.414-43, do(a) SECRETARIA MUNICIPAL DE SAÚDE - SMS, do Quadro de Pessoal do Poder Executivo Municipal.",
    "tokens" : [ {
      "id" : "s4-t0",
      "begin" : 322,
      "end" : 336,
      "text" : "008.036.414-43",
      "whiteSpace" : false
    }, {
      "id" : "s4-t1",
      "begin" : 336,
      "end" : 337,
      "text" : ",",
      "whiteSpace" : false
    }, {
      "id" : "s4-t2",
      "begin" : 338,
      "end" : 340,
      "text" : "do",
      "whiteSpace" : false
    }, {
      "id" : "s4-t3",
      "begin" : 340,
      "end" : 341,
      "text" : "(",
      "whiteSpace" : false
    }, {
      "id" : "s4-t4",
      "begin" : 341,
      "end" : 342,
      "text" : "a",
      "whiteSpace" : false
    }, {
      "id" : "s4-t5",
      "begin" : 342,
      "end" : 343,
      "text" : ")",
      "whiteSpace" : false
    }, {
      "id" : "s4-t6",
      "begin" : 344,
      "end" : 354,
      "text" : "SECRETARIA",
      "whiteSpace" : false
    }, {
      "id" : "s4-t7",
      "begin" : 355,
      "end" : 364,
      "text" : "MUNICIPAL",
      "whiteSpace" : false
    }, {
      "id" : "s4-t8",
      "begin" : 365,
      "end" : 367,
      "text" : "DE",
      "whiteSpace" : false
    }, {
      "id" : "s4-t9",
      "begin" : 368,
      "end" : 373,
      "text" : "SAÚDE",
      "whiteSpace" : false
    }, {
      "id" : "s4-t10",
      "begin" : 374,
      "end" : 375,
      "text" : "-",
      "whiteSpace" : false
    }, {
      "id" : "s4-t11",
      "begin" : 376,
      "end" : 379,
      "text" : "SMS",
      "whiteSpace" : false
    }, {
      "id" : "s4-t12",
      "begin" : 379,
      "end" : 380,
      "text" : ",",
      "whiteSpace" : false
    }, {
      "id" : "s4-t13",
      "begin" : 381,
      "end" : 383,
      "text" : "do",
      "whiteSpace" : false
    }, {
      "id" : "s4-t14",
      "begin" : 384,
      "end" : 390,
      "text" : "Quadro",
      "whiteSpace" : false
    }, {
      "id" : "s4-t15",
      "begin" : 391,
      "end" : 393,
      "text" : "de",
      "whiteSpace" : false
    }, {
      "id" : "s4-t16",
      "begin" : 394,
      "end" : 401,
      "text" : "Pessoal",
      "whiteSpace" : false
    }, {
      "id" : "s4-t17",
      "begin" : 402,
      "end" : 404,
      "text" : "do",
      "whiteSpace" : false
    }, {
      "id" : "s4-t18",
      "begin" : 405,
      "end" : 410,
      "text" : "Poder",
      "whiteSpace" : false
    }, {
      "id" : "s4-t19",
      "begin" : 411,
      "end" : 420,
      "text" : "Executivo",
      "whiteSpace" : false
    }, {
      "id" : "s4-t20",
      "begin" : 421,
      "end" : 430,
      "text" : "Municipal",
      "whiteSpace" : false
    }, {
      "id" : "s4-t21",
      "begin" : 430,
      "end" : 431,
      "text" : ".",
      "whiteSpace" : false
    } ]
  }, {
    "id" : "s5",
    "begin" : 432,
    "end" : 436,
    "text" : "Art.",
    "tokens" : [ {
      "id" : "s5-t0",
      "begin" : 432,
      "end" : 435,
      "text" : "Art",
      "whiteSpace" : false
    }, {
      "id" : "s5-t1",
      "begin" : 435,
      "end" : 436,
      "text" : ".",
      "whiteSpace" : false
    } ]
  }, {
    "id" : "s6",
    "begin" : 437,
    "end" : 537,
    "text" : "2º Esta Portaria entra em vigor na data de sua publicação, revogando-se as disposições em contrário.",
    "tokens" : [ {
      "id" : "s6-t0",
      "begin" : 437,
      "end" : 439,
      "text" : "2º",
      "whiteSpace" : false
    }, {
      "id" : "s6-t1",
      "begin" : 440,
      "end" : 444,
      "text" : "Esta",
      "whiteSpace" : false
    }, {
      "id" : "s6-t2",
      "begin" : 445,
      "end" : 453,
      "text" : "Portaria",
      "whiteSpace" : false
    }, {
      "id" : "s6-t3",
      "begin" : 454,
      "end" : 459,
      "text" : "entra",
      "whiteSpace" : false
    }, {
      "id" : "s6-t4",
      "begin" : 460,
      "end" : 462,
      "text" : "em",
      "whiteSpace" : false
    }, {
      "id" : "s6-t5",
      "begin" : 463,
      "end" : 468,
      "text" : "vigor",
      "whiteSpace" : false
    }, {
      "id" : "s6-t6",
      "begin" : 469,
      "end" : 471,
      "text" : "na",
      "whiteSpace" : false
    }, {
      "id" : "s6-t7",
      "begin" : 472,
      "end" : 476,
      "text" : "data",
      "whiteSpace" : false
    }, {
      "id" : "s6-t8",
      "begin" : 477,
      "end" : 479,
      "text" : "de",
      "whiteSpace" : false
    }, {
      "id" : "s6-t9",
      "begin" : 480,
      "end" : 483,
      "text" : "sua",
      "whiteSpace" : false
    }, {
      "id" : "s6-t10",
      "begin" : 484,
      "end" : 494,
      "text" : "publicação",
      "whiteSpace" : false
    }, {
      "id" : "s6-t11",
      "begin" : 494,
      "end" : 495,
      "text" : ",",
      "whiteSpace" : false
    }, {
      "id" : "s6-t12",
      "begin" : 496,
      "end" : 508,
      "text" : "revogando-se",
      "whiteSpace" : false
    }, {
      "id" : "s6-t13",
      "begin" : 509,
      "end" : 511,
      "text" : "as",
      "whiteSpace" : false
    }, {
      "id" : "s6-t14",
      "begin" : 512,
      "end" : 523,
      "text" : "disposições",
      "whiteSpace" : false
    }, {
      "id" : "s6-t15",
      "begin" : 524,
      "end" : 526,
      "text" : "em",
      "whiteSpace" : false
    }, {
      "id" : "s6-t16",
      "begin" : 527,
      "end" : 536,
      "text" : "contrário",
      "whiteSpace" : false
    }, {
      "id" : "s6-t17",
      "begin" : 536,
      "end" : 537,
      "text" : ".",
      "whiteSpace" : false
    } ]
  }, {
    "id" : "s7",
    "begin" : 538,
    "end" : 627,
    "text" : "JHC Prefeito de Maceió Publicado por: Evandro José Cordeiro Código Identificador:740DB160",
    "tokens" : [ {
      "id" : "s7-t0",
      "begin" : 538,
      "end" : 541,
      "text" : "JHC",
      "whiteSpace" : false
    }, {
      "id" : "s7-t1",
      "begin" : 542,
      "end" : 550,
      "text" : "Prefeito",
      "whiteSpace" : false
    }, {
      "id" : "s7-t2",
      "begin" : 551,
      "end" : 553,
      "text" : "de",
      "whiteSpace" : false
    }, {
      "id" : "s7-t3",
      "begin" : 554,
      "end" : 560,
      "text" : "Maceió",
      "whiteSpace" : false
    }, {
      "id" : "s7-t4",
      "begin" : 561,
      "end" : 570,
      "text" : "Publicado",
      "whiteSpace" : false
    }, {
      "id" : "s7-t5",
      "begin" : 571,
      "end" : 574,
      "text" : "por",
      "whiteSpace" : false
    }, {
      "id" : "s7-t6",
      "begin" : 574,
      "end" : 575,
      "text" : ":",
      "whiteSpace" : false
    }, {
      "id" : "s7-t7",
      "begin" : 576,
      "end" : 583,
      "text" : "Evandro",
      "whiteSpace" : false
    }, {
      "id" : "s7-t8",
      "begin" : 584,
      "end" : 588,
      "text" : "José",
      "whiteSpace" : false
    }, {
      "id" : "s7-t9",
      "begin" : 589,
      "end" : 597,
      "text" : "Cordeiro",
      "whiteSpace" : false
    }, {
      "id" : "s7-t10",
      "begin" : 598,
      "end" : 604,
      "text" : "Código",
      "whiteSpace" : false
    }, {
      "id" : "s7-t11",
      "begin" : 605,
      "end" : 618,
      "text" : "Identificador",
      "whiteSpace" : false
    }, {
      "id" : "s7-t12",
      "begin" : 618,
      "end" : 619,
      "text" : ":",
      "whiteSpace" : false
    }, {
      "id" : "s7-t13",
      "begin" : 619,
      "end" : 627,
      "text" : "740DB160",
      "whiteSpace" : false
    } ]
  } ],
  "mentions" : [ {
    "id" : "s1-m1",
    "properties" : {
      "SIRE_MENTION_ROLE" : "portaria",
      "SIRE_ENTITY_SUBTYPE" : "NONE",
      "SIRE_MENTION_TYPE" : "NONE",
      "SIRE_MENTION_CLASS" : "SPC"
    },
    "type" : "portaria",
    "begin" : 39,
    "end" : 43,
    "inCoref" : false
  }, {
    "id" : "s1-m2",
    "properties" : {
      "SIRE_MENTION_ROLE" : "dia",
      "SIRE_ENTITY_SUBTYPE" : "NONE",
      "SIRE_MENTION_TYPE" : "NONE",
      "SIRE_MENTION_CLASS" : "SPC"
    },
    "type" : "dia",
    "begin" : 55,
    "end" : 57,
    "inCoref" : false
  }, {
    "id" : "s1-m3",
    "properties" : {
      "SIRE_MENTION_ROLE" : "mes",
      "SIRE_ENTITY_SUBTYPE" : "NONE",
      "SIRE_MENTION_TYPE" : "NONE",
      "SIRE_MENTION_CLASS" : "SPC"
    },
    "type" : "mes",
    "begin" : 61,
    "end" : 69,
    "inCoref" : false
  }, {
    "id" : "s1-m4",
    "properties" : {
      "SIRE_MENTION_ROLE" : "ano",
      "SIRE_ENTITY_SUBTYPE" : "NONE",
      "SIRE_MENTION_TYPE" : "NONE",
      "SIRE_MENTION_CLASS" : "SPC"
    },
    "type" : "ano",
    "begin" : 73,
    "end" : 77,
    "inCoref" : false
  }, {
    "id" : "s3-m1",
    "properties" : {
      "SIRE_MENTION_ROLE" : "ato",
      "SIRE_ENTITY_SUBTYPE" : "NONE",
      "SIRE_MENTION_TYPE" : "NONE",
      "SIRE_MENTION_CLASS" : "SPC"
    },
    "type" : "ato",
    "begin" : 182,
    "end" : 190,
    "inCoref" : false
  }, {
    "id" : "s3-m2",
    "properties" : {
      "SIRE_MENTION_ROLE" : "nome",
      "SIRE_ENTITY_SUBTYPE" : "NONE",
      "SIRE_MENTION_TYPE" : "NONE",
      "SIRE_MENTION_CLASS" : "SPC"
    },
    "type" : "nome",
    "begin" : 202,
    "end" : 239,
    "inCoref" : false
  }, {
    "id" : "s3-m3",
    "properties" : {
      "SIRE_MENTION_ROLE" : "cargo",
      "SIRE_ENTITY_SUBTYPE" : "NONE",
      "SIRE_MENTION_TYPE" : "NONE",
      "SIRE_MENTION_CLASS" : "SPC"
    },
    "type" : "cargo",
    "begin" : 265,
    "end" : 297,
    "inCoref" : false
  } ],
  "relations" : [ ],
  "corefs" : [ ],
  "typeResolved" : true,
  "userResolved" : false
}