{
  "id" : "459c38b0-6fe6-11ec-8aab-63cd9c950ac0-1",
  "name" : "buffer_mcz_exo_02.txt",
  "createdDate" : 0,
  "version" : 3,
  "text" : "GABINETE DO PREFEITO - GP PORTARIA Nº. 3079 MACEIÓ/AL, 09 DE DEZEMBRO DE 2021. O PREFEITO DO MUNICÍPIO DE MACEIÓ, no uso de suas atribuições e prerrogativas legais, RESOLVE: Art. 1º Exonerar, a pedido, ALLAN DIEGO SANTOS DE OLIVIEIRA E SOUZA, do cargo em comissão de Assessor, Símbolo DAS-2, CPF n°. 075.571.354-07, do(a) SECRETARIA MUNICIPAL DE GESTÃO - SEMGE, do Quadro de Pessoal do Poder Executivo Municipal. Art. 2º Esta Portaria entra em vigor na data de sua publicação, revogando-se as disposições em contrário. JHC Prefeito de Maceió Publicado por: Evandro José Cordeiro Código Identificador:7798CD0D\n",
  "docLength" : 0,
  "language" : "PT",
  "status" : "IN_PROGRESS",
  "modifiedDate" : 1641581272673,
  "documentSet" : [ ],
  "preannotation" : [ ],
  "sentences" : [ {
    "id" : "s0",
    "begin" : 0,
    "end" : 38,
    "text" : "GABINETE DO PREFEITO - GP PORTARIA Nº.",
    "tokens" : [ {
      "id" : "s0-t0",
      "begin" : 0,
      "end" : 8,
      "text" : "GABINETE",
      "whiteSpace" : false
    }, {
      "id" : "s0-t1",
      "begin" : 9,
      "end" : 11,
      "text" : "DO",
      "whiteSpace" : false
    }, {
      "id" : "s0-t2",
      "begin" : 12,
      "end" : 20,
      "text" : "PREFEITO",
      "whiteSpace" : false
    }, {
      "id" : "s0-t3",
      "begin" : 21,
      "end" : 22,
      "text" : "-",
      "whiteSpace" : false
    }, {
      "id" : "s0-t4",
      "begin" : 23,
      "end" : 25,
      "text" : "GP",
      "whiteSpace" : false
    }, {
      "id" : "s0-t5",
      "begin" : 26,
      "end" : 34,
      "text" : "PORTARIA",
      "whiteSpace" : false
    }, {
      "id" : "s0-t6",
      "begin" : 35,
      "end" : 37,
      "text" : "Nº",
      "whiteSpace" : false
    }, {
      "id" : "s0-t7",
      "begin" : 37,
      "end" : 38,
      "text" : ".",
      "whiteSpace" : false
    } ]
  }, {
    "id" : "s1",
    "begin" : 39,
    "end" : 78,
    "text" : "3079 MACEIÓ/AL, 09 DE DEZEMBRO DE 2021.",
    "tokens" : [ {
      "id" : "s1-t0",
      "begin" : 39,
      "end" : 43,
      "text" : "3079",
      "whiteSpace" : false
    }, {
      "id" : "s1-t1",
      "begin" : 44,
      "end" : 50,
      "text" : "MACEIÓ",
      "whiteSpace" : false
    }, {
      "id" : "s1-t2",
      "begin" : 50,
      "end" : 51,
      "text" : "/",
      "whiteSpace" : false
    }, {
      "id" : "s1-t3",
      "begin" : 51,
      "end" : 53,
      "text" : "AL",
      "whiteSpace" : false
    }, {
      "id" : "s1-t4",
      "begin" : 53,
      "end" : 54,
      "text" : ",",
      "whiteSpace" : false
    }, {
      "id" : "s1-t5",
      "begin" : 55,
      "end" : 57,
      "text" : "09",
      "whiteSpace" : false
    }, {
      "id" : "s1-t6",
      "begin" : 58,
      "end" : 60,
      "text" : "DE",
      "whiteSpace" : false
    }, {
      "id" : "s1-t7",
      "begin" : 61,
      "end" : 69,
      "text" : "DEZEMBRO",
      "whiteSpace" : false
    }, {
      "id" : "s1-t8",
      "begin" : 70,
      "end" : 72,
      "text" : "DE",
      "whiteSpace" : false
    }, {
      "id" : "s1-t9",
      "begin" : 73,
      "end" : 77,
      "text" : "2021",
      "whiteSpace" : false
    }, {
      "id" : "s1-t10",
      "begin" : 77,
      "end" : 78,
      "text" : ".",
      "whiteSpace" : false
    } ]
  }, {
    "id" : "s2",
    "begin" : 79,
    "end" : 178,
    "text" : "O PREFEITO DO MUNICÍPIO DE MACEIÓ, no uso de suas atribuições e prerrogativas legais, RESOLVE: Art.",
    "tokens" : [ {
      "id" : "s2-t0",
      "begin" : 79,
      "end" : 80,
      "text" : "O",
      "whiteSpace" : false
    }, {
      "id" : "s2-t1",
      "begin" : 81,
      "end" : 89,
      "text" : "PREFEITO",
      "whiteSpace" : false
    }, {
      "id" : "s2-t2",
      "begin" : 90,
      "end" : 92,
      "text" : "DO",
      "whiteSpace" : false
    }, {
      "id" : "s2-t3",
      "begin" : 93,
      "end" : 102,
      "text" : "MUNICÍPIO",
      "whiteSpace" : false
    }, {
      "id" : "s2-t4",
      "begin" : 103,
      "end" : 105,
      "text" : "DE",
      "whiteSpace" : false
    }, {
      "id" : "s2-t5",
      "begin" : 106,
      "end" : 112,
      "text" : "MACEIÓ",
      "whiteSpace" : false
    }, {
      "id" : "s2-t6",
      "begin" : 112,
      "end" : 113,
      "text" : ",",
      "whiteSpace" : false
    }, {
      "id" : "s2-t7",
      "begin" : 114,
      "end" : 116,
      "text" : "no",
      "whiteSpace" : false
    }, {
      "id" : "s2-t8",
      "begin" : 117,
      "end" : 120,
      "text" : "uso",
      "whiteSpace" : false
    }, {
      "id" : "s2-t9",
      "begin" : 121,
      "end" : 123,
      "text" : "de",
      "whiteSpace" : false
    }, {
      "id" : "s2-t10",
      "begin" : 124,
      "end" : 128,
      "text" : "suas",
      "whiteSpace" : false
    }, {
      "id" : "s2-t11",
      "begin" : 129,
      "end" : 140,
      "text" : "atribuições",
      "whiteSpace" : false
    }, {
      "id" : "s2-t12",
      "begin" : 141,
      "end" : 142,
      "text" : "e",
      "whiteSpace" : false
    }, {
      "id" : "s2-t13",
      "begin" : 143,
      "end" : 156,
      "text" : "prerrogativas",
      "whiteSpace" : false
    }, {
      "id" : "s2-t14",
      "begin" : 157,
      "end" : 163,
      "text" : "legais",
      "whiteSpace" : false
    }, {
      "id" : "s2-t15",
      "begin" : 163,
      "end" : 164,
      "text" : ",",
      "whiteSpace" : false
    }, {
      "id" : "s2-t16",
      "begin" : 165,
      "end" : 172,
      "text" : "RESOLVE",
      "whiteSpace" : false
    }, {
      "id" : "s2-t17",
      "begin" : 172,
      "end" : 173,
      "text" : ":",
      "whiteSpace" : false
    }, {
      "id" : "s2-t18",
      "begin" : 174,
      "end" : 177,
      "text" : "Art",
      "whiteSpace" : false
    }, {
      "id" : "s2-t19",
      "begin" : 177,
      "end" : 178,
      "text" : ".",
      "whiteSpace" : false
    } ]
  }, {
    "id" : "s3",
    "begin" : 179,
    "end" : 299,
    "text" : "1º Exonerar, a pedido, ALLAN DIEGO SANTOS DE OLIVIEIRA E SOUZA, do cargo em comissão de Assessor, Símbolo DAS-2, CPF n°.",
    "tokens" : [ {
      "id" : "s3-t0",
      "begin" : 179,
      "end" : 181,
      "text" : "1º",
      "whiteSpace" : false
    }, {
      "id" : "s3-t1",
      "begin" : 182,
      "end" : 190,
      "text" : "Exonerar",
      "whiteSpace" : false
    }, {
      "id" : "s3-t2",
      "begin" : 190,
      "end" : 191,
      "text" : ",",
      "whiteSpace" : false
    }, {
      "id" : "s3-t3",
      "begin" : 192,
      "end" : 193,
      "text" : "a",
      "whiteSpace" : false
    }, {
      "id" : "s3-t4",
      "begin" : 194,
      "end" : 200,
      "text" : "pedido",
      "whiteSpace" : false
    }, {
      "id" : "s3-t5",
      "begin" : 200,
      "end" : 201,
      "text" : ",",
      "whiteSpace" : false
    }, {
      "id" : "s3-t6",
      "begin" : 202,
      "end" : 207,
      "text" : "ALLAN",
      "whiteSpace" : false
    }, {
      "id" : "s3-t7",
      "begin" : 208,
      "end" : 213,
      "text" : "DIEGO",
      "whiteSpace" : false
    }, {
      "id" : "s3-t8",
      "begin" : 214,
      "end" : 220,
      "text" : "SANTOS",
      "whiteSpace" : false
    }, {
      "id" : "s3-t9",
      "begin" : 221,
      "end" : 223,
      "text" : "DE",
      "whiteSpace" : false
    }, {
      "id" : "s3-t10",
      "begin" : 224,
      "end" : 233,
      "text" : "OLIVIEIRA",
      "whiteSpace" : false
    }, {
      "id" : "s3-t11",
      "begin" : 234,
      "end" : 235,
      "text" : "E",
      "whiteSpace" : false
    }, {
      "id" : "s3-t12",
      "begin" : 236,
      "end" : 241,
      "text" : "SOUZA",
      "whiteSpace" : false
    }, {
      "id" : "s3-t13",
      "begin" : 241,
      "end" : 242,
      "text" : ",",
      "whiteSpace" : false
    }, {
      "id" : "s3-t14",
      "begin" : 243,
      "end" : 245,
      "text" : "do",
      "whiteSpace" : false
    }, {
      "id" : "s3-t15",
      "begin" : 246,
      "end" : 251,
      "text" : "cargo",
      "whiteSpace" : false
    }, {
      "id" : "s3-t16",
      "begin" : 252,
      "end" : 254,
      "text" : "em",
      "whiteSpace" : false
    }, {
      "id" : "s3-t17",
      "begin" : 255,
      "end" : 263,
      "text" : "comissão",
      "whiteSpace" : false
    }, {
      "id" : "s3-t18",
      "begin" : 264,
      "end" : 266,
      "text" : "de",
      "whiteSpace" : false
    }, {
      "id" : "s3-t19",
      "begin" : 267,
      "end" : 275,
      "text" : "Assessor",
      "whiteSpace" : false
    }, {
      "id" : "s3-t20",
      "begin" : 275,
      "end" : 276,
      "text" : ",",
      "whiteSpace" : false
    }, {
      "id" : "s3-t21",
      "begin" : 277,
      "end" : 284,
      "text" : "Símbolo",
      "whiteSpace" : false
    }, {
      "id" : "s3-t22",
      "begin" : 285,
      "end" : 290,
      "text" : "DAS-2",
      "whiteSpace" : false
    }, {
      "id" : "s3-t23",
      "begin" : 290,
      "end" : 291,
      "text" : ",",
      "whiteSpace" : false
    }, {
      "id" : "s3-t24",
      "begin" : 292,
      "end" : 295,
      "text" : "CPF",
      "whiteSpace" : false
    }, {
      "id" : "s3-t25",
      "begin" : 296,
      "end" : 297,
      "text" : "n",
      "whiteSpace" : false
    }, {
      "id" : "s3-t26",
      "begin" : 297,
      "end" : 298,
      "text" : "°",
      "whiteSpace" : false
    }, {
      "id" : "s3-t27",
      "begin" : 298,
      "end" : 299,
      "text" : ".",
      "whiteSpace" : false
    } ]
  }, {
    "id" : "s4",
    "begin" : 300,
    "end" : 412,
    "text" : "075.571.354-07, do(a) SECRETARIA MUNICIPAL DE GESTÃO - SEMGE, do Quadro de Pessoal do Poder Executivo Municipal.",
    "tokens" : [ {
      "id" : "s4-t0",
      "begin" : 300,
      "end" : 314,
      "text" : "075.571.354-07",
      "whiteSpace" : false
    }, {
      "id" : "s4-t1",
      "begin" : 314,
      "end" : 315,
      "text" : ",",
      "whiteSpace" : false
    }, {
      "id" : "s4-t2",
      "begin" : 316,
      "end" : 318,
      "text" : "do",
      "whiteSpace" : false
    }, {
      "id" : "s4-t3",
      "begin" : 318,
      "end" : 319,
      "text" : "(",
      "whiteSpace" : false
    }, {
      "id" : "s4-t4",
      "begin" : 319,
      "end" : 320,
      "text" : "a",
      "whiteSpace" : false
    }, {
      "id" : "s4-t5",
      "begin" : 320,
      "end" : 321,
      "text" : ")",
      "whiteSpace" : false
    }, {
      "id" : "s4-t6",
      "begin" : 322,
      "end" : 332,
      "text" : "SECRETARIA",
      "whiteSpace" : false
    }, {
      "id" : "s4-t7",
      "begin" : 333,
      "end" : 342,
      "text" : "MUNICIPAL",
      "whiteSpace" : false
    }, {
      "id" : "s4-t8",
      "begin" : 343,
      "end" : 345,
      "text" : "DE",
      "whiteSpace" : false
    }, {
      "id" : "s4-t9",
      "begin" : 346,
      "end" : 352,
      "text" : "GESTÃO",
      "whiteSpace" : false
    }, {
      "id" : "s4-t10",
      "begin" : 353,
      "end" : 354,
      "text" : "-",
      "whiteSpace" : false
    }, {
      "id" : "s4-t11",
      "begin" : 355,
      "end" : 360,
      "text" : "SEMGE",
      "whiteSpace" : false
    }, {
      "id" : "s4-t12",
      "begin" : 360,
      "end" : 361,
      "text" : ",",
      "whiteSpace" : false
    }, {
      "id" : "s4-t13",
      "begin" : 362,
      "end" : 364,
      "text" : "do",
      "whiteSpace" : false
    }, {
      "id" : "s4-t14",
      "begin" : 365,
      "end" : 371,
      "text" : "Quadro",
      "whiteSpace" : false
    }, {
      "id" : "s4-t15",
      "begin" : 372,
      "end" : 374,
      "text" : "de",
      "whiteSpace" : false
    }, {
      "id" : "s4-t16",
      "begin" : 375,
      "end" : 382,
      "text" : "Pessoal",
      "whiteSpace" : false
    }, {
      "id" : "s4-t17",
      "begin" : 383,
      "end" : 385,
      "text" : "do",
      "whiteSpace" : false
    }, {
      "id" : "s4-t18",
      "begin" : 386,
      "end" : 391,
      "text" : "Poder",
      "whiteSpace" : false
    }, {
      "id" : "s4-t19",
      "begin" : 392,
      "end" : 401,
      "text" : "Executivo",
      "whiteSpace" : false
    }, {
      "id" : "s4-t20",
      "begin" : 402,
      "end" : 411,
      "text" : "Municipal",
      "whiteSpace" : false
    }, {
      "id" : "s4-t21",
      "begin" : 411,
      "end" : 412,
      "text" : ".",
      "whiteSpace" : false
    } ]
  }, {
    "id" : "s5",
    "begin" : 413,
    "end" : 417,
    "text" : "Art.",
    "tokens" : [ {
      "id" : "s5-t0",
      "begin" : 413,
      "end" : 416,
      "text" : "Art",
      "whiteSpace" : false
    }, {
      "id" : "s5-t1",
      "begin" : 416,
      "end" : 417,
      "text" : ".",
      "whiteSpace" : false
    } ]
  }, {
    "id" : "s6",
    "begin" : 418,
    "end" : 518,
    "text" : "2º Esta Portaria entra em vigor na data de sua publicação, revogando-se as disposições em contrário.",
    "tokens" : [ {
      "id" : "s6-t0",
      "begin" : 418,
      "end" : 420,
      "text" : "2º",
      "whiteSpace" : false
    }, {
      "id" : "s6-t1",
      "begin" : 421,
      "end" : 425,
      "text" : "Esta",
      "whiteSpace" : false
    }, {
      "id" : "s6-t2",
      "begin" : 426,
      "end" : 434,
      "text" : "Portaria",
      "whiteSpace" : false
    }, {
      "id" : "s6-t3",
      "begin" : 435,
      "end" : 440,
      "text" : "entra",
      "whiteSpace" : false
    }, {
      "id" : "s6-t4",
      "begin" : 441,
      "end" : 443,
      "text" : "em",
      "whiteSpace" : false
    }, {
      "id" : "s6-t5",
      "begin" : 444,
      "end" : 449,
      "text" : "vigor",
      "whiteSpace" : false
    }, {
      "id" : "s6-t6",
      "begin" : 450,
      "end" : 452,
      "text" : "na",
      "whiteSpace" : false
    }, {
      "id" : "s6-t7",
      "begin" : 453,
      "end" : 457,
      "text" : "data",
      "whiteSpace" : false
    }, {
      "id" : "s6-t8",
      "begin" : 458,
      "end" : 460,
      "text" : "de",
      "whiteSpace" : false
    }, {
      "id" : "s6-t9",
      "begin" : 461,
      "end" : 464,
      "text" : "sua",
      "whiteSpace" : false
    }, {
      "id" : "s6-t10",
      "begin" : 465,
      "end" : 475,
      "text" : "publicação",
      "whiteSpace" : false
    }, {
      "id" : "s6-t11",
      "begin" : 475,
      "end" : 476,
      "text" : ",",
      "whiteSpace" : false
    }, {
      "id" : "s6-t12",
      "begin" : 477,
      "end" : 489,
      "text" : "revogando-se",
      "whiteSpace" : false
    }, {
      "id" : "s6-t13",
      "begin" : 490,
      "end" : 492,
      "text" : "as",
      "whiteSpace" : false
    }, {
      "id" : "s6-t14",
      "begin" : 493,
      "end" : 504,
      "text" : "disposições",
      "whiteSpace" : false
    }, {
      "id" : "s6-t15",
      "begin" : 505,
      "end" : 507,
      "text" : "em",
      "whiteSpace" : false
    }, {
      "id" : "s6-t16",
      "begin" : 508,
      "end" : 517,
      "text" : "contrário",
      "whiteSpace" : false
    }, {
      "id" : "s6-t17",
      "begin" : 517,
      "end" : 518,
      "text" : ".",
      "whiteSpace" : false
    } ]
  }, {
    "id" : "s7",
    "begin" : 519,
    "end" : 608,
    "text" : "JHC Prefeito de Maceió Publicado por: Evandro José Cordeiro Código Identificador:7798CD0D",
    "tokens" : [ {
      "id" : "s7-t0",
      "begin" : 519,
      "end" : 522,
      "text" : "JHC",
      "whiteSpace" : false
    }, {
      "id" : "s7-t1",
      "begin" : 523,
      "end" : 531,
      "text" : "Prefeito",
      "whiteSpace" : false
    }, {
      "id" : "s7-t2",
      "begin" : 532,
      "end" : 534,
      "text" : "de",
      "whiteSpace" : false
    }, {
      "id" : "s7-t3",
      "begin" : 535,
      "end" : 541,
      "text" : "Maceió",
      "whiteSpace" : false
    }, {
      "id" : "s7-t4",
      "begin" : 542,
      "end" : 551,
      "text" : "Publicado",
      "whiteSpace" : false
    }, {
      "id" : "s7-t5",
      "begin" : 552,
      "end" : 555,
      "text" : "por",
      "whiteSpace" : false
    }, {
      "id" : "s7-t6",
      "begin" : 555,
      "end" : 556,
      "text" : ":",
      "whiteSpace" : false
    }, {
      "id" : "s7-t7",
      "begin" : 557,
      "end" : 564,
      "text" : "Evandro",
      "whiteSpace" : false
    }, {
      "id" : "s7-t8",
      "begin" : 565,
      "end" : 569,
      "text" : "José",
      "whiteSpace" : false
    }, {
      "id" : "s7-t9",
      "begin" : 570,
      "end" : 578,
      "text" : "Cordeiro",
      "whiteSpace" : false
    }, {
      "id" : "s7-t10",
      "begin" : 579,
      "end" : 585,
      "text" : "Código",
      "whiteSpace" : false
    }, {
      "id" : "s7-t11",
      "begin" : 586,
      "end" : 599,
      "text" : "Identificador",
      "whiteSpace" : false
    }, {
      "id" : "s7-t12",
      "begin" : 599,
      "end" : 600,
      "text" : ":",
      "whiteSpace" : false
    }, {
      "id" : "s7-t13",
      "begin" : 600,
      "end" : 608,
      "text" : "7798CD0D",
      "whiteSpace" : false
    } ]
  } ],
  "mentions" : [ {
    "id" : "s1-m1",
    "properties" : {
      "SIRE_MENTION_ROLE" : "portaria",
      "SIRE_ENTITY_SUBTYPE" : "NONE",
      "SIRE_MENTION_TYPE" : "NONE",
      "SIRE_MENTION_CLASS" : "SPC"
    },
    "type" : "portaria",
    "begin" : 39,
    "end" : 43,
    "inCoref" : false
  }, {
    "id" : "s1-m2",
    "properties" : {
      "SIRE_MENTION_ROLE" : "dia",
      "SIRE_ENTITY_SUBTYPE" : "NONE",
      "SIRE_MENTION_TYPE" : "NONE",
      "SIRE_MENTION_CLASS" : "SPC"
    },
    "type" : "dia",
    "begin" : 55,
    "end" : 57,
    "inCoref" : false
  }, {
    "id" : "s1-m3",
    "properties" : {
      "SIRE_MENTION_ROLE" : "mes",
      "SIRE_ENTITY_SUBTYPE" : "NONE",
      "SIRE_MENTION_TYPE" : "NONE",
      "SIRE_MENTION_CLASS" : "SPC"
    },
    "type" : "mes",
    "begin" : 61,
    "end" : 69,
    "inCoref" : false
  }, {
    "id" : "s1-m4",
    "properties" : {
      "SIRE_MENTION_ROLE" : "ano",
      "SIRE_ENTITY_SUBTYPE" : "NONE",
      "SIRE_MENTION_TYPE" : "NONE",
      "SIRE_MENTION_CLASS" : "SPC"
    },
    "type" : "ano",
    "begin" : 73,
    "end" : 77,
    "inCoref" : false
  }, {
    "id" : "s3-m1",
    "properties" : {
      "SIRE_MENTION_ROLE" : "ato",
      "SIRE_ENTITY_SUBTYPE" : "NONE",
      "SIRE_MENTION_TYPE" : "NONE",
      "SIRE_MENTION_CLASS" : "SPC"
    },
    "type" : "ato",
    "begin" : 182,
    "end" : 190,
    "inCoref" : false
  }, {
    "id" : "s3-m2",
    "properties" : {
      "SIRE_MENTION_ROLE" : "nome",
      "SIRE_ENTITY_SUBTYPE" : "NONE",
      "SIRE_MENTION_TYPE" : "NONE",
      "SIRE_MENTION_CLASS" : "SPC"
    },
    "type" : "nome",
    "begin" : 202,
    "end" : 241,
    "inCoref" : false
  }, {
    "id" : "s3-m3",
    "properties" : {
      "SIRE_MENTION_ROLE" : "cargo",
      "SIRE_ENTITY_SUBTYPE" : "NONE",
      "SIRE_MENTION_TYPE" : "NONE",
      "SIRE_MENTION_CLASS" : "SPC"
    },
    "type" : "cargo",
    "begin" : 267,
    "end" : 275,
    "inCoref" : false
  } ],
  "relations" : [ ],
  "corefs" : [ ],
  "typeResolved" : true,
  "userResolved" : false
}