{
  "id" : "459c38b0-6fe6-11ec-8aab-63cd9c950ac0-9",
  "name" : "buffer_mcz_exo_10.txt",
  "createdDate" : 0,
  "version" : 3,
  "text" : "GABINETE DO PREFEITO - GP PORTARIA Nº. 0003 MACEIÓ/AL, 05 DE JANEIRO DE 2022. O PREFEITO DO MUNICÍPIO DE MACEIÓ, no uso de suas atribuições e prerrogativas legais, RESOLVE: Art. 1º Exonerar, a pedido, ARYANA ROMARIZ DA SILVA FEIJÓ, do cargo em comissão de Coordenador Geral, da Coordenador Geral de Qualificação Profissional, Símbolo DAS-3, CPF n°. 048.105.074-40, do(a) SECRETARIA MUNICIPAL DE TRABALHO, ABASTECIMENTO E ECONOMIA SOLIDÁRIA - SEMTABES, do Quadro de Pessoal do Poder Executivo Municipal. Art. 2º Esta Portaria entra em vigor na data de sua publicação, revogando-se as disposições em contrário. ANO XXV - Maceió/AL, Quinta-Feira, 06 de Janeiro de 2022 - Nº 6355 www.diariomunicipal.com.br/maceio 2 JHC Prefeito de Maceió Publicado por: Evandro José Cordeiro Código Identificador:70C06A0C",
  "docLength" : 0,
  "language" : "PT",
  "status" : "IN_PROGRESS",
  "modifiedDate" : 1641581569330,
  "documentSet" : [ ],
  "preannotation" : [ ],
  "sentences" : [ {
    "id" : "s0",
    "begin" : 0,
    "end" : 38,
    "text" : "GABINETE DO PREFEITO - GP PORTARIA Nº.",
    "tokens" : [ {
      "id" : "s0-t0",
      "begin" : 0,
      "end" : 8,
      "text" : "GABINETE",
      "whiteSpace" : false
    }, {
      "id" : "s0-t1",
      "begin" : 9,
      "end" : 11,
      "text" : "DO",
      "whiteSpace" : false
    }, {
      "id" : "s0-t2",
      "begin" : 12,
      "end" : 20,
      "text" : "PREFEITO",
      "whiteSpace" : false
    }, {
      "id" : "s0-t3",
      "begin" : 21,
      "end" : 22,
      "text" : "-",
      "whiteSpace" : false
    }, {
      "id" : "s0-t4",
      "begin" : 23,
      "end" : 25,
      "text" : "GP",
      "whiteSpace" : false
    }, {
      "id" : "s0-t5",
      "begin" : 26,
      "end" : 34,
      "text" : "PORTARIA",
      "whiteSpace" : false
    }, {
      "id" : "s0-t6",
      "begin" : 35,
      "end" : 37,
      "text" : "Nº",
      "whiteSpace" : false
    }, {
      "id" : "s0-t7",
      "begin" : 37,
      "end" : 38,
      "text" : ".",
      "whiteSpace" : false
    } ]
  }, {
    "id" : "s1",
    "begin" : 39,
    "end" : 77,
    "text" : "0003 MACEIÓ/AL, 05 DE JANEIRO DE 2022.",
    "tokens" : [ {
      "id" : "s1-t0",
      "begin" : 39,
      "end" : 43,
      "text" : "0003",
      "whiteSpace" : false
    }, {
      "id" : "s1-t1",
      "begin" : 44,
      "end" : 50,
      "text" : "MACEIÓ",
      "whiteSpace" : false
    }, {
      "id" : "s1-t2",
      "begin" : 50,
      "end" : 51,
      "text" : "/",
      "whiteSpace" : false
    }, {
      "id" : "s1-t3",
      "begin" : 51,
      "end" : 53,
      "text" : "AL",
      "whiteSpace" : false
    }, {
      "id" : "s1-t4",
      "begin" : 53,
      "end" : 54,
      "text" : ",",
      "whiteSpace" : false
    }, {
      "id" : "s1-t5",
      "begin" : 55,
      "end" : 57,
      "text" : "05",
      "whiteSpace" : false
    }, {
      "id" : "s1-t6",
      "begin" : 58,
      "end" : 60,
      "text" : "DE",
      "whiteSpace" : false
    }, {
      "id" : "s1-t7",
      "begin" : 61,
      "end" : 68,
      "text" : "JANEIRO",
      "whiteSpace" : false
    }, {
      "id" : "s1-t8",
      "begin" : 69,
      "end" : 71,
      "text" : "DE",
      "whiteSpace" : false
    }, {
      "id" : "s1-t9",
      "begin" : 72,
      "end" : 76,
      "text" : "2022",
      "whiteSpace" : false
    }, {
      "id" : "s1-t10",
      "begin" : 76,
      "end" : 77,
      "text" : ".",
      "whiteSpace" : false
    } ]
  }, {
    "id" : "s2",
    "begin" : 78,
    "end" : 177,
    "text" : "O PREFEITO DO MUNICÍPIO DE MACEIÓ, no uso de suas atribuições e prerrogativas legais, RESOLVE: Art.",
    "tokens" : [ {
      "id" : "s2-t0",
      "begin" : 78,
      "end" : 79,
      "text" : "O",
      "whiteSpace" : false
    }, {
      "id" : "s2-t1",
      "begin" : 80,
      "end" : 88,
      "text" : "PREFEITO",
      "whiteSpace" : false
    }, {
      "id" : "s2-t2",
      "begin" : 89,
      "end" : 91,
      "text" : "DO",
      "whiteSpace" : false
    }, {
      "id" : "s2-t3",
      "begin" : 92,
      "end" : 101,
      "text" : "MUNICÍPIO",
      "whiteSpace" : false
    }, {
      "id" : "s2-t4",
      "begin" : 102,
      "end" : 104,
      "text" : "DE",
      "whiteSpace" : false
    }, {
      "id" : "s2-t5",
      "begin" : 105,
      "end" : 111,
      "text" : "MACEIÓ",
      "whiteSpace" : false
    }, {
      "id" : "s2-t6",
      "begin" : 111,
      "end" : 112,
      "text" : ",",
      "whiteSpace" : false
    }, {
      "id" : "s2-t7",
      "begin" : 113,
      "end" : 115,
      "text" : "no",
      "whiteSpace" : false
    }, {
      "id" : "s2-t8",
      "begin" : 116,
      "end" : 119,
      "text" : "uso",
      "whiteSpace" : false
    }, {
      "id" : "s2-t9",
      "begin" : 120,
      "end" : 122,
      "text" : "de",
      "whiteSpace" : false
    }, {
      "id" : "s2-t10",
      "begin" : 123,
      "end" : 127,
      "text" : "suas",
      "whiteSpace" : false
    }, {
      "id" : "s2-t11",
      "begin" : 128,
      "end" : 139,
      "text" : "atribuições",
      "whiteSpace" : false
    }, {
      "id" : "s2-t12",
      "begin" : 140,
      "end" : 141,
      "text" : "e",
      "whiteSpace" : false
    }, {
      "id" : "s2-t13",
      "begin" : 142,
      "end" : 155,
      "text" : "prerrogativas",
      "whiteSpace" : false
    }, {
      "id" : "s2-t14",
      "begin" : 156,
      "end" : 162,
      "text" : "legais",
      "whiteSpace" : false
    }, {
      "id" : "s2-t15",
      "begin" : 162,
      "end" : 163,
      "text" : ",",
      "whiteSpace" : false
    }, {
      "id" : "s2-t16",
      "begin" : 164,
      "end" : 171,
      "text" : "RESOLVE",
      "whiteSpace" : false
    }, {
      "id" : "s2-t17",
      "begin" : 171,
      "end" : 172,
      "text" : ":",
      "whiteSpace" : false
    }, {
      "id" : "s2-t18",
      "begin" : 173,
      "end" : 176,
      "text" : "Art",
      "whiteSpace" : false
    }, {
      "id" : "s2-t19",
      "begin" : 176,
      "end" : 177,
      "text" : ".",
      "whiteSpace" : false
    } ]
  }, {
    "id" : "s3",
    "begin" : 178,
    "end" : 348,
    "text" : "1º Exonerar, a pedido, ARYANA ROMARIZ DA SILVA FEIJÓ, do cargo em comissão de Coordenador Geral, da Coordenador Geral de Qualificação Profissional, Símbolo DAS-3, CPF n°.",
    "tokens" : [ {
      "id" : "s3-t0",
      "begin" : 178,
      "end" : 180,
      "text" : "1º",
      "whiteSpace" : false
    }, {
      "id" : "s3-t1",
      "begin" : 181,
      "end" : 189,
      "text" : "Exonerar",
      "whiteSpace" : false
    }, {
      "id" : "s3-t2",
      "begin" : 189,
      "end" : 190,
      "text" : ",",
      "whiteSpace" : false
    }, {
      "id" : "s3-t3",
      "begin" : 191,
      "end" : 192,
      "text" : "a",
      "whiteSpace" : false
    }, {
      "id" : "s3-t4",
      "begin" : 193,
      "end" : 199,
      "text" : "pedido",
      "whiteSpace" : false
    }, {
      "id" : "s3-t5",
      "begin" : 199,
      "end" : 200,
      "text" : ",",
      "whiteSpace" : false
    }, {
      "id" : "s3-t6",
      "begin" : 201,
      "end" : 207,
      "text" : "ARYANA",
      "whiteSpace" : false
    }, {
      "id" : "s3-t7",
      "begin" : 208,
      "end" : 215,
      "text" : "ROMARIZ",
      "whiteSpace" : false
    }, {
      "id" : "s3-t8",
      "begin" : 216,
      "end" : 218,
      "text" : "DA",
      "whiteSpace" : false
    }, {
      "id" : "s3-t9",
      "begin" : 219,
      "end" : 224,
      "text" : "SILVA",
      "whiteSpace" : false
    }, {
      "id" : "s3-t10",
      "begin" : 225,
      "end" : 230,
      "text" : "FEIJÓ",
      "whiteSpace" : false
    }, {
      "id" : "s3-t11",
      "begin" : 230,
      "end" : 231,
      "text" : ",",
      "whiteSpace" : false
    }, {
      "id" : "s3-t12",
      "begin" : 232,
      "end" : 234,
      "text" : "do",
      "whiteSpace" : false
    }, {
      "id" : "s3-t13",
      "begin" : 235,
      "end" : 240,
      "text" : "cargo",
      "whiteSpace" : false
    }, {
      "id" : "s3-t14",
      "begin" : 241,
      "end" : 243,
      "text" : "em",
      "whiteSpace" : false
    }, {
      "id" : "s3-t15",
      "begin" : 244,
      "end" : 252,
      "text" : "comissão",
      "whiteSpace" : false
    }, {
      "id" : "s3-t16",
      "begin" : 253,
      "end" : 255,
      "text" : "de",
      "whiteSpace" : false
    }, {
      "id" : "s3-t17",
      "begin" : 256,
      "end" : 267,
      "text" : "Coordenador",
      "whiteSpace" : false
    }, {
      "id" : "s3-t18",
      "begin" : 268,
      "end" : 273,
      "text" : "Geral",
      "whiteSpace" : false
    }, {
      "id" : "s3-t19",
      "begin" : 273,
      "end" : 274,
      "text" : ",",
      "whiteSpace" : false
    }, {
      "id" : "s3-t20",
      "begin" : 275,
      "end" : 277,
      "text" : "da",
      "whiteSpace" : false
    }, {
      "id" : "s3-t21",
      "begin" : 278,
      "end" : 289,
      "text" : "Coordenador",
      "whiteSpace" : false
    }, {
      "id" : "s3-t22",
      "begin" : 290,
      "end" : 295,
      "text" : "Geral",
      "whiteSpace" : false
    }, {
      "id" : "s3-t23",
      "begin" : 296,
      "end" : 298,
      "text" : "de",
      "whiteSpace" : false
    }, {
      "id" : "s3-t24",
      "begin" : 299,
      "end" : 311,
      "text" : "Qualificação",
      "whiteSpace" : false
    }, {
      "id" : "s3-t25",
      "begin" : 312,
      "end" : 324,
      "text" : "Profissional",
      "whiteSpace" : false
    }, {
      "id" : "s3-t26",
      "begin" : 324,
      "end" : 325,
      "text" : ",",
      "whiteSpace" : false
    }, {
      "id" : "s3-t27",
      "begin" : 326,
      "end" : 333,
      "text" : "Símbolo",
      "whiteSpace" : false
    }, {
      "id" : "s3-t28",
      "begin" : 334,
      "end" : 339,
      "text" : "DAS-3",
      "whiteSpace" : false
    }, {
      "id" : "s3-t29",
      "begin" : 339,
      "end" : 340,
      "text" : ",",
      "whiteSpace" : false
    }, {
      "id" : "s3-t30",
      "begin" : 341,
      "end" : 344,
      "text" : "CPF",
      "whiteSpace" : false
    }, {
      "id" : "s3-t31",
      "begin" : 345,
      "end" : 346,
      "text" : "n",
      "whiteSpace" : false
    }, {
      "id" : "s3-t32",
      "begin" : 346,
      "end" : 347,
      "text" : "°",
      "whiteSpace" : false
    }, {
      "id" : "s3-t33",
      "begin" : 347,
      "end" : 348,
      "text" : ".",
      "whiteSpace" : false
    } ]
  }, {
    "id" : "s4",
    "begin" : 349,
    "end" : 502,
    "text" : "048.105.074-40, do(a) SECRETARIA MUNICIPAL DE TRABALHO, ABASTECIMENTO E ECONOMIA SOLIDÁRIA - SEMTABES, do Quadro de Pessoal do Poder Executivo Municipal.",
    "tokens" : [ {
      "id" : "s4-t0",
      "begin" : 349,
      "end" : 363,
      "text" : "048.105.074-40",
      "whiteSpace" : false
    }, {
      "id" : "s4-t1",
      "begin" : 363,
      "end" : 364,
      "text" : ",",
      "whiteSpace" : false
    }, {
      "id" : "s4-t2",
      "begin" : 365,
      "end" : 367,
      "text" : "do",
      "whiteSpace" : false
    }, {
      "id" : "s4-t3",
      "begin" : 367,
      "end" : 368,
      "text" : "(",
      "whiteSpace" : false
    }, {
      "id" : "s4-t4",
      "begin" : 368,
      "end" : 369,
      "text" : "a",
      "whiteSpace" : false
    }, {
      "id" : "s4-t5",
      "begin" : 369,
      "end" : 370,
      "text" : ")",
      "whiteSpace" : false
    }, {
      "id" : "s4-t6",
      "begin" : 371,
      "end" : 381,
      "text" : "SECRETARIA",
      "whiteSpace" : false
    }, {
      "id" : "s4-t7",
      "begin" : 382,
      "end" : 391,
      "text" : "MUNICIPAL",
      "whiteSpace" : false
    }, {
      "id" : "s4-t8",
      "begin" : 392,
      "end" : 394,
      "text" : "DE",
      "whiteSpace" : false
    }, {
      "id" : "s4-t9",
      "begin" : 395,
      "end" : 403,
      "text" : "TRABALHO",
      "whiteSpace" : false
    }, {
      "id" : "s4-t10",
      "begin" : 403,
      "end" : 404,
      "text" : ",",
      "whiteSpace" : false
    }, {
      "id" : "s4-t11",
      "begin" : 405,
      "end" : 418,
      "text" : "ABASTECIMENTO",
      "whiteSpace" : false
    }, {
      "id" : "s4-t12",
      "begin" : 419,
      "end" : 420,
      "text" : "E",
      "whiteSpace" : false
    }, {
      "id" : "s4-t13",
      "begin" : 421,
      "end" : 429,
      "text" : "ECONOMIA",
      "whiteSpace" : false
    }, {
      "id" : "s4-t14",
      "begin" : 430,
      "end" : 439,
      "text" : "SOLIDÁRIA",
      "whiteSpace" : false
    }, {
      "id" : "s4-t15",
      "begin" : 440,
      "end" : 441,
      "text" : "-",
      "whiteSpace" : false
    }, {
      "id" : "s4-t16",
      "begin" : 442,
      "end" : 450,
      "text" : "SEMTABES",
      "whiteSpace" : false
    }, {
      "id" : "s4-t17",
      "begin" : 450,
      "end" : 451,
      "text" : ",",
      "whiteSpace" : false
    }, {
      "id" : "s4-t18",
      "begin" : 452,
      "end" : 454,
      "text" : "do",
      "whiteSpace" : false
    }, {
      "id" : "s4-t19",
      "begin" : 455,
      "end" : 461,
      "text" : "Quadro",
      "whiteSpace" : false
    }, {
      "id" : "s4-t20",
      "begin" : 462,
      "end" : 464,
      "text" : "de",
      "whiteSpace" : false
    }, {
      "id" : "s4-t21",
      "begin" : 465,
      "end" : 472,
      "text" : "Pessoal",
      "whiteSpace" : false
    }, {
      "id" : "s4-t22",
      "begin" : 473,
      "end" : 475,
      "text" : "do",
      "whiteSpace" : false
    }, {
      "id" : "s4-t23",
      "begin" : 476,
      "end" : 481,
      "text" : "Poder",
      "whiteSpace" : false
    }, {
      "id" : "s4-t24",
      "begin" : 482,
      "end" : 491,
      "text" : "Executivo",
      "whiteSpace" : false
    }, {
      "id" : "s4-t25",
      "begin" : 492,
      "end" : 501,
      "text" : "Municipal",
      "whiteSpace" : false
    }, {
      "id" : "s4-t26",
      "begin" : 501,
      "end" : 502,
      "text" : ".",
      "whiteSpace" : false
    } ]
  }, {
    "id" : "s5",
    "begin" : 503,
    "end" : 507,
    "text" : "Art.",
    "tokens" : [ {
      "id" : "s5-t0",
      "begin" : 503,
      "end" : 506,
      "text" : "Art",
      "whiteSpace" : false
    }, {
      "id" : "s5-t1",
      "begin" : 506,
      "end" : 507,
      "text" : ".",
      "whiteSpace" : false
    } ]
  }, {
    "id" : "s6",
    "begin" : 508,
    "end" : 608,
    "text" : "2º Esta Portaria entra em vigor na data de sua publicação, revogando-se as disposições em contrário.",
    "tokens" : [ {
      "id" : "s6-t0",
      "begin" : 508,
      "end" : 510,
      "text" : "2º",
      "whiteSpace" : false
    }, {
      "id" : "s6-t1",
      "begin" : 511,
      "end" : 515,
      "text" : "Esta",
      "whiteSpace" : false
    }, {
      "id" : "s6-t2",
      "begin" : 516,
      "end" : 524,
      "text" : "Portaria",
      "whiteSpace" : false
    }, {
      "id" : "s6-t3",
      "begin" : 525,
      "end" : 530,
      "text" : "entra",
      "whiteSpace" : false
    }, {
      "id" : "s6-t4",
      "begin" : 531,
      "end" : 533,
      "text" : "em",
      "whiteSpace" : false
    }, {
      "id" : "s6-t5",
      "begin" : 534,
      "end" : 539,
      "text" : "vigor",
      "whiteSpace" : false
    }, {
      "id" : "s6-t6",
      "begin" : 540,
      "end" : 542,
      "text" : "na",
      "whiteSpace" : false
    }, {
      "id" : "s6-t7",
      "begin" : 543,
      "end" : 547,
      "text" : "data",
      "whiteSpace" : false
    }, {
      "id" : "s6-t8",
      "begin" : 548,
      "end" : 550,
      "text" : "de",
      "whiteSpace" : false
    }, {
      "id" : "s6-t9",
      "begin" : 551,
      "end" : 554,
      "text" : "sua",
      "whiteSpace" : false
    }, {
      "id" : "s6-t10",
      "begin" : 555,
      "end" : 565,
      "text" : "publicação",
      "whiteSpace" : false
    }, {
      "id" : "s6-t11",
      "begin" : 565,
      "end" : 566,
      "text" : ",",
      "whiteSpace" : false
    }, {
      "id" : "s6-t12",
      "begin" : 567,
      "end" : 579,
      "text" : "revogando-se",
      "whiteSpace" : false
    }, {
      "id" : "s6-t13",
      "begin" : 580,
      "end" : 582,
      "text" : "as",
      "whiteSpace" : false
    }, {
      "id" : "s6-t14",
      "begin" : 583,
      "end" : 594,
      "text" : "disposições",
      "whiteSpace" : false
    }, {
      "id" : "s6-t15",
      "begin" : 595,
      "end" : 597,
      "text" : "em",
      "whiteSpace" : false
    }, {
      "id" : "s6-t16",
      "begin" : 598,
      "end" : 607,
      "text" : "contrário",
      "whiteSpace" : false
    }, {
      "id" : "s6-t17",
      "begin" : 607,
      "end" : 608,
      "text" : ".",
      "whiteSpace" : false
    } ]
  }, {
    "id" : "s7",
    "begin" : 609,
    "end" : 801,
    "text" : "ANO XXV - Maceió/AL, Quinta-Feira, 06 de Janeiro de 2022 - Nº 6355 www.diariomunicipal.com.br/maceio 2 JHC Prefeito de Maceió Publicado por: Evandro José Cordeiro Código Identificador:70C06A0C",
    "tokens" : [ {
      "id" : "s7-t0",
      "begin" : 609,
      "end" : 612,
      "text" : "ANO",
      "whiteSpace" : false
    }, {
      "id" : "s7-t1",
      "begin" : 613,
      "end" : 616,
      "text" : "XXV",
      "whiteSpace" : false
    }, {
      "id" : "s7-t2",
      "begin" : 617,
      "end" : 618,
      "text" : "-",
      "whiteSpace" : false
    }, {
      "id" : "s7-t3",
      "begin" : 619,
      "end" : 625,
      "text" : "Maceió",
      "whiteSpace" : false
    }, {
      "id" : "s7-t4",
      "begin" : 625,
      "end" : 626,
      "text" : "/",
      "whiteSpace" : false
    }, {
      "id" : "s7-t5",
      "begin" : 626,
      "end" : 628,
      "text" : "AL",
      "whiteSpace" : false
    }, {
      "id" : "s7-t6",
      "begin" : 628,
      "end" : 629,
      "text" : ",",
      "whiteSpace" : false
    }, {
      "id" : "s7-t7",
      "begin" : 630,
      "end" : 636,
      "text" : "Quinta",
      "whiteSpace" : false
    }, {
      "id" : "s7-t8",
      "begin" : 636,
      "end" : 637,
      "text" : "-",
      "whiteSpace" : false
    }, {
      "id" : "s7-t9",
      "begin" : 637,
      "end" : 642,
      "text" : "Feira",
      "whiteSpace" : false
    }, {
      "id" : "s7-t10",
      "begin" : 642,
      "end" : 643,
      "text" : ",",
      "whiteSpace" : false
    }, {
      "id" : "s7-t11",
      "begin" : 644,
      "end" : 646,
      "text" : "06",
      "whiteSpace" : false
    }, {
      "id" : "s7-t12",
      "begin" : 647,
      "end" : 649,
      "text" : "de",
      "whiteSpace" : false
    }, {
      "id" : "s7-t13",
      "begin" : 650,
      "end" : 657,
      "text" : "Janeiro",
      "whiteSpace" : false
    }, {
      "id" : "s7-t14",
      "begin" : 658,
      "end" : 660,
      "text" : "de",
      "whiteSpace" : false
    }, {
      "id" : "s7-t15",
      "begin" : 661,
      "end" : 665,
      "text" : "2022",
      "whiteSpace" : false
    }, {
      "id" : "s7-t16",
      "begin" : 666,
      "end" : 667,
      "text" : "-",
      "whiteSpace" : false
    }, {
      "id" : "s7-t17",
      "begin" : 668,
      "end" : 670,
      "text" : "Nº",
      "whiteSpace" : false
    }, {
      "id" : "s7-t18",
      "begin" : 671,
      "end" : 675,
      "text" : "6355",
      "whiteSpace" : false
    }, {
      "id" : "s7-t19",
      "begin" : 676,
      "end" : 709,
      "text" : "www.diariomunicipal.com.br/maceio",
      "whiteSpace" : false
    }, {
      "id" : "s7-t20",
      "begin" : 710,
      "end" : 711,
      "text" : "2",
      "whiteSpace" : false
    }, {
      "id" : "s7-t21",
      "begin" : 712,
      "end" : 715,
      "text" : "JHC",
      "whiteSpace" : false
    }, {
      "id" : "s7-t22",
      "begin" : 716,
      "end" : 724,
      "text" : "Prefeito",
      "whiteSpace" : false
    }, {
      "id" : "s7-t23",
      "begin" : 725,
      "end" : 727,
      "text" : "de",
      "whiteSpace" : false
    }, {
      "id" : "s7-t24",
      "begin" : 728,
      "end" : 734,
      "text" : "Maceió",
      "whiteSpace" : false
    }, {
      "id" : "s7-t25",
      "begin" : 735,
      "end" : 744,
      "text" : "Publicado",
      "whiteSpace" : false
    }, {
      "id" : "s7-t26",
      "begin" : 745,
      "end" : 748,
      "text" : "por",
      "whiteSpace" : false
    }, {
      "id" : "s7-t27",
      "begin" : 748,
      "end" : 749,
      "text" : ":",
      "whiteSpace" : false
    }, {
      "id" : "s7-t28",
      "begin" : 750,
      "end" : 757,
      "text" : "Evandro",
      "whiteSpace" : false
    }, {
      "id" : "s7-t29",
      "begin" : 758,
      "end" : 762,
      "text" : "José",
      "whiteSpace" : false
    }, {
      "id" : "s7-t30",
      "begin" : 763,
      "end" : 771,
      "text" : "Cordeiro",
      "whiteSpace" : false
    }, {
      "id" : "s7-t31",
      "begin" : 772,
      "end" : 778,
      "text" : "Código",
      "whiteSpace" : false
    }, {
      "id" : "s7-t32",
      "begin" : 779,
      "end" : 792,
      "text" : "Identificador",
      "whiteSpace" : false
    }, {
      "id" : "s7-t33",
      "begin" : 792,
      "end" : 793,
      "text" : ":",
      "whiteSpace" : false
    }, {
      "id" : "s7-t34",
      "begin" : 793,
      "end" : 801,
      "text" : "70C06A0C",
      "whiteSpace" : false
    } ]
  } ],
  "mentions" : [ {
    "id" : "s1-m1",
    "properties" : {
      "SIRE_MENTION_ROLE" : "portaria",
      "SIRE_ENTITY_SUBTYPE" : "NONE",
      "SIRE_MENTION_TYPE" : "NONE",
      "SIRE_MENTION_CLASS" : "SPC"
    },
    "type" : "portaria",
    "begin" : 39,
    "end" : 43,
    "inCoref" : false
  }, {
    "id" : "s1-m2",
    "properties" : {
      "SIRE_MENTION_ROLE" : "dia",
      "SIRE_ENTITY_SUBTYPE" : "NONE",
      "SIRE_MENTION_TYPE" : "NONE",
      "SIRE_MENTION_CLASS" : "SPC"
    },
    "type" : "dia",
    "begin" : 55,
    "end" : 57,
    "inCoref" : false
  }, {
    "id" : "s1-m3",
    "properties" : {
      "SIRE_MENTION_ROLE" : "mes",
      "SIRE_ENTITY_SUBTYPE" : "NONE",
      "SIRE_MENTION_TYPE" : "NONE",
      "SIRE_MENTION_CLASS" : "SPC"
    },
    "type" : "mes",
    "begin" : 61,
    "end" : 68,
    "inCoref" : false
  }, {
    "id" : "s1-m4",
    "properties" : {
      "SIRE_MENTION_ROLE" : "ano",
      "SIRE_ENTITY_SUBTYPE" : "NONE",
      "SIRE_MENTION_TYPE" : "NONE",
      "SIRE_MENTION_CLASS" : "SPC"
    },
    "type" : "ano",
    "begin" : 72,
    "end" : 76,
    "inCoref" : false
  }, {
    "id" : "s3-m1",
    "properties" : {
      "SIRE_MENTION_ROLE" : "ato",
      "SIRE_ENTITY_SUBTYPE" : "NONE",
      "SIRE_MENTION_TYPE" : "NONE",
      "SIRE_MENTION_CLASS" : "SPC"
    },
    "type" : "ato",
    "begin" : 181,
    "end" : 189,
    "inCoref" : false
  }, {
    "id" : "s3-m2",
    "properties" : {
      "SIRE_MENTION_ROLE" : "nome",
      "SIRE_ENTITY_SUBTYPE" : "NONE",
      "SIRE_MENTION_TYPE" : "NONE",
      "SIRE_MENTION_CLASS" : "SPC"
    },
    "type" : "nome",
    "begin" : 201,
    "end" : 230,
    "inCoref" : false
  }, {
    "id" : "s3-m3",
    "properties" : {
      "SIRE_MENTION_ROLE" : "cargo",
      "SIRE_ENTITY_SUBTYPE" : "NONE",
      "SIRE_MENTION_TYPE" : "NONE",
      "SIRE_MENTION_CLASS" : "SPC"
    },
    "type" : "cargo",
    "begin" : 256,
    "end" : 273,
    "inCoref" : false
  } ],
  "relations" : [ ],
  "corefs" : [ ],
  "typeResolved" : true,
  "userResolved" : false
}