{
  "id" : "459c38b0-6fe6-11ec-8aab-63cd9c950ac0-5",
  "name" : "buffer_mcz_exo_06.txt",
  "createdDate" : 0,
  "version" : 3,
  "text" : "GABINETE DO PREFEITO - GP PORTARIA Nº. 3108 MACEIÓ/AL, 21 DE DEZEMBRO DE 2021. O PREFEITO DO MUNICÍPIO DE MACEIÓ, no uso de suas atribuições e prerrogativas legais, RESOLVE: Art. 1º Exonerar, a pedido, YASMINE SILVÉRIO SANTA CRUZ LIMA, do cargo em comissão de Assessor, Símbolo DAS-1, CPF n°. 100.222.994-40, do(a) SECRETARIA MUNICIPAL DE GESTÃO - SEMGE, do Quadro de Pessoal do Poder Executivo Municipal. Art. 2º Esta Portaria entra em vigor na data de sua publicação, revogando-se as disposições em contrário. JHC Prefeito de Maceió Publicado por: Evandro José Cordeiro Código Identificador:75FDCD87",
  "docLength" : 0,
  "language" : "PT",
  "status" : "IN_PROGRESS",
  "modifiedDate" : 1641581417679,
  "documentSet" : [ ],
  "preannotation" : [ ],
  "sentences" : [ {
    "id" : "s0",
    "begin" : 0,
    "end" : 38,
    "text" : "GABINETE DO PREFEITO - GP PORTARIA Nº.",
    "tokens" : [ {
      "id" : "s0-t0",
      "begin" : 0,
      "end" : 8,
      "text" : "GABINETE",
      "whiteSpace" : false
    }, {
      "id" : "s0-t1",
      "begin" : 9,
      "end" : 11,
      "text" : "DO",
      "whiteSpace" : false
    }, {
      "id" : "s0-t2",
      "begin" : 12,
      "end" : 20,
      "text" : "PREFEITO",
      "whiteSpace" : false
    }, {
      "id" : "s0-t3",
      "begin" : 21,
      "end" : 22,
      "text" : "-",
      "whiteSpace" : false
    }, {
      "id" : "s0-t4",
      "begin" : 23,
      "end" : 25,
      "text" : "GP",
      "whiteSpace" : false
    }, {
      "id" : "s0-t5",
      "begin" : 26,
      "end" : 34,
      "text" : "PORTARIA",
      "whiteSpace" : false
    }, {
      "id" : "s0-t6",
      "begin" : 35,
      "end" : 37,
      "text" : "Nº",
      "whiteSpace" : false
    }, {
      "id" : "s0-t7",
      "begin" : 37,
      "end" : 38,
      "text" : ".",
      "whiteSpace" : false
    } ]
  }, {
    "id" : "s1",
    "begin" : 39,
    "end" : 78,
    "text" : "3108 MACEIÓ/AL, 21 DE DEZEMBRO DE 2021.",
    "tokens" : [ {
      "id" : "s1-t0",
      "begin" : 39,
      "end" : 43,
      "text" : "3108",
      "whiteSpace" : false
    }, {
      "id" : "s1-t1",
      "begin" : 44,
      "end" : 50,
      "text" : "MACEIÓ",
      "whiteSpace" : false
    }, {
      "id" : "s1-t2",
      "begin" : 50,
      "end" : 51,
      "text" : "/",
      "whiteSpace" : false
    }, {
      "id" : "s1-t3",
      "begin" : 51,
      "end" : 53,
      "text" : "AL",
      "whiteSpace" : false
    }, {
      "id" : "s1-t4",
      "begin" : 53,
      "end" : 54,
      "text" : ",",
      "whiteSpace" : false
    }, {
      "id" : "s1-t5",
      "begin" : 55,
      "end" : 57,
      "text" : "21",
      "whiteSpace" : false
    }, {
      "id" : "s1-t6",
      "begin" : 58,
      "end" : 60,
      "text" : "DE",
      "whiteSpace" : false
    }, {
      "id" : "s1-t7",
      "begin" : 61,
      "end" : 69,
      "text" : "DEZEMBRO",
      "whiteSpace" : false
    }, {
      "id" : "s1-t8",
      "begin" : 70,
      "end" : 72,
      "text" : "DE",
      "whiteSpace" : false
    }, {
      "id" : "s1-t9",
      "begin" : 73,
      "end" : 77,
      "text" : "2021",
      "whiteSpace" : false
    }, {
      "id" : "s1-t10",
      "begin" : 77,
      "end" : 78,
      "text" : ".",
      "whiteSpace" : false
    } ]
  }, {
    "id" : "s2",
    "begin" : 79,
    "end" : 178,
    "text" : "O PREFEITO DO MUNICÍPIO DE MACEIÓ, no uso de suas atribuições e prerrogativas legais, RESOLVE: Art.",
    "tokens" : [ {
      "id" : "s2-t0",
      "begin" : 79,
      "end" : 80,
      "text" : "O",
      "whiteSpace" : false
    }, {
      "id" : "s2-t1",
      "begin" : 81,
      "end" : 89,
      "text" : "PREFEITO",
      "whiteSpace" : false
    }, {
      "id" : "s2-t2",
      "begin" : 90,
      "end" : 92,
      "text" : "DO",
      "whiteSpace" : false
    }, {
      "id" : "s2-t3",
      "begin" : 93,
      "end" : 102,
      "text" : "MUNICÍPIO",
      "whiteSpace" : false
    }, {
      "id" : "s2-t4",
      "begin" : 103,
      "end" : 105,
      "text" : "DE",
      "whiteSpace" : false
    }, {
      "id" : "s2-t5",
      "begin" : 106,
      "end" : 112,
      "text" : "MACEIÓ",
      "whiteSpace" : false
    }, {
      "id" : "s2-t6",
      "begin" : 112,
      "end" : 113,
      "text" : ",",
      "whiteSpace" : false
    }, {
      "id" : "s2-t7",
      "begin" : 114,
      "end" : 116,
      "text" : "no",
      "whiteSpace" : false
    }, {
      "id" : "s2-t8",
      "begin" : 117,
      "end" : 120,
      "text" : "uso",
      "whiteSpace" : false
    }, {
      "id" : "s2-t9",
      "begin" : 121,
      "end" : 123,
      "text" : "de",
      "whiteSpace" : false
    }, {
      "id" : "s2-t10",
      "begin" : 124,
      "end" : 128,
      "text" : "suas",
      "whiteSpace" : false
    }, {
      "id" : "s2-t11",
      "begin" : 129,
      "end" : 140,
      "text" : "atribuições",
      "whiteSpace" : false
    }, {
      "id" : "s2-t12",
      "begin" : 141,
      "end" : 142,
      "text" : "e",
      "whiteSpace" : false
    }, {
      "id" : "s2-t13",
      "begin" : 143,
      "end" : 156,
      "text" : "prerrogativas",
      "whiteSpace" : false
    }, {
      "id" : "s2-t14",
      "begin" : 157,
      "end" : 163,
      "text" : "legais",
      "whiteSpace" : false
    }, {
      "id" : "s2-t15",
      "begin" : 163,
      "end" : 164,
      "text" : ",",
      "whiteSpace" : false
    }, {
      "id" : "s2-t16",
      "begin" : 165,
      "end" : 172,
      "text" : "RESOLVE",
      "whiteSpace" : false
    }, {
      "id" : "s2-t17",
      "begin" : 172,
      "end" : 173,
      "text" : ":",
      "whiteSpace" : false
    }, {
      "id" : "s2-t18",
      "begin" : 174,
      "end" : 177,
      "text" : "Art",
      "whiteSpace" : false
    }, {
      "id" : "s2-t19",
      "begin" : 177,
      "end" : 178,
      "text" : ".",
      "whiteSpace" : false
    } ]
  }, {
    "id" : "s3",
    "begin" : 179,
    "end" : 292,
    "text" : "1º Exonerar, a pedido, YASMINE SILVÉRIO SANTA CRUZ LIMA, do cargo em comissão de Assessor, Símbolo DAS-1, CPF n°.",
    "tokens" : [ {
      "id" : "s3-t0",
      "begin" : 179,
      "end" : 181,
      "text" : "1º",
      "whiteSpace" : false
    }, {
      "id" : "s3-t1",
      "begin" : 182,
      "end" : 190,
      "text" : "Exonerar",
      "whiteSpace" : false
    }, {
      "id" : "s3-t2",
      "begin" : 190,
      "end" : 191,
      "text" : ",",
      "whiteSpace" : false
    }, {
      "id" : "s3-t3",
      "begin" : 192,
      "end" : 193,
      "text" : "a",
      "whiteSpace" : false
    }, {
      "id" : "s3-t4",
      "begin" : 194,
      "end" : 200,
      "text" : "pedido",
      "whiteSpace" : false
    }, {
      "id" : "s3-t5",
      "begin" : 200,
      "end" : 201,
      "text" : ",",
      "whiteSpace" : false
    }, {
      "id" : "s3-t6",
      "begin" : 202,
      "end" : 209,
      "text" : "YASMINE",
      "whiteSpace" : false
    }, {
      "id" : "s3-t7",
      "begin" : 210,
      "end" : 218,
      "text" : "SILVÉRIO",
      "whiteSpace" : false
    }, {
      "id" : "s3-t8",
      "begin" : 219,
      "end" : 224,
      "text" : "SANTA",
      "whiteSpace" : false
    }, {
      "id" : "s3-t9",
      "begin" : 225,
      "end" : 229,
      "text" : "CRUZ",
      "whiteSpace" : false
    }, {
      "id" : "s3-t10",
      "begin" : 230,
      "end" : 234,
      "text" : "LIMA",
      "whiteSpace" : false
    }, {
      "id" : "s3-t11",
      "begin" : 234,
      "end" : 235,
      "text" : ",",
      "whiteSpace" : false
    }, {
      "id" : "s3-t12",
      "begin" : 236,
      "end" : 238,
      "text" : "do",
      "whiteSpace" : false
    }, {
      "id" : "s3-t13",
      "begin" : 239,
      "end" : 244,
      "text" : "cargo",
      "whiteSpace" : false
    }, {
      "id" : "s3-t14",
      "begin" : 245,
      "end" : 247,
      "text" : "em",
      "whiteSpace" : false
    }, {
      "id" : "s3-t15",
      "begin" : 248,
      "end" : 256,
      "text" : "comissão",
      "whiteSpace" : false
    }, {
      "id" : "s3-t16",
      "begin" : 257,
      "end" : 259,
      "text" : "de",
      "whiteSpace" : false
    }, {
      "id" : "s3-t17",
      "begin" : 260,
      "end" : 268,
      "text" : "Assessor",
      "whiteSpace" : false
    }, {
      "id" : "s3-t18",
      "begin" : 268,
      "end" : 269,
      "text" : ",",
      "whiteSpace" : false
    }, {
      "id" : "s3-t19",
      "begin" : 270,
      "end" : 277,
      "text" : "Símbolo",
      "whiteSpace" : false
    }, {
      "id" : "s3-t20",
      "begin" : 278,
      "end" : 283,
      "text" : "DAS-1",
      "whiteSpace" : false
    }, {
      "id" : "s3-t21",
      "begin" : 283,
      "end" : 284,
      "text" : ",",
      "whiteSpace" : false
    }, {
      "id" : "s3-t22",
      "begin" : 285,
      "end" : 288,
      "text" : "CPF",
      "whiteSpace" : false
    }, {
      "id" : "s3-t23",
      "begin" : 289,
      "end" : 290,
      "text" : "n",
      "whiteSpace" : false
    }, {
      "id" : "s3-t24",
      "begin" : 290,
      "end" : 291,
      "text" : "°",
      "whiteSpace" : false
    }, {
      "id" : "s3-t25",
      "begin" : 291,
      "end" : 292,
      "text" : ".",
      "whiteSpace" : false
    } ]
  }, {
    "id" : "s4",
    "begin" : 293,
    "end" : 405,
    "text" : "100.222.994-40, do(a) SECRETARIA MUNICIPAL DE GESTÃO - SEMGE, do Quadro de Pessoal do Poder Executivo Municipal.",
    "tokens" : [ {
      "id" : "s4-t0",
      "begin" : 293,
      "end" : 307,
      "text" : "100.222.994-40",
      "whiteSpace" : false
    }, {
      "id" : "s4-t1",
      "begin" : 307,
      "end" : 308,
      "text" : ",",
      "whiteSpace" : false
    }, {
      "id" : "s4-t2",
      "begin" : 309,
      "end" : 311,
      "text" : "do",
      "whiteSpace" : false
    }, {
      "id" : "s4-t3",
      "begin" : 311,
      "end" : 312,
      "text" : "(",
      "whiteSpace" : false
    }, {
      "id" : "s4-t4",
      "begin" : 312,
      "end" : 313,
      "text" : "a",
      "whiteSpace" : false
    }, {
      "id" : "s4-t5",
      "begin" : 313,
      "end" : 314,
      "text" : ")",
      "whiteSpace" : false
    }, {
      "id" : "s4-t6",
      "begin" : 315,
      "end" : 325,
      "text" : "SECRETARIA",
      "whiteSpace" : false
    }, {
      "id" : "s4-t7",
      "begin" : 326,
      "end" : 335,
      "text" : "MUNICIPAL",
      "whiteSpace" : false
    }, {
      "id" : "s4-t8",
      "begin" : 336,
      "end" : 338,
      "text" : "DE",
      "whiteSpace" : false
    }, {
      "id" : "s4-t9",
      "begin" : 339,
      "end" : 345,
      "text" : "GESTÃO",
      "whiteSpace" : false
    }, {
      "id" : "s4-t10",
      "begin" : 346,
      "end" : 347,
      "text" : "-",
      "whiteSpace" : false
    }, {
      "id" : "s4-t11",
      "begin" : 348,
      "end" : 353,
      "text" : "SEMGE",
      "whiteSpace" : false
    }, {
      "id" : "s4-t12",
      "begin" : 353,
      "end" : 354,
      "text" : ",",
      "whiteSpace" : false
    }, {
      "id" : "s4-t13",
      "begin" : 355,
      "end" : 357,
      "text" : "do",
      "whiteSpace" : false
    }, {
      "id" : "s4-t14",
      "begin" : 358,
      "end" : 364,
      "text" : "Quadro",
      "whiteSpace" : false
    }, {
      "id" : "s4-t15",
      "begin" : 365,
      "end" : 367,
      "text" : "de",
      "whiteSpace" : false
    }, {
      "id" : "s4-t16",
      "begin" : 368,
      "end" : 375,
      "text" : "Pessoal",
      "whiteSpace" : false
    }, {
      "id" : "s4-t17",
      "begin" : 376,
      "end" : 378,
      "text" : "do",
      "whiteSpace" : false
    }, {
      "id" : "s4-t18",
      "begin" : 379,
      "end" : 384,
      "text" : "Poder",
      "whiteSpace" : false
    }, {
      "id" : "s4-t19",
      "begin" : 385,
      "end" : 394,
      "text" : "Executivo",
      "whiteSpace" : false
    }, {
      "id" : "s4-t20",
      "begin" : 395,
      "end" : 404,
      "text" : "Municipal",
      "whiteSpace" : false
    }, {
      "id" : "s4-t21",
      "begin" : 404,
      "end" : 405,
      "text" : ".",
      "whiteSpace" : false
    } ]
  }, {
    "id" : "s5",
    "begin" : 406,
    "end" : 410,
    "text" : "Art.",
    "tokens" : [ {
      "id" : "s5-t0",
      "begin" : 406,
      "end" : 409,
      "text" : "Art",
      "whiteSpace" : false
    }, {
      "id" : "s5-t1",
      "begin" : 409,
      "end" : 410,
      "text" : ".",
      "whiteSpace" : false
    } ]
  }, {
    "id" : "s6",
    "begin" : 411,
    "end" : 511,
    "text" : "2º Esta Portaria entra em vigor na data de sua publicação, revogando-se as disposições em contrário.",
    "tokens" : [ {
      "id" : "s6-t0",
      "begin" : 411,
      "end" : 413,
      "text" : "2º",
      "whiteSpace" : false
    }, {
      "id" : "s6-t1",
      "begin" : 414,
      "end" : 418,
      "text" : "Esta",
      "whiteSpace" : false
    }, {
      "id" : "s6-t2",
      "begin" : 419,
      "end" : 427,
      "text" : "Portaria",
      "whiteSpace" : false
    }, {
      "id" : "s6-t3",
      "begin" : 428,
      "end" : 433,
      "text" : "entra",
      "whiteSpace" : false
    }, {
      "id" : "s6-t4",
      "begin" : 434,
      "end" : 436,
      "text" : "em",
      "whiteSpace" : false
    }, {
      "id" : "s6-t5",
      "begin" : 437,
      "end" : 442,
      "text" : "vigor",
      "whiteSpace" : false
    }, {
      "id" : "s6-t6",
      "begin" : 443,
      "end" : 445,
      "text" : "na",
      "whiteSpace" : false
    }, {
      "id" : "s6-t7",
      "begin" : 446,
      "end" : 450,
      "text" : "data",
      "whiteSpace" : false
    }, {
      "id" : "s6-t8",
      "begin" : 451,
      "end" : 453,
      "text" : "de",
      "whiteSpace" : false
    }, {
      "id" : "s6-t9",
      "begin" : 454,
      "end" : 457,
      "text" : "sua",
      "whiteSpace" : false
    }, {
      "id" : "s6-t10",
      "begin" : 458,
      "end" : 468,
      "text" : "publicação",
      "whiteSpace" : false
    }, {
      "id" : "s6-t11",
      "begin" : 468,
      "end" : 469,
      "text" : ",",
      "whiteSpace" : false
    }, {
      "id" : "s6-t12",
      "begin" : 470,
      "end" : 482,
      "text" : "revogando-se",
      "whiteSpace" : false
    }, {
      "id" : "s6-t13",
      "begin" : 483,
      "end" : 485,
      "text" : "as",
      "whiteSpace" : false
    }, {
      "id" : "s6-t14",
      "begin" : 486,
      "end" : 497,
      "text" : "disposições",
      "whiteSpace" : false
    }, {
      "id" : "s6-t15",
      "begin" : 498,
      "end" : 500,
      "text" : "em",
      "whiteSpace" : false
    }, {
      "id" : "s6-t16",
      "begin" : 501,
      "end" : 510,
      "text" : "contrário",
      "whiteSpace" : false
    }, {
      "id" : "s6-t17",
      "begin" : 510,
      "end" : 511,
      "text" : ".",
      "whiteSpace" : false
    } ]
  }, {
    "id" : "s7",
    "begin" : 512,
    "end" : 601,
    "text" : "JHC Prefeito de Maceió Publicado por: Evandro José Cordeiro Código Identificador:75FDCD87",
    "tokens" : [ {
      "id" : "s7-t0",
      "begin" : 512,
      "end" : 515,
      "text" : "JHC",
      "whiteSpace" : false
    }, {
      "id" : "s7-t1",
      "begin" : 516,
      "end" : 524,
      "text" : "Prefeito",
      "whiteSpace" : false
    }, {
      "id" : "s7-t2",
      "begin" : 525,
      "end" : 527,
      "text" : "de",
      "whiteSpace" : false
    }, {
      "id" : "s7-t3",
      "begin" : 528,
      "end" : 534,
      "text" : "Maceió",
      "whiteSpace" : false
    }, {
      "id" : "s7-t4",
      "begin" : 535,
      "end" : 544,
      "text" : "Publicado",
      "whiteSpace" : false
    }, {
      "id" : "s7-t5",
      "begin" : 545,
      "end" : 548,
      "text" : "por",
      "whiteSpace" : false
    }, {
      "id" : "s7-t6",
      "begin" : 548,
      "end" : 549,
      "text" : ":",
      "whiteSpace" : false
    }, {
      "id" : "s7-t7",
      "begin" : 550,
      "end" : 557,
      "text" : "Evandro",
      "whiteSpace" : false
    }, {
      "id" : "s7-t8",
      "begin" : 558,
      "end" : 562,
      "text" : "José",
      "whiteSpace" : false
    }, {
      "id" : "s7-t9",
      "begin" : 563,
      "end" : 571,
      "text" : "Cordeiro",
      "whiteSpace" : false
    }, {
      "id" : "s7-t10",
      "begin" : 572,
      "end" : 578,
      "text" : "Código",
      "whiteSpace" : false
    }, {
      "id" : "s7-t11",
      "begin" : 579,
      "end" : 592,
      "text" : "Identificador",
      "whiteSpace" : false
    }, {
      "id" : "s7-t12",
      "begin" : 592,
      "end" : 593,
      "text" : ":",
      "whiteSpace" : false
    }, {
      "id" : "s7-t13",
      "begin" : 593,
      "end" : 601,
      "text" : "75FDCD87",
      "whiteSpace" : false
    } ]
  } ],
  "mentions" : [ {
    "id" : "s1-m1",
    "properties" : {
      "SIRE_MENTION_ROLE" : "portaria",
      "SIRE_ENTITY_SUBTYPE" : "NONE",
      "SIRE_MENTION_TYPE" : "NONE",
      "SIRE_MENTION_CLASS" : "SPC"
    },
    "type" : "portaria",
    "begin" : 39,
    "end" : 43,
    "inCoref" : false
  }, {
    "id" : "s1-m2",
    "properties" : {
      "SIRE_MENTION_ROLE" : "dia",
      "SIRE_ENTITY_SUBTYPE" : "NONE",
      "SIRE_MENTION_TYPE" : "NONE",
      "SIRE_MENTION_CLASS" : "SPC"
    },
    "type" : "dia",
    "begin" : 55,
    "end" : 57,
    "inCoref" : false
  }, {
    "id" : "s1-m3",
    "properties" : {
      "SIRE_MENTION_ROLE" : "mes",
      "SIRE_ENTITY_SUBTYPE" : "NONE",
      "SIRE_MENTION_TYPE" : "NONE",
      "SIRE_MENTION_CLASS" : "SPC"
    },
    "type" : "mes",
    "begin" : 61,
    "end" : 69,
    "inCoref" : false
  }, {
    "id" : "s1-m4",
    "properties" : {
      "SIRE_MENTION_ROLE" : "ano",
      "SIRE_ENTITY_SUBTYPE" : "NONE",
      "SIRE_MENTION_TYPE" : "NONE",
      "SIRE_MENTION_CLASS" : "SPC"
    },
    "type" : "ano",
    "begin" : 73,
    "end" : 77,
    "inCoref" : false
  }, {
    "id" : "s3-m1",
    "properties" : {
      "SIRE_MENTION_ROLE" : "ato",
      "SIRE_ENTITY_SUBTYPE" : "NONE",
      "SIRE_MENTION_TYPE" : "NONE",
      "SIRE_MENTION_CLASS" : "SPC"
    },
    "type" : "ato",
    "begin" : 182,
    "end" : 190,
    "inCoref" : false
  }, {
    "id" : "s3-m2",
    "properties" : {
      "SIRE_MENTION_ROLE" : "nome",
      "SIRE_ENTITY_SUBTYPE" : "NONE",
      "SIRE_MENTION_TYPE" : "NONE",
      "SIRE_MENTION_CLASS" : "SPC"
    },
    "type" : "nome",
    "begin" : 202,
    "end" : 234,
    "inCoref" : false
  }, {
    "id" : "s3-m3",
    "properties" : {
      "SIRE_MENTION_ROLE" : "cargo",
      "SIRE_ENTITY_SUBTYPE" : "NONE",
      "SIRE_MENTION_TYPE" : "NONE",
      "SIRE_MENTION_CLASS" : "SPC"
    },
    "type" : "cargo",
    "begin" : 260,
    "end" : 268,
    "inCoref" : false
  } ],
  "relations" : [ ],
  "corefs" : [ ],
  "typeResolved" : true,
  "userResolved" : false
}