{
  "id" : "459c38b0-6fe6-11ec-8aab-63cd9c950ac0-6",
  "name" : "buffer_mcz_exo_07.txt",
  "createdDate" : 0,
  "version" : 3,
  "text" : "GABINETE DO PREFEITO - GP PORTARIA Nº. 3109 MACEIÓ/AL, 21 DE DEZEMBRO DE 2021. O PREFEITO DO MUNICÍPIO DE MACEIÓ, no uso de suas atribuições e prerrogativas legais, RESOLVE: Art. 1º Exonerar, a pedido, MARIA JOSÉ MARTINS DOS SANTOS, do cargo em comissão de Assessor Técnico, Símbolo DAS-2, CPF n°. 348.972.754-15, do(a) SECRETARIA MUNICIPAL DE SAÚDE - SMS, do Quadro de Pessoal do Poder Executivo Municipal. Art. 2º Esta Portaria entra em vigor na data de sua publicação, revogando-se as disposições em contrário. JHC Prefeito de Maceió ANO XXIV - Maceió/AL, Quarta-Feira, 22 de Dezembro de 2021 - Nº 6345 www.diariomunicipal.com.br/maceio 2 Publicado por: Evandro José Cordeiro Código Identificador:0369A900",
  "docLength" : 0,
  "language" : "PT",
  "status" : "IN_PROGRESS",
  "modifiedDate" : 1641581463096,
  "documentSet" : [ ],
  "preannotation" : [ ],
  "sentences" : [ {
    "id" : "s0",
    "begin" : 0,
    "end" : 38,
    "text" : "GABINETE DO PREFEITO - GP PORTARIA Nº.",
    "tokens" : [ {
      "id" : "s0-t0",
      "begin" : 0,
      "end" : 8,
      "text" : "GABINETE",
      "whiteSpace" : false
    }, {
      "id" : "s0-t1",
      "begin" : 9,
      "end" : 11,
      "text" : "DO",
      "whiteSpace" : false
    }, {
      "id" : "s0-t2",
      "begin" : 12,
      "end" : 20,
      "text" : "PREFEITO",
      "whiteSpace" : false
    }, {
      "id" : "s0-t3",
      "begin" : 21,
      "end" : 22,
      "text" : "-",
      "whiteSpace" : false
    }, {
      "id" : "s0-t4",
      "begin" : 23,
      "end" : 25,
      "text" : "GP",
      "whiteSpace" : false
    }, {
      "id" : "s0-t5",
      "begin" : 26,
      "end" : 34,
      "text" : "PORTARIA",
      "whiteSpace" : false
    }, {
      "id" : "s0-t6",
      "begin" : 35,
      "end" : 37,
      "text" : "Nº",
      "whiteSpace" : false
    }, {
      "id" : "s0-t7",
      "begin" : 37,
      "end" : 38,
      "text" : ".",
      "whiteSpace" : false
    } ]
  }, {
    "id" : "s1",
    "begin" : 39,
    "end" : 78,
    "text" : "3109 MACEIÓ/AL, 21 DE DEZEMBRO DE 2021.",
    "tokens" : [ {
      "id" : "s1-t0",
      "begin" : 39,
      "end" : 43,
      "text" : "3109",
      "whiteSpace" : false
    }, {
      "id" : "s1-t1",
      "begin" : 44,
      "end" : 50,
      "text" : "MACEIÓ",
      "whiteSpace" : false
    }, {
      "id" : "s1-t2",
      "begin" : 50,
      "end" : 51,
      "text" : "/",
      "whiteSpace" : false
    }, {
      "id" : "s1-t3",
      "begin" : 51,
      "end" : 53,
      "text" : "AL",
      "whiteSpace" : false
    }, {
      "id" : "s1-t4",
      "begin" : 53,
      "end" : 54,
      "text" : ",",
      "whiteSpace" : false
    }, {
      "id" : "s1-t5",
      "begin" : 55,
      "end" : 57,
      "text" : "21",
      "whiteSpace" : false
    }, {
      "id" : "s1-t6",
      "begin" : 58,
      "end" : 60,
      "text" : "DE",
      "whiteSpace" : false
    }, {
      "id" : "s1-t7",
      "begin" : 61,
      "end" : 69,
      "text" : "DEZEMBRO",
      "whiteSpace" : false
    }, {
      "id" : "s1-t8",
      "begin" : 70,
      "end" : 72,
      "text" : "DE",
      "whiteSpace" : false
    }, {
      "id" : "s1-t9",
      "begin" : 73,
      "end" : 77,
      "text" : "2021",
      "whiteSpace" : false
    }, {
      "id" : "s1-t10",
      "begin" : 77,
      "end" : 78,
      "text" : ".",
      "whiteSpace" : false
    } ]
  }, {
    "id" : "s2",
    "begin" : 79,
    "end" : 178,
    "text" : "O PREFEITO DO MUNICÍPIO DE MACEIÓ, no uso de suas atribuições e prerrogativas legais, RESOLVE: Art.",
    "tokens" : [ {
      "id" : "s2-t0",
      "begin" : 79,
      "end" : 80,
      "text" : "O",
      "whiteSpace" : false
    }, {
      "id" : "s2-t1",
      "begin" : 81,
      "end" : 89,
      "text" : "PREFEITO",
      "whiteSpace" : false
    }, {
      "id" : "s2-t2",
      "begin" : 90,
      "end" : 92,
      "text" : "DO",
      "whiteSpace" : false
    }, {
      "id" : "s2-t3",
      "begin" : 93,
      "end" : 102,
      "text" : "MUNICÍPIO",
      "whiteSpace" : false
    }, {
      "id" : "s2-t4",
      "begin" : 103,
      "end" : 105,
      "text" : "DE",
      "whiteSpace" : false
    }, {
      "id" : "s2-t5",
      "begin" : 106,
      "end" : 112,
      "text" : "MACEIÓ",
      "whiteSpace" : false
    }, {
      "id" : "s2-t6",
      "begin" : 112,
      "end" : 113,
      "text" : ",",
      "whiteSpace" : false
    }, {
      "id" : "s2-t7",
      "begin" : 114,
      "end" : 116,
      "text" : "no",
      "whiteSpace" : false
    }, {
      "id" : "s2-t8",
      "begin" : 117,
      "end" : 120,
      "text" : "uso",
      "whiteSpace" : false
    }, {
      "id" : "s2-t9",
      "begin" : 121,
      "end" : 123,
      "text" : "de",
      "whiteSpace" : false
    }, {
      "id" : "s2-t10",
      "begin" : 124,
      "end" : 128,
      "text" : "suas",
      "whiteSpace" : false
    }, {
      "id" : "s2-t11",
      "begin" : 129,
      "end" : 140,
      "text" : "atribuições",
      "whiteSpace" : false
    }, {
      "id" : "s2-t12",
      "begin" : 141,
      "end" : 142,
      "text" : "e",
      "whiteSpace" : false
    }, {
      "id" : "s2-t13",
      "begin" : 143,
      "end" : 156,
      "text" : "prerrogativas",
      "whiteSpace" : false
    }, {
      "id" : "s2-t14",
      "begin" : 157,
      "end" : 163,
      "text" : "legais",
      "whiteSpace" : false
    }, {
      "id" : "s2-t15",
      "begin" : 163,
      "end" : 164,
      "text" : ",",
      "whiteSpace" : false
    }, {
      "id" : "s2-t16",
      "begin" : 165,
      "end" : 172,
      "text" : "RESOLVE",
      "whiteSpace" : false
    }, {
      "id" : "s2-t17",
      "begin" : 172,
      "end" : 173,
      "text" : ":",
      "whiteSpace" : false
    }, {
      "id" : "s2-t18",
      "begin" : 174,
      "end" : 177,
      "text" : "Art",
      "whiteSpace" : false
    }, {
      "id" : "s2-t19",
      "begin" : 177,
      "end" : 178,
      "text" : ".",
      "whiteSpace" : false
    } ]
  }, {
    "id" : "s3",
    "begin" : 179,
    "end" : 297,
    "text" : "1º Exonerar, a pedido, MARIA JOSÉ MARTINS DOS SANTOS, do cargo em comissão de Assessor Técnico, Símbolo DAS-2, CPF n°.",
    "tokens" : [ {
      "id" : "s3-t0",
      "begin" : 179,
      "end" : 181,
      "text" : "1º",
      "whiteSpace" : false
    }, {
      "id" : "s3-t1",
      "begin" : 182,
      "end" : 190,
      "text" : "Exonerar",
      "whiteSpace" : false
    }, {
      "id" : "s3-t2",
      "begin" : 190,
      "end" : 191,
      "text" : ",",
      "whiteSpace" : false
    }, {
      "id" : "s3-t3",
      "begin" : 192,
      "end" : 193,
      "text" : "a",
      "whiteSpace" : false
    }, {
      "id" : "s3-t4",
      "begin" : 194,
      "end" : 200,
      "text" : "pedido",
      "whiteSpace" : false
    }, {
      "id" : "s3-t5",
      "begin" : 200,
      "end" : 201,
      "text" : ",",
      "whiteSpace" : false
    }, {
      "id" : "s3-t6",
      "begin" : 202,
      "end" : 207,
      "text" : "MARIA",
      "whiteSpace" : false
    }, {
      "id" : "s3-t7",
      "begin" : 208,
      "end" : 212,
      "text" : "JOSÉ",
      "whiteSpace" : false
    }, {
      "id" : "s3-t8",
      "begin" : 213,
      "end" : 220,
      "text" : "MARTINS",
      "whiteSpace" : false
    }, {
      "id" : "s3-t9",
      "begin" : 221,
      "end" : 224,
      "text" : "DOS",
      "whiteSpace" : false
    }, {
      "id" : "s3-t10",
      "begin" : 225,
      "end" : 231,
      "text" : "SANTOS",
      "whiteSpace" : false
    }, {
      "id" : "s3-t11",
      "begin" : 231,
      "end" : 232,
      "text" : ",",
      "whiteSpace" : false
    }, {
      "id" : "s3-t12",
      "begin" : 233,
      "end" : 235,
      "text" : "do",
      "whiteSpace" : false
    }, {
      "id" : "s3-t13",
      "begin" : 236,
      "end" : 241,
      "text" : "cargo",
      "whiteSpace" : false
    }, {
      "id" : "s3-t14",
      "begin" : 242,
      "end" : 244,
      "text" : "em",
      "whiteSpace" : false
    }, {
      "id" : "s3-t15",
      "begin" : 245,
      "end" : 253,
      "text" : "comissão",
      "whiteSpace" : false
    }, {
      "id" : "s3-t16",
      "begin" : 254,
      "end" : 256,
      "text" : "de",
      "whiteSpace" : false
    }, {
      "id" : "s3-t17",
      "begin" : 257,
      "end" : 265,
      "text" : "Assessor",
      "whiteSpace" : false
    }, {
      "id" : "s3-t18",
      "begin" : 266,
      "end" : 273,
      "text" : "Técnico",
      "whiteSpace" : false
    }, {
      "id" : "s3-t19",
      "begin" : 273,
      "end" : 274,
      "text" : ",",
      "whiteSpace" : false
    }, {
      "id" : "s3-t20",
      "begin" : 275,
      "end" : 282,
      "text" : "Símbolo",
      "whiteSpace" : false
    }, {
      "id" : "s3-t21",
      "begin" : 283,
      "end" : 288,
      "text" : "DAS-2",
      "whiteSpace" : false
    }, {
      "id" : "s3-t22",
      "begin" : 288,
      "end" : 289,
      "text" : ",",
      "whiteSpace" : false
    }, {
      "id" : "s3-t23",
      "begin" : 290,
      "end" : 293,
      "text" : "CPF",
      "whiteSpace" : false
    }, {
      "id" : "s3-t24",
      "begin" : 294,
      "end" : 295,
      "text" : "n",
      "whiteSpace" : false
    }, {
      "id" : "s3-t25",
      "begin" : 295,
      "end" : 296,
      "text" : "°",
      "whiteSpace" : false
    }, {
      "id" : "s3-t26",
      "begin" : 296,
      "end" : 297,
      "text" : ".",
      "whiteSpace" : false
    } ]
  }, {
    "id" : "s4",
    "begin" : 298,
    "end" : 407,
    "text" : "348.972.754-15, do(a) SECRETARIA MUNICIPAL DE SAÚDE - SMS, do Quadro de Pessoal do Poder Executivo Municipal.",
    "tokens" : [ {
      "id" : "s4-t0",
      "begin" : 298,
      "end" : 312,
      "text" : "348.972.754-15",
      "whiteSpace" : false
    }, {
      "id" : "s4-t1",
      "begin" : 312,
      "end" : 313,
      "text" : ",",
      "whiteSpace" : false
    }, {
      "id" : "s4-t2",
      "begin" : 314,
      "end" : 316,
      "text" : "do",
      "whiteSpace" : false
    }, {
      "id" : "s4-t3",
      "begin" : 316,
      "end" : 317,
      "text" : "(",
      "whiteSpace" : false
    }, {
      "id" : "s4-t4",
      "begin" : 317,
      "end" : 318,
      "text" : "a",
      "whiteSpace" : false
    }, {
      "id" : "s4-t5",
      "begin" : 318,
      "end" : 319,
      "text" : ")",
      "whiteSpace" : false
    }, {
      "id" : "s4-t6",
      "begin" : 320,
      "end" : 330,
      "text" : "SECRETARIA",
      "whiteSpace" : false
    }, {
      "id" : "s4-t7",
      "begin" : 331,
      "end" : 340,
      "text" : "MUNICIPAL",
      "whiteSpace" : false
    }, {
      "id" : "s4-t8",
      "begin" : 341,
      "end" : 343,
      "text" : "DE",
      "whiteSpace" : false
    }, {
      "id" : "s4-t9",
      "begin" : 344,
      "end" : 349,
      "text" : "SAÚDE",
      "whiteSpace" : false
    }, {
      "id" : "s4-t10",
      "begin" : 350,
      "end" : 351,
      "text" : "-",
      "whiteSpace" : false
    }, {
      "id" : "s4-t11",
      "begin" : 352,
      "end" : 355,
      "text" : "SMS",
      "whiteSpace" : false
    }, {
      "id" : "s4-t12",
      "begin" : 355,
      "end" : 356,
      "text" : ",",
      "whiteSpace" : false
    }, {
      "id" : "s4-t13",
      "begin" : 357,
      "end" : 359,
      "text" : "do",
      "whiteSpace" : false
    }, {
      "id" : "s4-t14",
      "begin" : 360,
      "end" : 366,
      "text" : "Quadro",
      "whiteSpace" : false
    }, {
      "id" : "s4-t15",
      "begin" : 367,
      "end" : 369,
      "text" : "de",
      "whiteSpace" : false
    }, {
      "id" : "s4-t16",
      "begin" : 370,
      "end" : 377,
      "text" : "Pessoal",
      "whiteSpace" : false
    }, {
      "id" : "s4-t17",
      "begin" : 378,
      "end" : 380,
      "text" : "do",
      "whiteSpace" : false
    }, {
      "id" : "s4-t18",
      "begin" : 381,
      "end" : 386,
      "text" : "Poder",
      "whiteSpace" : false
    }, {
      "id" : "s4-t19",
      "begin" : 387,
      "end" : 396,
      "text" : "Executivo",
      "whiteSpace" : false
    }, {
      "id" : "s4-t20",
      "begin" : 397,
      "end" : 406,
      "text" : "Municipal",
      "whiteSpace" : false
    }, {
      "id" : "s4-t21",
      "begin" : 406,
      "end" : 407,
      "text" : ".",
      "whiteSpace" : false
    } ]
  }, {
    "id" : "s5",
    "begin" : 408,
    "end" : 412,
    "text" : "Art.",
    "tokens" : [ {
      "id" : "s5-t0",
      "begin" : 408,
      "end" : 411,
      "text" : "Art",
      "whiteSpace" : false
    }, {
      "id" : "s5-t1",
      "begin" : 411,
      "end" : 412,
      "text" : ".",
      "whiteSpace" : false
    } ]
  }, {
    "id" : "s6",
    "begin" : 413,
    "end" : 513,
    "text" : "2º Esta Portaria entra em vigor na data de sua publicação, revogando-se as disposições em contrário.",
    "tokens" : [ {
      "id" : "s6-t0",
      "begin" : 413,
      "end" : 415,
      "text" : "2º",
      "whiteSpace" : false
    }, {
      "id" : "s6-t1",
      "begin" : 416,
      "end" : 420,
      "text" : "Esta",
      "whiteSpace" : false
    }, {
      "id" : "s6-t2",
      "begin" : 421,
      "end" : 429,
      "text" : "Portaria",
      "whiteSpace" : false
    }, {
      "id" : "s6-t3",
      "begin" : 430,
      "end" : 435,
      "text" : "entra",
      "whiteSpace" : false
    }, {
      "id" : "s6-t4",
      "begin" : 436,
      "end" : 438,
      "text" : "em",
      "whiteSpace" : false
    }, {
      "id" : "s6-t5",
      "begin" : 439,
      "end" : 444,
      "text" : "vigor",
      "whiteSpace" : false
    }, {
      "id" : "s6-t6",
      "begin" : 445,
      "end" : 447,
      "text" : "na",
      "whiteSpace" : false
    }, {
      "id" : "s6-t7",
      "begin" : 448,
      "end" : 452,
      "text" : "data",
      "whiteSpace" : false
    }, {
      "id" : "s6-t8",
      "begin" : 453,
      "end" : 455,
      "text" : "de",
      "whiteSpace" : false
    }, {
      "id" : "s6-t9",
      "begin" : 456,
      "end" : 459,
      "text" : "sua",
      "whiteSpace" : false
    }, {
      "id" : "s6-t10",
      "begin" : 460,
      "end" : 470,
      "text" : "publicação",
      "whiteSpace" : false
    }, {
      "id" : "s6-t11",
      "begin" : 470,
      "end" : 471,
      "text" : ",",
      "whiteSpace" : false
    }, {
      "id" : "s6-t12",
      "begin" : 472,
      "end" : 484,
      "text" : "revogando-se",
      "whiteSpace" : false
    }, {
      "id" : "s6-t13",
      "begin" : 485,
      "end" : 487,
      "text" : "as",
      "whiteSpace" : false
    }, {
      "id" : "s6-t14",
      "begin" : 488,
      "end" : 499,
      "text" : "disposições",
      "whiteSpace" : false
    }, {
      "id" : "s6-t15",
      "begin" : 500,
      "end" : 502,
      "text" : "em",
      "whiteSpace" : false
    }, {
      "id" : "s6-t16",
      "begin" : 503,
      "end" : 512,
      "text" : "contrário",
      "whiteSpace" : false
    }, {
      "id" : "s6-t17",
      "begin" : 512,
      "end" : 513,
      "text" : ".",
      "whiteSpace" : false
    } ]
  }, {
    "id" : "s7",
    "begin" : 514,
    "end" : 708,
    "text" : "JHC Prefeito de Maceió ANO XXIV - Maceió/AL, Quarta-Feira, 22 de Dezembro de 2021 - Nº 6345 www.diariomunicipal.com.br/maceio 2 Publicado por: Evandro José Cordeiro Código Identificador:0369A900",
    "tokens" : [ {
      "id" : "s7-t0",
      "begin" : 514,
      "end" : 517,
      "text" : "JHC",
      "whiteSpace" : false
    }, {
      "id" : "s7-t1",
      "begin" : 518,
      "end" : 526,
      "text" : "Prefeito",
      "whiteSpace" : false
    }, {
      "id" : "s7-t2",
      "begin" : 527,
      "end" : 529,
      "text" : "de",
      "whiteSpace" : false
    }, {
      "id" : "s7-t3",
      "begin" : 530,
      "end" : 536,
      "text" : "Maceió",
      "whiteSpace" : false
    }, {
      "id" : "s7-t4",
      "begin" : 537,
      "end" : 540,
      "text" : "ANO",
      "whiteSpace" : false
    }, {
      "id" : "s7-t5",
      "begin" : 541,
      "end" : 545,
      "text" : "XXIV",
      "whiteSpace" : false
    }, {
      "id" : "s7-t6",
      "begin" : 546,
      "end" : 547,
      "text" : "-",
      "whiteSpace" : false
    }, {
      "id" : "s7-t7",
      "begin" : 548,
      "end" : 554,
      "text" : "Maceió",
      "whiteSpace" : false
    }, {
      "id" : "s7-t8",
      "begin" : 554,
      "end" : 555,
      "text" : "/",
      "whiteSpace" : false
    }, {
      "id" : "s7-t9",
      "begin" : 555,
      "end" : 557,
      "text" : "AL",
      "whiteSpace" : false
    }, {
      "id" : "s7-t10",
      "begin" : 557,
      "end" : 558,
      "text" : ",",
      "whiteSpace" : false
    }, {
      "id" : "s7-t11",
      "begin" : 559,
      "end" : 571,
      "text" : "Quarta-Feira",
      "whiteSpace" : false
    }, {
      "id" : "s7-t12",
      "begin" : 571,
      "end" : 572,
      "text" : ",",
      "whiteSpace" : false
    }, {
      "id" : "s7-t13",
      "begin" : 573,
      "end" : 575,
      "text" : "22",
      "whiteSpace" : false
    }, {
      "id" : "s7-t14",
      "begin" : 576,
      "end" : 578,
      "text" : "de",
      "whiteSpace" : false
    }, {
      "id" : "s7-t15",
      "begin" : 579,
      "end" : 587,
      "text" : "Dezembro",
      "whiteSpace" : false
    }, {
      "id" : "s7-t16",
      "begin" : 588,
      "end" : 590,
      "text" : "de",
      "whiteSpace" : false
    }, {
      "id" : "s7-t17",
      "begin" : 591,
      "end" : 595,
      "text" : "2021",
      "whiteSpace" : false
    }, {
      "id" : "s7-t18",
      "begin" : 596,
      "end" : 597,
      "text" : "-",
      "whiteSpace" : false
    }, {
      "id" : "s7-t19",
      "begin" : 598,
      "end" : 600,
      "text" : "Nº",
      "whiteSpace" : false
    }, {
      "id" : "s7-t20",
      "begin" : 601,
      "end" : 605,
      "text" : "6345",
      "whiteSpace" : false
    }, {
      "id" : "s7-t21",
      "begin" : 606,
      "end" : 639,
      "text" : "www.diariomunicipal.com.br/maceio",
      "whiteSpace" : false
    }, {
      "id" : "s7-t22",
      "begin" : 640,
      "end" : 641,
      "text" : "2",
      "whiteSpace" : false
    }, {
      "id" : "s7-t23",
      "begin" : 642,
      "end" : 651,
      "text" : "Publicado",
      "whiteSpace" : false
    }, {
      "id" : "s7-t24",
      "begin" : 652,
      "end" : 655,
      "text" : "por",
      "whiteSpace" : false
    }, {
      "id" : "s7-t25",
      "begin" : 655,
      "end" : 656,
      "text" : ":",
      "whiteSpace" : false
    }, {
      "id" : "s7-t26",
      "begin" : 657,
      "end" : 664,
      "text" : "Evandro",
      "whiteSpace" : false
    }, {
      "id" : "s7-t27",
      "begin" : 665,
      "end" : 669,
      "text" : "José",
      "whiteSpace" : false
    }, {
      "id" : "s7-t28",
      "begin" : 670,
      "end" : 678,
      "text" : "Cordeiro",
      "whiteSpace" : false
    }, {
      "id" : "s7-t29",
      "begin" : 679,
      "end" : 685,
      "text" : "Código",
      "whiteSpace" : false
    }, {
      "id" : "s7-t30",
      "begin" : 686,
      "end" : 699,
      "text" : "Identificador",
      "whiteSpace" : false
    }, {
      "id" : "s7-t31",
      "begin" : 699,
      "end" : 700,
      "text" : ":",
      "whiteSpace" : false
    }, {
      "id" : "s7-t32",
      "begin" : 700,
      "end" : 708,
      "text" : "0369A900",
      "whiteSpace" : false
    } ]
  } ],
  "mentions" : [ {
    "id" : "s1-m1",
    "properties" : {
      "SIRE_MENTION_ROLE" : "portaria",
      "SIRE_ENTITY_SUBTYPE" : "NONE",
      "SIRE_MENTION_TYPE" : "NONE",
      "SIRE_MENTION_CLASS" : "SPC"
    },
    "type" : "portaria",
    "begin" : 39,
    "end" : 43,
    "inCoref" : false
  }, {
    "id" : "s1-m2",
    "properties" : {
      "SIRE_MENTION_ROLE" : "dia",
      "SIRE_ENTITY_SUBTYPE" : "NONE",
      "SIRE_MENTION_TYPE" : "NONE",
      "SIRE_MENTION_CLASS" : "SPC"
    },
    "type" : "dia",
    "begin" : 55,
    "end" : 57,
    "inCoref" : false
  }, {
    "id" : "s1-m3",
    "properties" : {
      "SIRE_MENTION_ROLE" : "mes",
      "SIRE_ENTITY_SUBTYPE" : "NONE",
      "SIRE_MENTION_TYPE" : "NONE",
      "SIRE_MENTION_CLASS" : "SPC"
    },
    "type" : "mes",
    "begin" : 61,
    "end" : 69,
    "inCoref" : false
  }, {
    "id" : "s1-m4",
    "properties" : {
      "SIRE_MENTION_ROLE" : "ano",
      "SIRE_ENTITY_SUBTYPE" : "NONE",
      "SIRE_MENTION_TYPE" : "NONE",
      "SIRE_MENTION_CLASS" : "SPC"
    },
    "type" : "ano",
    "begin" : 73,
    "end" : 77,
    "inCoref" : false
  }, {
    "id" : "s3-m1",
    "properties" : {
      "SIRE_MENTION_ROLE" : "ato",
      "SIRE_ENTITY_SUBTYPE" : "NONE",
      "SIRE_MENTION_TYPE" : "NONE",
      "SIRE_MENTION_CLASS" : "SPC"
    },
    "type" : "ato",
    "begin" : 182,
    "end" : 190,
    "inCoref" : false
  }, {
    "id" : "s3-m2",
    "properties" : {
      "SIRE_MENTION_ROLE" : "nome",
      "SIRE_ENTITY_SUBTYPE" : "NONE",
      "SIRE_MENTION_TYPE" : "NONE",
      "SIRE_MENTION_CLASS" : "SPC"
    },
    "type" : "nome",
    "begin" : 202,
    "end" : 231,
    "inCoref" : false
  }, {
    "id" : "s3-m3",
    "properties" : {
      "SIRE_MENTION_ROLE" : "cargo",
      "SIRE_ENTITY_SUBTYPE" : "NONE",
      "SIRE_MENTION_TYPE" : "NONE",
      "SIRE_MENTION_CLASS" : "SPC"
    },
    "type" : "cargo",
    "begin" : 257,
    "end" : 273,
    "inCoref" : false
  } ],
  "relations" : [ ],
  "corefs" : [ ],
  "typeResolved" : true,
  "userResolved" : false
}