{
  "id" : "a3c6fd00-6fdf-11ec-8aab-63cd9c950ac0-0",
  "name" : "buffer_flo_nom_01.txt",
  "createdDate" : 0,
  "version" : 3,
  "text" : "DECRETO N. 23.385, DE 02 DE DEZEMBRO DE \n2021. O PREFEITO MUNICIPAL DE FLORIANÓPOLIS, \nusando da competência e atribuições, que lhe são \nconferidas pelo inciso VI do art. 74, da Lei Orgânica \ndo Município, RESOLVE: NOMEAR AMARILDO JOSÉ \nCORREIA para exercer o Cargo em Comissão de \nIntendente Lagoa da Conceição da Secretaria \nMunicipal de Infraestrutura, a partir de \n02/12/2021. Florianópolis, aos 02 de dezembro de \n2021. GEAN MARQUES LOUREIRO PREFEITO \nMUNICIPAL EVERSON MENDES SECRETÁRIO \nMUNICIPAL DA CASA CIVIL  ",
  "docLength" : 0,
  "language" : "PT",
  "status" : "IN_PROGRESS",
  "modifiedDate" : 1641586047206,
  "documentSet" : [ ],
  "preannotation" : [ ],
  "sentences" : [ {
    "id" : "s0",
    "begin" : 0,
    "end" : 46,
    "text" : "DECRETO N. 23.385, DE 02 DE DEZEMBRO DE \n2021.",
    "tokens" : [ {
      "id" : "s0-t0",
      "begin" : 0,
      "end" : 7,
      "text" : "DECRETO",
      "whiteSpace" : false
    }, {
      "id" : "s0-t1",
      "begin" : 8,
      "end" : 10,
      "text" : "N.",
      "whiteSpace" : false
    }, {
      "id" : "s0-t2",
      "begin" : 11,
      "end" : 17,
      "text" : "23.385",
      "whiteSpace" : false
    }, {
      "id" : "s0-t3",
      "begin" : 17,
      "end" : 18,
      "text" : ",",
      "whiteSpace" : false
    }, {
      "id" : "s0-t4",
      "begin" : 19,
      "end" : 21,
      "text" : "DE",
      "whiteSpace" : false
    }, {
      "id" : "s0-t5",
      "begin" : 22,
      "end" : 24,
      "text" : "02",
      "whiteSpace" : false
    }, {
      "id" : "s0-t6",
      "begin" : 25,
      "end" : 27,
      "text" : "DE",
      "whiteSpace" : false
    }, {
      "id" : "s0-t7",
      "begin" : 28,
      "end" : 36,
      "text" : "DEZEMBRO",
      "whiteSpace" : false
    }, {
      "id" : "s0-t8",
      "begin" : 37,
      "end" : 39,
      "text" : "DE",
      "whiteSpace" : false
    }, {
      "id" : "s0-t9",
      "begin" : 41,
      "end" : 45,
      "text" : "2021",
      "whiteSpace" : false
    }, {
      "id" : "s0-t10",
      "begin" : 45,
      "end" : 46,
      "text" : ".",
      "whiteSpace" : false
    } ]
  }, {
    "id" : "s1",
    "begin" : 47,
    "end" : 170,
    "text" : "O PREFEITO MUNICIPAL DE FLORIANÓPOLIS, \nusando da competência e atribuições, que lhe são \nconferidas pelo inciso VI do art.",
    "tokens" : [ {
      "id" : "s1-t0",
      "begin" : 47,
      "end" : 48,
      "text" : "O",
      "whiteSpace" : false
    }, {
      "id" : "s1-t1",
      "begin" : 49,
      "end" : 57,
      "text" : "PREFEITO",
      "whiteSpace" : false
    }, {
      "id" : "s1-t2",
      "begin" : 58,
      "end" : 67,
      "text" : "MUNICIPAL",
      "whiteSpace" : false
    }, {
      "id" : "s1-t3",
      "begin" : 68,
      "end" : 70,
      "text" : "DE",
      "whiteSpace" : false
    }, {
      "id" : "s1-t4",
      "begin" : 71,
      "end" : 84,
      "text" : "FLORIANÓPOLIS",
      "whiteSpace" : false
    }, {
      "id" : "s1-t5",
      "begin" : 84,
      "end" : 85,
      "text" : ",",
      "whiteSpace" : false
    }, {
      "id" : "s1-t6",
      "begin" : 87,
      "end" : 93,
      "text" : "usando",
      "whiteSpace" : false
    }, {
      "id" : "s1-t7",
      "begin" : 94,
      "end" : 96,
      "text" : "da",
      "whiteSpace" : false
    }, {
      "id" : "s1-t8",
      "begin" : 97,
      "end" : 108,
      "text" : "competência",
      "whiteSpace" : false
    }, {
      "id" : "s1-t9",
      "begin" : 109,
      "end" : 110,
      "text" : "e",
      "whiteSpace" : false
    }, {
      "id" : "s1-t10",
      "begin" : 111,
      "end" : 122,
      "text" : "atribuições",
      "whiteSpace" : false
    }, {
      "id" : "s1-t11",
      "begin" : 122,
      "end" : 123,
      "text" : ",",
      "whiteSpace" : false
    }, {
      "id" : "s1-t12",
      "begin" : 124,
      "end" : 127,
      "text" : "que",
      "whiteSpace" : false
    }, {
      "id" : "s1-t13",
      "begin" : 128,
      "end" : 131,
      "text" : "lhe",
      "whiteSpace" : false
    }, {
      "id" : "s1-t14",
      "begin" : 132,
      "end" : 135,
      "text" : "são",
      "whiteSpace" : false
    }, {
      "id" : "s1-t15",
      "begin" : 137,
      "end" : 147,
      "text" : "conferidas",
      "whiteSpace" : false
    }, {
      "id" : "s1-t16",
      "begin" : 148,
      "end" : 152,
      "text" : "pelo",
      "whiteSpace" : false
    }, {
      "id" : "s1-t17",
      "begin" : 153,
      "end" : 159,
      "text" : "inciso",
      "whiteSpace" : false
    }, {
      "id" : "s1-t18",
      "begin" : 160,
      "end" : 162,
      "text" : "VI",
      "whiteSpace" : false
    }, {
      "id" : "s1-t19",
      "begin" : 163,
      "end" : 165,
      "text" : "do",
      "whiteSpace" : false
    }, {
      "id" : "s1-t20",
      "begin" : 166,
      "end" : 169,
      "text" : "art",
      "whiteSpace" : false
    }, {
      "id" : "s1-t21",
      "begin" : 169,
      "end" : 170,
      "text" : ".",
      "whiteSpace" : false
    } ]
  }, {
    "id" : "s2",
    "begin" : 171,
    "end" : 380,
    "text" : "74, da Lei Orgânica \ndo Município, RESOLVE: NOMEAR AMARILDO JOSÉ \nCORREIA para exercer o Cargo em Comissão de \nIntendente Lagoa da Conceição da Secretaria \nMunicipal de Infraestrutura, a partir de \n02/12/2021.",
    "tokens" : [ {
      "id" : "s2-t0",
      "begin" : 171,
      "end" : 173,
      "text" : "74",
      "whiteSpace" : false
    }, {
      "id" : "s2-t1",
      "begin" : 173,
      "end" : 174,
      "text" : ",",
      "whiteSpace" : false
    }, {
      "id" : "s2-t2",
      "begin" : 175,
      "end" : 177,
      "text" : "da",
      "whiteSpace" : false
    }, {
      "id" : "s2-t3",
      "begin" : 178,
      "end" : 181,
      "text" : "Lei",
      "whiteSpace" : false
    }, {
      "id" : "s2-t4",
      "begin" : 182,
      "end" : 190,
      "text" : "Orgânica",
      "whiteSpace" : false
    }, {
      "id" : "s2-t5",
      "begin" : 192,
      "end" : 194,
      "text" : "do",
      "whiteSpace" : false
    }, {
      "id" : "s2-t6",
      "begin" : 195,
      "end" : 204,
      "text" : "Município",
      "whiteSpace" : false
    }, {
      "id" : "s2-t7",
      "begin" : 204,
      "end" : 205,
      "text" : ",",
      "whiteSpace" : false
    }, {
      "id" : "s2-t8",
      "begin" : 206,
      "end" : 213,
      "text" : "RESOLVE",
      "whiteSpace" : false
    }, {
      "id" : "s2-t9",
      "begin" : 213,
      "end" : 214,
      "text" : ":",
      "whiteSpace" : false
    }, {
      "id" : "s2-t10",
      "begin" : 215,
      "end" : 221,
      "text" : "NOMEAR",
      "whiteSpace" : false
    }, {
      "id" : "s2-t11",
      "begin" : 222,
      "end" : 230,
      "text" : "AMARILDO",
      "whiteSpace" : false
    }, {
      "id" : "s2-t12",
      "begin" : 231,
      "end" : 235,
      "text" : "JOSÉ",
      "whiteSpace" : false
    }, {
      "id" : "s2-t13",
      "begin" : 237,
      "end" : 244,
      "text" : "CORREIA",
      "whiteSpace" : false
    }, {
      "id" : "s2-t14",
      "begin" : 245,
      "end" : 249,
      "text" : "para",
      "whiteSpace" : false
    }, {
      "id" : "s2-t15",
      "begin" : 250,
      "end" : 257,
      "text" : "exercer",
      "whiteSpace" : false
    }, {
      "id" : "s2-t16",
      "begin" : 258,
      "end" : 259,
      "text" : "o",
      "whiteSpace" : false
    }, {
      "id" : "s2-t17",
      "begin" : 260,
      "end" : 265,
      "text" : "Cargo",
      "whiteSpace" : false
    }, {
      "id" : "s2-t18",
      "begin" : 266,
      "end" : 268,
      "text" : "em",
      "whiteSpace" : false
    }, {
      "id" : "s2-t19",
      "begin" : 269,
      "end" : 277,
      "text" : "Comissão",
      "whiteSpace" : false
    }, {
      "id" : "s2-t20",
      "begin" : 278,
      "end" : 280,
      "text" : "de",
      "whiteSpace" : false
    }, {
      "id" : "s2-t21",
      "begin" : 282,
      "end" : 292,
      "text" : "Intendente",
      "whiteSpace" : false
    }, {
      "id" : "s2-t22",
      "begin" : 293,
      "end" : 298,
      "text" : "Lagoa",
      "whiteSpace" : false
    }, {
      "id" : "s2-t23",
      "begin" : 299,
      "end" : 301,
      "text" : "da",
      "whiteSpace" : false
    }, {
      "id" : "s2-t24",
      "begin" : 302,
      "end" : 311,
      "text" : "Conceição",
      "whiteSpace" : false
    }, {
      "id" : "s2-t25",
      "begin" : 312,
      "end" : 314,
      "text" : "da",
      "whiteSpace" : false
    }, {
      "id" : "s2-t26",
      "begin" : 315,
      "end" : 325,
      "text" : "Secretaria",
      "whiteSpace" : false
    }, {
      "id" : "s2-t27",
      "begin" : 327,
      "end" : 336,
      "text" : "Municipal",
      "whiteSpace" : false
    }, {
      "id" : "s2-t28",
      "begin" : 337,
      "end" : 339,
      "text" : "de",
      "whiteSpace" : false
    }, {
      "id" : "s2-t29",
      "begin" : 340,
      "end" : 354,
      "text" : "Infraestrutura",
      "whiteSpace" : false
    }, {
      "id" : "s2-t30",
      "begin" : 354,
      "end" : 355,
      "text" : ",",
      "whiteSpace" : false
    }, {
      "id" : "s2-t31",
      "begin" : 356,
      "end" : 357,
      "text" : "a",
      "whiteSpace" : false
    }, {
      "id" : "s2-t32",
      "begin" : 358,
      "end" : 364,
      "text" : "partir",
      "whiteSpace" : false
    }, {
      "id" : "s2-t33",
      "begin" : 365,
      "end" : 367,
      "text" : "de",
      "whiteSpace" : false
    }, {
      "id" : "s2-t34",
      "begin" : 369,
      "end" : 379,
      "text" : "02/12/2021",
      "whiteSpace" : false
    }, {
      "id" : "s2-t35",
      "begin" : 379,
      "end" : 380,
      "text" : ".",
      "whiteSpace" : false
    } ]
  }, {
    "id" : "s3",
    "begin" : 381,
    "end" : 424,
    "text" : "Florianópolis, aos 02 de dezembro de \n2021.",
    "tokens" : [ {
      "id" : "s3-t0",
      "begin" : 381,
      "end" : 394,
      "text" : "Florianópolis",
      "whiteSpace" : false
    }, {
      "id" : "s3-t1",
      "begin" : 394,
      "end" : 395,
      "text" : ",",
      "whiteSpace" : false
    }, {
      "id" : "s3-t2",
      "begin" : 396,
      "end" : 399,
      "text" : "aos",
      "whiteSpace" : false
    }, {
      "id" : "s3-t3",
      "begin" : 400,
      "end" : 402,
      "text" : "02",
      "whiteSpace" : false
    }, {
      "id" : "s3-t4",
      "begin" : 403,
      "end" : 405,
      "text" : "de",
      "whiteSpace" : false
    }, {
      "id" : "s3-t5",
      "begin" : 406,
      "end" : 414,
      "text" : "dezembro",
      "whiteSpace" : false
    }, {
      "id" : "s3-t6",
      "begin" : 415,
      "end" : 417,
      "text" : "de",
      "whiteSpace" : false
    }, {
      "id" : "s3-t7",
      "begin" : 419,
      "end" : 423,
      "text" : "2021",
      "whiteSpace" : false
    }, {
      "id" : "s3-t8",
      "begin" : 423,
      "end" : 424,
      "text" : ".",
      "whiteSpace" : false
    } ]
  }, {
    "id" : "s4",
    "begin" : 425,
    "end" : 517,
    "text" : "GEAN MARQUES LOUREIRO PREFEITO \nMUNICIPAL EVERSON MENDES SECRETÁRIO \nMUNICIPAL DA CASA CIVIL",
    "tokens" : [ {
      "id" : "s4-t0",
      "begin" : 425,
      "end" : 429,
      "text" : "GEAN",
      "whiteSpace" : false
    }, {
      "id" : "s4-t1",
      "begin" : 430,
      "end" : 437,
      "text" : "MARQUES",
      "whiteSpace" : false
    }, {
      "id" : "s4-t2",
      "begin" : 438,
      "end" : 446,
      "text" : "LOUREIRO",
      "whiteSpace" : false
    }, {
      "id" : "s4-t3",
      "begin" : 447,
      "end" : 455,
      "text" : "PREFEITO",
      "whiteSpace" : false
    }, {
      "id" : "s4-t4",
      "begin" : 457,
      "end" : 466,
      "text" : "MUNICIPAL",
      "whiteSpace" : false
    }, {
      "id" : "s4-t5",
      "begin" : 467,
      "end" : 474,
      "text" : "EVERSON",
      "whiteSpace" : false
    }, {
      "id" : "s4-t6",
      "begin" : 475,
      "end" : 481,
      "text" : "MENDES",
      "whiteSpace" : false
    }, {
      "id" : "s4-t7",
      "begin" : 482,
      "end" : 492,
      "text" : "SECRETÁRIO",
      "whiteSpace" : false
    }, {
      "id" : "s4-t8",
      "begin" : 494,
      "end" : 503,
      "text" : "MUNICIPAL",
      "whiteSpace" : false
    }, {
      "id" : "s4-t9",
      "begin" : 504,
      "end" : 506,
      "text" : "DA",
      "whiteSpace" : false
    }, {
      "id" : "s4-t10",
      "begin" : 507,
      "end" : 511,
      "text" : "CASA",
      "whiteSpace" : false
    }, {
      "id" : "s4-t11",
      "begin" : 512,
      "end" : 517,
      "text" : "CIVIL",
      "whiteSpace" : false
    } ]
  } ],
  "mentions" : [ {
    "id" : "s0-m1",
    "properties" : {
      "SIRE_MENTION_ROLE" : "portaria",
      "SIRE_ENTITY_SUBTYPE" : "NONE",
      "SIRE_MENTION_TYPE" : "NONE",
      "SIRE_MENTION_CLASS" : "SPC"
    },
    "type" : "portaria",
    "begin" : 11,
    "end" : 17,
    "inCoref" : false
  }, {
    "id" : "s0-m2",
    "properties" : {
      "SIRE_MENTION_ROLE" : "dia",
      "SIRE_ENTITY_SUBTYPE" : "NONE",
      "SIRE_MENTION_TYPE" : "NONE",
      "SIRE_MENTION_CLASS" : "SPC"
    },
    "type" : "dia",
    "begin" : 22,
    "end" : 24,
    "inCoref" : false
  }, {
    "id" : "s0-m3",
    "properties" : {
      "SIRE_MENTION_ROLE" : "mes",
      "SIRE_ENTITY_SUBTYPE" : "NONE",
      "SIRE_MENTION_TYPE" : "NONE",
      "SIRE_MENTION_CLASS" : "SPC"
    },
    "type" : "mes",
    "begin" : 28,
    "end" : 36,
    "inCoref" : false
  }, {
    "id" : "s0-m4",
    "properties" : {
      "SIRE_MENTION_ROLE" : "ano",
      "SIRE_ENTITY_SUBTYPE" : "NONE",
      "SIRE_MENTION_TYPE" : "NONE",
      "SIRE_MENTION_CLASS" : "SPC"
    },
    "type" : "ano",
    "begin" : 41,
    "end" : 45,
    "inCoref" : false
  }, {
    "id" : "s2-m1",
    "properties" : {
      "SIRE_MENTION_ROLE" : "ato",
      "SIRE_ENTITY_SUBTYPE" : "NONE",
      "SIRE_MENTION_TYPE" : "NONE",
      "SIRE_MENTION_CLASS" : "SPC"
    },
    "type" : "ato",
    "begin" : 215,
    "end" : 221,
    "inCoref" : false
  }, {
    "id" : "s2-m2",
    "properties" : {
      "SIRE_MENTION_ROLE" : "nome",
      "SIRE_ENTITY_SUBTYPE" : "NONE",
      "SIRE_MENTION_TYPE" : "NONE",
      "SIRE_MENTION_CLASS" : "SPC"
    },
    "type" : "nome",
    "begin" : 222,
    "end" : 244,
    "inCoref" : false
  }, {
    "id" : "s2-m3",
    "properties" : {
      "SIRE_MENTION_ROLE" : "cargo",
      "SIRE_ENTITY_SUBTYPE" : "NONE",
      "SIRE_MENTION_TYPE" : "NONE",
      "SIRE_MENTION_CLASS" : "SPC"
    },
    "type" : "cargo",
    "begin" : 282,
    "end" : 354,
    "inCoref" : false
  } ],
  "relations" : [ ],
  "corefs" : [ ],
  "typeResolved" : true,
  "userResolved" : false
}