{
  "id" : "a3c6fd00-6fdf-11ec-8aab-63cd9c950ac0-3",
  "name" : "buffer_flo_nom_04.txt",
  "createdDate" : 0,
  "version" : 3,
  "text" : "DECRETO N. 23.396, DE 06 DE DEZEMBRO DE \n2021. O PREFEITO MUNICIPAL DE FLORIANÓPOLIS, \nusando da competência e atribuições, que lhe são \nconferidas pelo inciso VI do art. 74, da Lei Orgânica \ndo Município, RESOLVE: NOMEAR RAFAEL BULCÃO \nVIANNA para exercer o Cargo em Comissão de \nAssessor do Sistema Jurídico da Procuradoria Geral \ndo Município, a partir de 06/12/2021. \nFlorianópolis, aos 06 de dezembro de 2021. GEAN \nMARQUES LOUREIRO PREFEITO MUNICIPAL \nEVERSON MENDES SECRETÁRIO MUNICIPAL DA \nCASA CIVIL.  ",
  "docLength" : 0,
  "language" : "PT",
  "status" : "IN_PROGRESS",
  "modifiedDate" : 1641607435000,
  "documentSet" : [ ],
  "preannotation" : [ ],
  "sentences" : [ {
    "id" : "s0",
    "begin" : 0,
    "end" : 46,
    "text" : "DECRETO N. 23.396, DE 06 DE DEZEMBRO DE \n2021.",
    "tokens" : [ {
      "id" : "s0-t0",
      "begin" : 0,
      "end" : 7,
      "text" : "DECRETO",
      "whiteSpace" : false
    }, {
      "id" : "s0-t1",
      "begin" : 8,
      "end" : 10,
      "text" : "N.",
      "whiteSpace" : false
    }, {
      "id" : "s0-t2",
      "begin" : 11,
      "end" : 17,
      "text" : "23.396",
      "whiteSpace" : false
    }, {
      "id" : "s0-t3",
      "begin" : 17,
      "end" : 18,
      "text" : ",",
      "whiteSpace" : false
    }, {
      "id" : "s0-t4",
      "begin" : 19,
      "end" : 21,
      "text" : "DE",
      "whiteSpace" : false
    }, {
      "id" : "s0-t5",
      "begin" : 22,
      "end" : 24,
      "text" : "06",
      "whiteSpace" : false
    }, {
      "id" : "s0-t6",
      "begin" : 25,
      "end" : 27,
      "text" : "DE",
      "whiteSpace" : false
    }, {
      "id" : "s0-t7",
      "begin" : 28,
      "end" : 36,
      "text" : "DEZEMBRO",
      "whiteSpace" : false
    }, {
      "id" : "s0-t8",
      "begin" : 37,
      "end" : 39,
      "text" : "DE",
      "whiteSpace" : false
    }, {
      "id" : "s0-t9",
      "begin" : 41,
      "end" : 45,
      "text" : "2021",
      "whiteSpace" : false
    }, {
      "id" : "s0-t10",
      "begin" : 45,
      "end" : 46,
      "text" : ".",
      "whiteSpace" : false
    } ]
  }, {
    "id" : "s1",
    "begin" : 47,
    "end" : 170,
    "text" : "O PREFEITO MUNICIPAL DE FLORIANÓPOLIS, \nusando da competência e atribuições, que lhe são \nconferidas pelo inciso VI do art.",
    "tokens" : [ {
      "id" : "s1-t0",
      "begin" : 47,
      "end" : 48,
      "text" : "O",
      "whiteSpace" : false
    }, {
      "id" : "s1-t1",
      "begin" : 49,
      "end" : 57,
      "text" : "PREFEITO",
      "whiteSpace" : false
    }, {
      "id" : "s1-t2",
      "begin" : 58,
      "end" : 67,
      "text" : "MUNICIPAL",
      "whiteSpace" : false
    }, {
      "id" : "s1-t3",
      "begin" : 68,
      "end" : 70,
      "text" : "DE",
      "whiteSpace" : false
    }, {
      "id" : "s1-t4",
      "begin" : 71,
      "end" : 84,
      "text" : "FLORIANÓPOLIS",
      "whiteSpace" : false
    }, {
      "id" : "s1-t5",
      "begin" : 84,
      "end" : 85,
      "text" : ",",
      "whiteSpace" : false
    }, {
      "id" : "s1-t6",
      "begin" : 87,
      "end" : 93,
      "text" : "usando",
      "whiteSpace" : false
    }, {
      "id" : "s1-t7",
      "begin" : 94,
      "end" : 96,
      "text" : "da",
      "whiteSpace" : false
    }, {
      "id" : "s1-t8",
      "begin" : 97,
      "end" : 108,
      "text" : "competência",
      "whiteSpace" : false
    }, {
      "id" : "s1-t9",
      "begin" : 109,
      "end" : 110,
      "text" : "e",
      "whiteSpace" : false
    }, {
      "id" : "s1-t10",
      "begin" : 111,
      "end" : 122,
      "text" : "atribuições",
      "whiteSpace" : false
    }, {
      "id" : "s1-t11",
      "begin" : 122,
      "end" : 123,
      "text" : ",",
      "whiteSpace" : false
    }, {
      "id" : "s1-t12",
      "begin" : 124,
      "end" : 127,
      "text" : "que",
      "whiteSpace" : false
    }, {
      "id" : "s1-t13",
      "begin" : 128,
      "end" : 131,
      "text" : "lhe",
      "whiteSpace" : false
    }, {
      "id" : "s1-t14",
      "begin" : 132,
      "end" : 135,
      "text" : "são",
      "whiteSpace" : false
    }, {
      "id" : "s1-t15",
      "begin" : 137,
      "end" : 147,
      "text" : "conferidas",
      "whiteSpace" : false
    }, {
      "id" : "s1-t16",
      "begin" : 148,
      "end" : 152,
      "text" : "pelo",
      "whiteSpace" : false
    }, {
      "id" : "s1-t17",
      "begin" : 153,
      "end" : 159,
      "text" : "inciso",
      "whiteSpace" : false
    }, {
      "id" : "s1-t18",
      "begin" : 160,
      "end" : 162,
      "text" : "VI",
      "whiteSpace" : false
    }, {
      "id" : "s1-t19",
      "begin" : 163,
      "end" : 165,
      "text" : "do",
      "whiteSpace" : false
    }, {
      "id" : "s1-t20",
      "begin" : 166,
      "end" : 169,
      "text" : "art",
      "whiteSpace" : false
    }, {
      "id" : "s1-t21",
      "begin" : 169,
      "end" : 170,
      "text" : ".",
      "whiteSpace" : false
    } ]
  }, {
    "id" : "s2",
    "begin" : 171,
    "end" : 370,
    "text" : "74, da Lei Orgânica \ndo Município, RESOLVE: NOMEAR RAFAEL BULCÃO \nVIANNA para exercer o Cargo em Comissão de \nAssessor do Sistema Jurídico da Procuradoria Geral \ndo Município, a partir de 06/12/2021.",
    "tokens" : [ {
      "id" : "s2-t0",
      "begin" : 171,
      "end" : 173,
      "text" : "74",
      "whiteSpace" : false
    }, {
      "id" : "s2-t1",
      "begin" : 173,
      "end" : 174,
      "text" : ",",
      "whiteSpace" : false
    }, {
      "id" : "s2-t2",
      "begin" : 175,
      "end" : 177,
      "text" : "da",
      "whiteSpace" : false
    }, {
      "id" : "s2-t3",
      "begin" : 178,
      "end" : 181,
      "text" : "Lei",
      "whiteSpace" : false
    }, {
      "id" : "s2-t4",
      "begin" : 182,
      "end" : 190,
      "text" : "Orgânica",
      "whiteSpace" : false
    }, {
      "id" : "s2-t5",
      "begin" : 192,
      "end" : 194,
      "text" : "do",
      "whiteSpace" : false
    }, {
      "id" : "s2-t6",
      "begin" : 195,
      "end" : 204,
      "text" : "Município",
      "whiteSpace" : false
    }, {
      "id" : "s2-t7",
      "begin" : 204,
      "end" : 205,
      "text" : ",",
      "whiteSpace" : false
    }, {
      "id" : "s2-t8",
      "begin" : 206,
      "end" : 213,
      "text" : "RESOLVE",
      "whiteSpace" : false
    }, {
      "id" : "s2-t9",
      "begin" : 213,
      "end" : 214,
      "text" : ":",
      "whiteSpace" : false
    }, {
      "id" : "s2-t10",
      "begin" : 215,
      "end" : 221,
      "text" : "NOMEAR",
      "whiteSpace" : false
    }, {
      "id" : "s2-t11",
      "begin" : 222,
      "end" : 228,
      "text" : "RAFAEL",
      "whiteSpace" : false
    }, {
      "id" : "s2-t12",
      "begin" : 229,
      "end" : 235,
      "text" : "BULCÃO",
      "whiteSpace" : false
    }, {
      "id" : "s2-t13",
      "begin" : 237,
      "end" : 243,
      "text" : "VIANNA",
      "whiteSpace" : false
    }, {
      "id" : "s2-t14",
      "begin" : 244,
      "end" : 248,
      "text" : "para",
      "whiteSpace" : false
    }, {
      "id" : "s2-t15",
      "begin" : 249,
      "end" : 256,
      "text" : "exercer",
      "whiteSpace" : false
    }, {
      "id" : "s2-t16",
      "begin" : 257,
      "end" : 258,
      "text" : "o",
      "whiteSpace" : false
    }, {
      "id" : "s2-t17",
      "begin" : 259,
      "end" : 264,
      "text" : "Cargo",
      "whiteSpace" : false
    }, {
      "id" : "s2-t18",
      "begin" : 265,
      "end" : 267,
      "text" : "em",
      "whiteSpace" : false
    }, {
      "id" : "s2-t19",
      "begin" : 268,
      "end" : 276,
      "text" : "Comissão",
      "whiteSpace" : false
    }, {
      "id" : "s2-t20",
      "begin" : 277,
      "end" : 279,
      "text" : "de",
      "whiteSpace" : false
    }, {
      "id" : "s2-t21",
      "begin" : 281,
      "end" : 289,
      "text" : "Assessor",
      "whiteSpace" : false
    }, {
      "id" : "s2-t22",
      "begin" : 290,
      "end" : 292,
      "text" : "do",
      "whiteSpace" : false
    }, {
      "id" : "s2-t23",
      "begin" : 293,
      "end" : 300,
      "text" : "Sistema",
      "whiteSpace" : false
    }, {
      "id" : "s2-t24",
      "begin" : 301,
      "end" : 309,
      "text" : "Jurídico",
      "whiteSpace" : false
    }, {
      "id" : "s2-t25",
      "begin" : 310,
      "end" : 312,
      "text" : "da",
      "whiteSpace" : false
    }, {
      "id" : "s2-t26",
      "begin" : 313,
      "end" : 325,
      "text" : "Procuradoria",
      "whiteSpace" : false
    }, {
      "id" : "s2-t27",
      "begin" : 326,
      "end" : 331,
      "text" : "Geral",
      "whiteSpace" : false
    }, {
      "id" : "s2-t28",
      "begin" : 333,
      "end" : 335,
      "text" : "do",
      "whiteSpace" : false
    }, {
      "id" : "s2-t29",
      "begin" : 336,
      "end" : 345,
      "text" : "Município",
      "whiteSpace" : false
    }, {
      "id" : "s2-t30",
      "begin" : 345,
      "end" : 346,
      "text" : ",",
      "whiteSpace" : false
    }, {
      "id" : "s2-t31",
      "begin" : 347,
      "end" : 348,
      "text" : "a",
      "whiteSpace" : false
    }, {
      "id" : "s2-t32",
      "begin" : 349,
      "end" : 355,
      "text" : "partir",
      "whiteSpace" : false
    }, {
      "id" : "s2-t33",
      "begin" : 356,
      "end" : 358,
      "text" : "de",
      "whiteSpace" : false
    }, {
      "id" : "s2-t34",
      "begin" : 359,
      "end" : 369,
      "text" : "06/12/2021",
      "whiteSpace" : false
    }, {
      "id" : "s2-t35",
      "begin" : 369,
      "end" : 370,
      "text" : ".",
      "whiteSpace" : false
    } ]
  }, {
    "id" : "s3",
    "begin" : 372,
    "end" : 414,
    "text" : "Florianópolis, aos 06 de dezembro de 2021.",
    "tokens" : [ {
      "id" : "s3-t0",
      "begin" : 372,
      "end" : 385,
      "text" : "Florianópolis",
      "whiteSpace" : false
    }, {
      "id" : "s3-t1",
      "begin" : 385,
      "end" : 386,
      "text" : ",",
      "whiteSpace" : false
    }, {
      "id" : "s3-t2",
      "begin" : 387,
      "end" : 390,
      "text" : "aos",
      "whiteSpace" : false
    }, {
      "id" : "s3-t3",
      "begin" : 391,
      "end" : 393,
      "text" : "06",
      "whiteSpace" : false
    }, {
      "id" : "s3-t4",
      "begin" : 394,
      "end" : 396,
      "text" : "de",
      "whiteSpace" : false
    }, {
      "id" : "s3-t5",
      "begin" : 397,
      "end" : 405,
      "text" : "dezembro",
      "whiteSpace" : false
    }, {
      "id" : "s3-t6",
      "begin" : 406,
      "end" : 408,
      "text" : "de",
      "whiteSpace" : false
    }, {
      "id" : "s3-t7",
      "begin" : 409,
      "end" : 413,
      "text" : "2021",
      "whiteSpace" : false
    }, {
      "id" : "s3-t8",
      "begin" : 413,
      "end" : 414,
      "text" : ".",
      "whiteSpace" : false
    } ]
  }, {
    "id" : "s4",
    "begin" : 415,
    "end" : 509,
    "text" : "GEAN \nMARQUES LOUREIRO PREFEITO MUNICIPAL \nEVERSON MENDES SECRETÁRIO MUNICIPAL DA \nCASA CIVIL.",
    "tokens" : [ {
      "id" : "s4-t0",
      "begin" : 415,
      "end" : 419,
      "text" : "GEAN",
      "whiteSpace" : false
    }, {
      "id" : "s4-t1",
      "begin" : 421,
      "end" : 428,
      "text" : "MARQUES",
      "whiteSpace" : false
    }, {
      "id" : "s4-t2",
      "begin" : 429,
      "end" : 437,
      "text" : "LOUREIRO",
      "whiteSpace" : false
    }, {
      "id" : "s4-t3",
      "begin" : 438,
      "end" : 446,
      "text" : "PREFEITO",
      "whiteSpace" : false
    }, {
      "id" : "s4-t4",
      "begin" : 447,
      "end" : 456,
      "text" : "MUNICIPAL",
      "whiteSpace" : false
    }, {
      "id" : "s4-t5",
      "begin" : 458,
      "end" : 465,
      "text" : "EVERSON",
      "whiteSpace" : false
    }, {
      "id" : "s4-t6",
      "begin" : 466,
      "end" : 472,
      "text" : "MENDES",
      "whiteSpace" : false
    }, {
      "id" : "s4-t7",
      "begin" : 473,
      "end" : 483,
      "text" : "SECRETÁRIO",
      "whiteSpace" : false
    }, {
      "id" : "s4-t8",
      "begin" : 484,
      "end" : 493,
      "text" : "MUNICIPAL",
      "whiteSpace" : false
    }, {
      "id" : "s4-t9",
      "begin" : 494,
      "end" : 496,
      "text" : "DA",
      "whiteSpace" : false
    }, {
      "id" : "s4-t10",
      "begin" : 498,
      "end" : 502,
      "text" : "CASA",
      "whiteSpace" : false
    }, {
      "id" : "s4-t11",
      "begin" : 503,
      "end" : 508,
      "text" : "CIVIL",
      "whiteSpace" : false
    }, {
      "id" : "s4-t12",
      "begin" : 508,
      "end" : 509,
      "text" : ".",
      "whiteSpace" : false
    } ]
  } ],
  "mentions" : [ {
    "id" : "s0-m1",
    "properties" : {
      "SIRE_MENTION_ROLE" : "portaria",
      "SIRE_ENTITY_SUBTYPE" : "NONE",
      "SIRE_MENTION_TYPE" : "NONE",
      "SIRE_MENTION_CLASS" : "SPC"
    },
    "type" : "portaria",
    "begin" : 11,
    "end" : 17,
    "inCoref" : false
  }, {
    "id" : "s0-m2",
    "properties" : {
      "SIRE_MENTION_ROLE" : "dia",
      "SIRE_ENTITY_SUBTYPE" : "NONE",
      "SIRE_MENTION_TYPE" : "NONE",
      "SIRE_MENTION_CLASS" : "SPC"
    },
    "type" : "dia",
    "begin" : 22,
    "end" : 24,
    "inCoref" : false
  }, {
    "id" : "s0-m3",
    "properties" : {
      "SIRE_MENTION_ROLE" : "mes",
      "SIRE_ENTITY_SUBTYPE" : "NONE",
      "SIRE_MENTION_TYPE" : "NONE",
      "SIRE_MENTION_CLASS" : "SPC"
    },
    "type" : "mes",
    "begin" : 28,
    "end" : 36,
    "inCoref" : false
  }, {
    "id" : "s0-m4",
    "properties" : {
      "SIRE_MENTION_ROLE" : "ano",
      "SIRE_ENTITY_SUBTYPE" : "NONE",
      "SIRE_MENTION_TYPE" : "NONE",
      "SIRE_MENTION_CLASS" : "SPC"
    },
    "type" : "ano",
    "begin" : 41,
    "end" : 45,
    "inCoref" : false
  }, {
    "id" : "s2-m1",
    "properties" : {
      "SIRE_MENTION_ROLE" : "ato",
      "SIRE_ENTITY_SUBTYPE" : "NONE",
      "SIRE_MENTION_TYPE" : "NONE",
      "SIRE_MENTION_CLASS" : "SPC"
    },
    "type" : "ato",
    "begin" : 215,
    "end" : 221,
    "inCoref" : false
  }, {
    "id" : "s2-m2",
    "properties" : {
      "SIRE_MENTION_ROLE" : "nome",
      "SIRE_ENTITY_SUBTYPE" : "NONE",
      "SIRE_MENTION_TYPE" : "NONE",
      "SIRE_MENTION_CLASS" : "SPC"
    },
    "type" : "nome",
    "begin" : 222,
    "end" : 243,
    "inCoref" : false
  }, {
    "id" : "s2-m3",
    "properties" : {
      "SIRE_MENTION_ROLE" : "cargo",
      "SIRE_ENTITY_SUBTYPE" : "NONE",
      "SIRE_MENTION_TYPE" : "NONE",
      "SIRE_MENTION_CLASS" : "SPC"
    },
    "type" : "cargo",
    "begin" : 281,
    "end" : 345,
    "inCoref" : false
  } ],
  "relations" : [ ],
  "corefs" : [ ],
  "typeResolved" : true,
  "userResolved" : false
}