{
  "id" : "a3c6fd00-6fdf-11ec-8aab-63cd9c950ac0-1",
  "name" : "buffer_flo_nom_02.txt",
  "createdDate" : 0,
  "version" : 3,
  "text" : "DECRETO N. 23.419, DE 16 DE DEZEMBRO DE \n2021. O PREFEITO MUNICIPAL DE FLORIANÓPOLIS, \nusando da competência e atribuições, que lhe são \nconferidas pelo inciso VI do art. 74, da Lei Orgânica \ndo Município, RESOLVE:  NOMEAR RODRIGO \nMOIZÉIS DA SILVA para exercer o Cargo em \nComissão de Assessor do Sistema de Comunicação \nSocial do Gabinete do Prefeito, a partir de \n\n16/12/2021. Florianópolis, aos 16 de dezembro de \n2021. GEAN MARQUES LOUREIRO PREFEITO \nMUNICIPAL EVERSON MENDES SECRETÁRIO \nMUNICIPAL DA CASA CIVIL. ",
  "docLength" : 0,
  "language" : "PT",
  "status" : "IN_PROGRESS",
  "modifiedDate" : 1641607383264,
  "documentSet" : [ ],
  "preannotation" : [ ],
  "sentences" : [ {
    "id" : "s0",
    "begin" : 0,
    "end" : 46,
    "text" : "DECRETO N. 23.419, DE 16 DE DEZEMBRO DE \n2021.",
    "tokens" : [ {
      "id" : "s0-t0",
      "begin" : 0,
      "end" : 7,
      "text" : "DECRETO",
      "whiteSpace" : false
    }, {
      "id" : "s0-t1",
      "begin" : 8,
      "end" : 10,
      "text" : "N.",
      "whiteSpace" : false
    }, {
      "id" : "s0-t2",
      "begin" : 11,
      "end" : 17,
      "text" : "23.419",
      "whiteSpace" : false
    }, {
      "id" : "s0-t3",
      "begin" : 17,
      "end" : 18,
      "text" : ",",
      "whiteSpace" : false
    }, {
      "id" : "s0-t4",
      "begin" : 19,
      "end" : 21,
      "text" : "DE",
      "whiteSpace" : false
    }, {
      "id" : "s0-t5",
      "begin" : 22,
      "end" : 24,
      "text" : "16",
      "whiteSpace" : false
    }, {
      "id" : "s0-t6",
      "begin" : 25,
      "end" : 27,
      "text" : "DE",
      "whiteSpace" : false
    }, {
      "id" : "s0-t7",
      "begin" : 28,
      "end" : 36,
      "text" : "DEZEMBRO",
      "whiteSpace" : false
    }, {
      "id" : "s0-t8",
      "begin" : 37,
      "end" : 39,
      "text" : "DE",
      "whiteSpace" : false
    }, {
      "id" : "s0-t9",
      "begin" : 41,
      "end" : 45,
      "text" : "2021",
      "whiteSpace" : false
    }, {
      "id" : "s0-t10",
      "begin" : 45,
      "end" : 46,
      "text" : ".",
      "whiteSpace" : false
    } ]
  }, {
    "id" : "s1",
    "begin" : 47,
    "end" : 170,
    "text" : "O PREFEITO MUNICIPAL DE FLORIANÓPOLIS, \nusando da competência e atribuições, que lhe são \nconferidas pelo inciso VI do art.",
    "tokens" : [ {
      "id" : "s1-t0",
      "begin" : 47,
      "end" : 48,
      "text" : "O",
      "whiteSpace" : false
    }, {
      "id" : "s1-t1",
      "begin" : 49,
      "end" : 57,
      "text" : "PREFEITO",
      "whiteSpace" : false
    }, {
      "id" : "s1-t2",
      "begin" : 58,
      "end" : 67,
      "text" : "MUNICIPAL",
      "whiteSpace" : false
    }, {
      "id" : "s1-t3",
      "begin" : 68,
      "end" : 70,
      "text" : "DE",
      "whiteSpace" : false
    }, {
      "id" : "s1-t4",
      "begin" : 71,
      "end" : 84,
      "text" : "FLORIANÓPOLIS",
      "whiteSpace" : false
    }, {
      "id" : "s1-t5",
      "begin" : 84,
      "end" : 85,
      "text" : ",",
      "whiteSpace" : false
    }, {
      "id" : "s1-t6",
      "begin" : 87,
      "end" : 93,
      "text" : "usando",
      "whiteSpace" : false
    }, {
      "id" : "s1-t7",
      "begin" : 94,
      "end" : 96,
      "text" : "da",
      "whiteSpace" : false
    }, {
      "id" : "s1-t8",
      "begin" : 97,
      "end" : 108,
      "text" : "competência",
      "whiteSpace" : false
    }, {
      "id" : "s1-t9",
      "begin" : 109,
      "end" : 110,
      "text" : "e",
      "whiteSpace" : false
    }, {
      "id" : "s1-t10",
      "begin" : 111,
      "end" : 122,
      "text" : "atribuições",
      "whiteSpace" : false
    }, {
      "id" : "s1-t11",
      "begin" : 122,
      "end" : 123,
      "text" : ",",
      "whiteSpace" : false
    }, {
      "id" : "s1-t12",
      "begin" : 124,
      "end" : 127,
      "text" : "que",
      "whiteSpace" : false
    }, {
      "id" : "s1-t13",
      "begin" : 128,
      "end" : 131,
      "text" : "lhe",
      "whiteSpace" : false
    }, {
      "id" : "s1-t14",
      "begin" : 132,
      "end" : 135,
      "text" : "são",
      "whiteSpace" : false
    }, {
      "id" : "s1-t15",
      "begin" : 137,
      "end" : 147,
      "text" : "conferidas",
      "whiteSpace" : false
    }, {
      "id" : "s1-t16",
      "begin" : 148,
      "end" : 152,
      "text" : "pelo",
      "whiteSpace" : false
    }, {
      "id" : "s1-t17",
      "begin" : 153,
      "end" : 159,
      "text" : "inciso",
      "whiteSpace" : false
    }, {
      "id" : "s1-t18",
      "begin" : 160,
      "end" : 162,
      "text" : "VI",
      "whiteSpace" : false
    }, {
      "id" : "s1-t19",
      "begin" : 163,
      "end" : 165,
      "text" : "do",
      "whiteSpace" : false
    }, {
      "id" : "s1-t20",
      "begin" : 166,
      "end" : 169,
      "text" : "art",
      "whiteSpace" : false
    }, {
      "id" : "s1-t21",
      "begin" : 169,
      "end" : 170,
      "text" : ".",
      "whiteSpace" : false
    } ]
  }, {
    "id" : "s2",
    "begin" : 171,
    "end" : 365,
    "text" : "74, da Lei Orgânica \ndo Município, RESOLVE:  NOMEAR RODRIGO \nMOIZÉIS DA SILVA para exercer o Cargo em \nComissão de Assessor do Sistema de Comunicação \nSocial do Gabinete do Prefeito, a partir de",
    "tokens" : [ {
      "id" : "s2-t0",
      "begin" : 171,
      "end" : 173,
      "text" : "74",
      "whiteSpace" : false
    }, {
      "id" : "s2-t1",
      "begin" : 173,
      "end" : 174,
      "text" : ",",
      "whiteSpace" : false
    }, {
      "id" : "s2-t2",
      "begin" : 175,
      "end" : 177,
      "text" : "da",
      "whiteSpace" : false
    }, {
      "id" : "s2-t3",
      "begin" : 178,
      "end" : 181,
      "text" : "Lei",
      "whiteSpace" : false
    }, {
      "id" : "s2-t4",
      "begin" : 182,
      "end" : 190,
      "text" : "Orgânica",
      "whiteSpace" : false
    }, {
      "id" : "s2-t5",
      "begin" : 192,
      "end" : 194,
      "text" : "do",
      "whiteSpace" : false
    }, {
      "id" : "s2-t6",
      "begin" : 195,
      "end" : 204,
      "text" : "Município",
      "whiteSpace" : false
    }, {
      "id" : "s2-t7",
      "begin" : 204,
      "end" : 205,
      "text" : ",",
      "whiteSpace" : false
    }, {
      "id" : "s2-t8",
      "begin" : 206,
      "end" : 213,
      "text" : "RESOLVE",
      "whiteSpace" : false
    }, {
      "id" : "s2-t9",
      "begin" : 213,
      "end" : 214,
      "text" : ":",
      "whiteSpace" : false
    }, {
      "id" : "s2-t10",
      "begin" : 216,
      "end" : 222,
      "text" : "NOMEAR",
      "whiteSpace" : false
    }, {
      "id" : "s2-t11",
      "begin" : 223,
      "end" : 230,
      "text" : "RODRIGO",
      "whiteSpace" : false
    }, {
      "id" : "s2-t12",
      "begin" : 232,
      "end" : 239,
      "text" : "MOIZÉIS",
      "whiteSpace" : false
    }, {
      "id" : "s2-t13",
      "begin" : 240,
      "end" : 242,
      "text" : "DA",
      "whiteSpace" : false
    }, {
      "id" : "s2-t14",
      "begin" : 243,
      "end" : 248,
      "text" : "SILVA",
      "whiteSpace" : false
    }, {
      "id" : "s2-t15",
      "begin" : 249,
      "end" : 253,
      "text" : "para",
      "whiteSpace" : false
    }, {
      "id" : "s2-t16",
      "begin" : 254,
      "end" : 261,
      "text" : "exercer",
      "whiteSpace" : false
    }, {
      "id" : "s2-t17",
      "begin" : 262,
      "end" : 263,
      "text" : "o",
      "whiteSpace" : false
    }, {
      "id" : "s2-t18",
      "begin" : 264,
      "end" : 269,
      "text" : "Cargo",
      "whiteSpace" : false
    }, {
      "id" : "s2-t19",
      "begin" : 270,
      "end" : 272,
      "text" : "em",
      "whiteSpace" : false
    }, {
      "id" : "s2-t20",
      "begin" : 274,
      "end" : 282,
      "text" : "Comissão",
      "whiteSpace" : false
    }, {
      "id" : "s2-t21",
      "begin" : 283,
      "end" : 285,
      "text" : "de",
      "whiteSpace" : false
    }, {
      "id" : "s2-t22",
      "begin" : 286,
      "end" : 294,
      "text" : "Assessor",
      "whiteSpace" : false
    }, {
      "id" : "s2-t23",
      "begin" : 295,
      "end" : 297,
      "text" : "do",
      "whiteSpace" : false
    }, {
      "id" : "s2-t24",
      "begin" : 298,
      "end" : 305,
      "text" : "Sistema",
      "whiteSpace" : false
    }, {
      "id" : "s2-t25",
      "begin" : 306,
      "end" : 308,
      "text" : "de",
      "whiteSpace" : false
    }, {
      "id" : "s2-t26",
      "begin" : 309,
      "end" : 320,
      "text" : "Comunicação",
      "whiteSpace" : false
    }, {
      "id" : "s2-t27",
      "begin" : 322,
      "end" : 328,
      "text" : "Social",
      "whiteSpace" : false
    }, {
      "id" : "s2-t28",
      "begin" : 329,
      "end" : 331,
      "text" : "do",
      "whiteSpace" : false
    }, {
      "id" : "s2-t29",
      "begin" : 332,
      "end" : 340,
      "text" : "Gabinete",
      "whiteSpace" : false
    }, {
      "id" : "s2-t30",
      "begin" : 341,
      "end" : 343,
      "text" : "do",
      "whiteSpace" : false
    }, {
      "id" : "s2-t31",
      "begin" : 344,
      "end" : 352,
      "text" : "Prefeito",
      "whiteSpace" : false
    }, {
      "id" : "s2-t32",
      "begin" : 352,
      "end" : 353,
      "text" : ",",
      "whiteSpace" : false
    }, {
      "id" : "s2-t33",
      "begin" : 354,
      "end" : 355,
      "text" : "a",
      "whiteSpace" : false
    }, {
      "id" : "s2-t34",
      "begin" : 356,
      "end" : 362,
      "text" : "partir",
      "whiteSpace" : false
    }, {
      "id" : "s2-t35",
      "begin" : 363,
      "end" : 365,
      "text" : "de",
      "whiteSpace" : false
    } ]
  }, {
    "id" : "s3",
    "begin" : 368,
    "end" : 379,
    "text" : "16/12/2021.",
    "tokens" : [ {
      "id" : "s3-t0",
      "begin" : 368,
      "end" : 378,
      "text" : "16/12/2021",
      "whiteSpace" : false
    }, {
      "id" : "s3-t1",
      "begin" : 378,
      "end" : 379,
      "text" : ".",
      "whiteSpace" : false
    } ]
  }, {
    "id" : "s4",
    "begin" : 380,
    "end" : 423,
    "text" : "Florianópolis, aos 16 de dezembro de \n2021.",
    "tokens" : [ {
      "id" : "s4-t0",
      "begin" : 380,
      "end" : 393,
      "text" : "Florianópolis",
      "whiteSpace" : false
    }, {
      "id" : "s4-t1",
      "begin" : 393,
      "end" : 394,
      "text" : ",",
      "whiteSpace" : false
    }, {
      "id" : "s4-t2",
      "begin" : 395,
      "end" : 398,
      "text" : "aos",
      "whiteSpace" : false
    }, {
      "id" : "s4-t3",
      "begin" : 399,
      "end" : 401,
      "text" : "16",
      "whiteSpace" : false
    }, {
      "id" : "s4-t4",
      "begin" : 402,
      "end" : 404,
      "text" : "de",
      "whiteSpace" : false
    }, {
      "id" : "s4-t5",
      "begin" : 405,
      "end" : 413,
      "text" : "dezembro",
      "whiteSpace" : false
    }, {
      "id" : "s4-t6",
      "begin" : 414,
      "end" : 416,
      "text" : "de",
      "whiteSpace" : false
    }, {
      "id" : "s4-t7",
      "begin" : 418,
      "end" : 422,
      "text" : "2021",
      "whiteSpace" : false
    }, {
      "id" : "s4-t8",
      "begin" : 422,
      "end" : 423,
      "text" : ".",
      "whiteSpace" : false
    } ]
  }, {
    "id" : "s5",
    "begin" : 424,
    "end" : 517,
    "text" : "GEAN MARQUES LOUREIRO PREFEITO \nMUNICIPAL EVERSON MENDES SECRETÁRIO \nMUNICIPAL DA CASA CIVIL.",
    "tokens" : [ {
      "id" : "s5-t0",
      "begin" : 424,
      "end" : 428,
      "text" : "GEAN",
      "whiteSpace" : false
    }, {
      "id" : "s5-t1",
      "begin" : 429,
      "end" : 436,
      "text" : "MARQUES",
      "whiteSpace" : false
    }, {
      "id" : "s5-t2",
      "begin" : 437,
      "end" : 445,
      "text" : "LOUREIRO",
      "whiteSpace" : false
    }, {
      "id" : "s5-t3",
      "begin" : 446,
      "end" : 454,
      "text" : "PREFEITO",
      "whiteSpace" : false
    }, {
      "id" : "s5-t4",
      "begin" : 456,
      "end" : 465,
      "text" : "MUNICIPAL",
      "whiteSpace" : false
    }, {
      "id" : "s5-t5",
      "begin" : 466,
      "end" : 473,
      "text" : "EVERSON",
      "whiteSpace" : false
    }, {
      "id" : "s5-t6",
      "begin" : 474,
      "end" : 480,
      "text" : "MENDES",
      "whiteSpace" : false
    }, {
      "id" : "s5-t7",
      "begin" : 481,
      "end" : 491,
      "text" : "SECRETÁRIO",
      "whiteSpace" : false
    }, {
      "id" : "s5-t8",
      "begin" : 493,
      "end" : 502,
      "text" : "MUNICIPAL",
      "whiteSpace" : false
    }, {
      "id" : "s5-t9",
      "begin" : 503,
      "end" : 505,
      "text" : "DA",
      "whiteSpace" : false
    }, {
      "id" : "s5-t10",
      "begin" : 506,
      "end" : 510,
      "text" : "CASA",
      "whiteSpace" : false
    }, {
      "id" : "s5-t11",
      "begin" : 511,
      "end" : 516,
      "text" : "CIVIL",
      "whiteSpace" : false
    }, {
      "id" : "s5-t12",
      "begin" : 516,
      "end" : 517,
      "text" : ".",
      "whiteSpace" : false
    } ]
  } ],
  "mentions" : [ {
    "id" : "s0-m1",
    "properties" : {
      "SIRE_MENTION_ROLE" : "portaria",
      "SIRE_ENTITY_SUBTYPE" : "NONE",
      "SIRE_MENTION_TYPE" : "NONE",
      "SIRE_MENTION_CLASS" : "SPC"
    },
    "type" : "portaria",
    "begin" : 11,
    "end" : 17,
    "inCoref" : false
  }, {
    "id" : "s0-m2",
    "properties" : {
      "SIRE_MENTION_ROLE" : "dia",
      "SIRE_ENTITY_SUBTYPE" : "NONE",
      "SIRE_MENTION_TYPE" : "NONE",
      "SIRE_MENTION_CLASS" : "SPC"
    },
    "type" : "dia",
    "begin" : 22,
    "end" : 24,
    "inCoref" : false
  }, {
    "id" : "s0-m3",
    "properties" : {
      "SIRE_MENTION_ROLE" : "mes",
      "SIRE_ENTITY_SUBTYPE" : "NONE",
      "SIRE_MENTION_TYPE" : "NONE",
      "SIRE_MENTION_CLASS" : "SPC"
    },
    "type" : "mes",
    "begin" : 28,
    "end" : 36,
    "inCoref" : false
  }, {
    "id" : "s0-m4",
    "properties" : {
      "SIRE_MENTION_ROLE" : "ano",
      "SIRE_ENTITY_SUBTYPE" : "NONE",
      "SIRE_MENTION_TYPE" : "NONE",
      "SIRE_MENTION_CLASS" : "SPC"
    },
    "type" : "ano",
    "begin" : 41,
    "end" : 45,
    "inCoref" : false
  }, {
    "id" : "s2-m1",
    "properties" : {
      "SIRE_MENTION_ROLE" : "ato",
      "SIRE_ENTITY_SUBTYPE" : "NONE",
      "SIRE_MENTION_TYPE" : "NONE",
      "SIRE_MENTION_CLASS" : "SPC"
    },
    "type" : "ato",
    "begin" : 216,
    "end" : 222,
    "inCoref" : false
  }, {
    "id" : "s2-m2",
    "properties" : {
      "SIRE_MENTION_ROLE" : "nome",
      "SIRE_ENTITY_SUBTYPE" : "NONE",
      "SIRE_MENTION_TYPE" : "NONE",
      "SIRE_MENTION_CLASS" : "SPC"
    },
    "type" : "nome",
    "begin" : 223,
    "end" : 248,
    "inCoref" : false
  }, {
    "id" : "s2-m3",
    "properties" : {
      "SIRE_MENTION_ROLE" : "cargo",
      "SIRE_ENTITY_SUBTYPE" : "NONE",
      "SIRE_MENTION_TYPE" : "NONE",
      "SIRE_MENTION_CLASS" : "SPC"
    },
    "type" : "cargo",
    "begin" : 286,
    "end" : 352,
    "inCoref" : false
  } ],
  "relations" : [ ],
  "corefs" : [ ],
  "typeResolved" : true,
  "userResolved" : false
}