{
  "id" : "cded0610-7020-11ec-8aab-63cd9c950ac0-4",
  "name" : "buffer_rio_exo_05.txt",
  "createdDate" : 0,
  "version" : 3,
  "text" : "RESOLUÇÃO “P” N.º 787 DE 22 DE FEVEREIRO DE 2013\nO SECRETÁRIO CHEFE DA SECRETARIA MUNICIPAL DA CASA CI-\nVIL, no uso das atribuições que lhe são conferidas pela legislação em vigor,\n\nRESOLVE\nExonerar MARy HELEN RODRIGUES CERQUEIRA, matrícula 60/277.604-5, \ncom validade a partir de 1º de fevereiro de 2013, do Cargo em Comissão de \nAssessor III, símbolo DAS-07, código 035351, da Assessoria de Projetos Es-\npeciais, da Secretaria Municipal de Cultura.\n\n",
  "docLength" : 0,
  "language" : "PT",
  "status" : "IN_PROGRESS",
  "modifiedDate" : 1641604990693,
  "documentSet" : [ ],
  "preannotation" : [ ],
  "sentences" : [ {
    "id" : "s0",
    "begin" : 0,
    "end" : 180,
    "text" : "RESOLUÇÃO “P” N.º 787 DE 22 DE FEVEREIRO DE 2013\nO SECRETÁRIO CHEFE DA SECRETARIA MUNICIPAL DA CASA CI-\nVIL, no uso das atribuições que lhe são conferidas pela legislação em vigor,",
    "tokens" : [ {
      "id" : "s0-t0",
      "begin" : 0,
      "end" : 9,
      "text" : "RESOLUÇÃO",
      "whiteSpace" : false
    }, {
      "id" : "s0-t1",
      "begin" : 10,
      "end" : 11,
      "text" : "“",
      "whiteSpace" : false
    }, {
      "id" : "s0-t2",
      "begin" : 11,
      "end" : 12,
      "text" : "P",
      "whiteSpace" : false
    }, {
      "id" : "s0-t3",
      "begin" : 12,
      "end" : 13,
      "text" : "”",
      "whiteSpace" : false
    }, {
      "id" : "s0-t4",
      "begin" : 14,
      "end" : 16,
      "text" : "N.",
      "whiteSpace" : false
    }, {
      "id" : "s0-t5",
      "begin" : 16,
      "end" : 17,
      "text" : "º",
      "whiteSpace" : false
    }, {
      "id" : "s0-t6",
      "begin" : 18,
      "end" : 21,
      "text" : "787",
      "whiteSpace" : false
    }, {
      "id" : "s0-t7",
      "begin" : 22,
      "end" : 24,
      "text" : "DE",
      "whiteSpace" : false
    }, {
      "id" : "s0-t8",
      "begin" : 25,
      "end" : 27,
      "text" : "22",
      "whiteSpace" : false
    }, {
      "id" : "s0-t9",
      "begin" : 28,
      "end" : 30,
      "text" : "DE",
      "whiteSpace" : false
    }, {
      "id" : "s0-t10",
      "begin" : 31,
      "end" : 40,
      "text" : "FEVEREIRO",
      "whiteSpace" : false
    }, {
      "id" : "s0-t11",
      "begin" : 41,
      "end" : 43,
      "text" : "DE",
      "whiteSpace" : false
    }, {
      "id" : "s0-t12",
      "begin" : 44,
      "end" : 48,
      "text" : "2013",
      "whiteSpace" : false
    }, {
      "id" : "s0-t13",
      "begin" : 49,
      "end" : 50,
      "text" : "O",
      "whiteSpace" : false
    }, {
      "id" : "s0-t14",
      "begin" : 51,
      "end" : 61,
      "text" : "SECRETÁRIO",
      "whiteSpace" : false
    }, {
      "id" : "s0-t15",
      "begin" : 62,
      "end" : 67,
      "text" : "CHEFE",
      "whiteSpace" : false
    }, {
      "id" : "s0-t16",
      "begin" : 68,
      "end" : 70,
      "text" : "DA",
      "whiteSpace" : false
    }, {
      "id" : "s0-t17",
      "begin" : 71,
      "end" : 81,
      "text" : "SECRETARIA",
      "whiteSpace" : false
    }, {
      "id" : "s0-t18",
      "begin" : 82,
      "end" : 91,
      "text" : "MUNICIPAL",
      "whiteSpace" : false
    }, {
      "id" : "s0-t19",
      "begin" : 92,
      "end" : 94,
      "text" : "DA",
      "whiteSpace" : false
    }, {
      "id" : "s0-t20",
      "begin" : 95,
      "end" : 99,
      "text" : "CASA",
      "whiteSpace" : false
    }, {
      "id" : "s0-t21",
      "begin" : 100,
      "end" : 102,
      "text" : "CI",
      "whiteSpace" : false
    }, {
      "id" : "s0-t22",
      "begin" : 102,
      "end" : 103,
      "text" : "-",
      "whiteSpace" : false
    }, {
      "id" : "s0-t23",
      "begin" : 104,
      "end" : 107,
      "text" : "VIL",
      "whiteSpace" : false
    }, {
      "id" : "s0-t24",
      "begin" : 107,
      "end" : 108,
      "text" : ",",
      "whiteSpace" : false
    }, {
      "id" : "s0-t25",
      "begin" : 109,
      "end" : 111,
      "text" : "no",
      "whiteSpace" : false
    }, {
      "id" : "s0-t26",
      "begin" : 112,
      "end" : 115,
      "text" : "uso",
      "whiteSpace" : false
    }, {
      "id" : "s0-t27",
      "begin" : 116,
      "end" : 119,
      "text" : "das",
      "whiteSpace" : false
    }, {
      "id" : "s0-t28",
      "begin" : 120,
      "end" : 131,
      "text" : "atribuições",
      "whiteSpace" : false
    }, {
      "id" : "s0-t29",
      "begin" : 132,
      "end" : 135,
      "text" : "que",
      "whiteSpace" : false
    }, {
      "id" : "s0-t30",
      "begin" : 136,
      "end" : 139,
      "text" : "lhe",
      "whiteSpace" : false
    }, {
      "id" : "s0-t31",
      "begin" : 140,
      "end" : 143,
      "text" : "são",
      "whiteSpace" : false
    }, {
      "id" : "s0-t32",
      "begin" : 144,
      "end" : 154,
      "text" : "conferidas",
      "whiteSpace" : false
    }, {
      "id" : "s0-t33",
      "begin" : 155,
      "end" : 159,
      "text" : "pela",
      "whiteSpace" : false
    }, {
      "id" : "s0-t34",
      "begin" : 160,
      "end" : 170,
      "text" : "legislação",
      "whiteSpace" : false
    }, {
      "id" : "s0-t35",
      "begin" : 171,
      "end" : 173,
      "text" : "em",
      "whiteSpace" : false
    }, {
      "id" : "s0-t36",
      "begin" : 174,
      "end" : 179,
      "text" : "vigor",
      "whiteSpace" : false
    }, {
      "id" : "s0-t37",
      "begin" : 179,
      "end" : 180,
      "text" : ",",
      "whiteSpace" : false
    } ]
  }, {
    "id" : "s1",
    "begin" : 182,
    "end" : 450,
    "text" : "RESOLVE\nExonerar MARy HELEN RODRIGUES CERQUEIRA, matrícula 60/277.604-5, \ncom validade a partir de 1º de fevereiro de 2013, do Cargo em Comissão de \nAssessor III, símbolo DAS-07, código 035351, da Assessoria de Projetos Es-\npeciais, da Secretaria Municipal de Cultura.",
    "tokens" : [ {
      "id" : "s1-t0",
      "begin" : 182,
      "end" : 189,
      "text" : "RESOLVE",
      "whiteSpace" : false
    }, {
      "id" : "s1-t1",
      "begin" : 190,
      "end" : 198,
      "text" : "Exonerar",
      "whiteSpace" : false
    }, {
      "id" : "s1-t2",
      "begin" : 199,
      "end" : 203,
      "text" : "MARy",
      "whiteSpace" : false
    }, {
      "id" : "s1-t3",
      "begin" : 204,
      "end" : 209,
      "text" : "HELEN",
      "whiteSpace" : false
    }, {
      "id" : "s1-t4",
      "begin" : 210,
      "end" : 219,
      "text" : "RODRIGUES",
      "whiteSpace" : false
    }, {
      "id" : "s1-t5",
      "begin" : 220,
      "end" : 229,
      "text" : "CERQUEIRA",
      "whiteSpace" : false
    }, {
      "id" : "s1-t6",
      "begin" : 229,
      "end" : 230,
      "text" : ",",
      "whiteSpace" : false
    }, {
      "id" : "s1-t7",
      "begin" : 231,
      "end" : 240,
      "text" : "matrícula",
      "whiteSpace" : false
    }, {
      "id" : "s1-t8",
      "begin" : 241,
      "end" : 243,
      "text" : "60",
      "whiteSpace" : false
    }, {
      "id" : "s1-t9",
      "begin" : 243,
      "end" : 253,
      "text" : "/277.604-5",
      "whiteSpace" : false
    }, {
      "id" : "s1-t10",
      "begin" : 253,
      "end" : 254,
      "text" : ",",
      "whiteSpace" : false
    }, {
      "id" : "s1-t11",
      "begin" : 256,
      "end" : 259,
      "text" : "com",
      "whiteSpace" : false
    }, {
      "id" : "s1-t12",
      "begin" : 260,
      "end" : 268,
      "text" : "validade",
      "whiteSpace" : false
    }, {
      "id" : "s1-t13",
      "begin" : 269,
      "end" : 270,
      "text" : "a",
      "whiteSpace" : false
    }, {
      "id" : "s1-t14",
      "begin" : 271,
      "end" : 277,
      "text" : "partir",
      "whiteSpace" : false
    }, {
      "id" : "s1-t15",
      "begin" : 278,
      "end" : 280,
      "text" : "de",
      "whiteSpace" : false
    }, {
      "id" : "s1-t16",
      "begin" : 281,
      "end" : 283,
      "text" : "1º",
      "whiteSpace" : false
    }, {
      "id" : "s1-t17",
      "begin" : 284,
      "end" : 286,
      "text" : "de",
      "whiteSpace" : false
    }, {
      "id" : "s1-t18",
      "begin" : 287,
      "end" : 296,
      "text" : "fevereiro",
      "whiteSpace" : false
    }, {
      "id" : "s1-t19",
      "begin" : 297,
      "end" : 299,
      "text" : "de",
      "whiteSpace" : false
    }, {
      "id" : "s1-t20",
      "begin" : 300,
      "end" : 304,
      "text" : "2013",
      "whiteSpace" : false
    }, {
      "id" : "s1-t21",
      "begin" : 304,
      "end" : 305,
      "text" : ",",
      "whiteSpace" : false
    }, {
      "id" : "s1-t22",
      "begin" : 306,
      "end" : 308,
      "text" : "do",
      "whiteSpace" : false
    }, {
      "id" : "s1-t23",
      "begin" : 309,
      "end" : 314,
      "text" : "Cargo",
      "whiteSpace" : false
    }, {
      "id" : "s1-t24",
      "begin" : 315,
      "end" : 317,
      "text" : "em",
      "whiteSpace" : false
    }, {
      "id" : "s1-t25",
      "begin" : 318,
      "end" : 326,
      "text" : "Comissão",
      "whiteSpace" : false
    }, {
      "id" : "s1-t26",
      "begin" : 327,
      "end" : 329,
      "text" : "de",
      "whiteSpace" : false
    }, {
      "id" : "s1-t27",
      "begin" : 331,
      "end" : 339,
      "text" : "Assessor",
      "whiteSpace" : false
    }, {
      "id" : "s1-t28",
      "begin" : 340,
      "end" : 343,
      "text" : "III",
      "whiteSpace" : false
    }, {
      "id" : "s1-t29",
      "begin" : 343,
      "end" : 344,
      "text" : ",",
      "whiteSpace" : false
    }, {
      "id" : "s1-t30",
      "begin" : 345,
      "end" : 352,
      "text" : "símbolo",
      "whiteSpace" : false
    }, {
      "id" : "s1-t31",
      "begin" : 353,
      "end" : 359,
      "text" : "DAS-07",
      "whiteSpace" : false
    }, {
      "id" : "s1-t32",
      "begin" : 359,
      "end" : 360,
      "text" : ",",
      "whiteSpace" : false
    }, {
      "id" : "s1-t33",
      "begin" : 361,
      "end" : 367,
      "text" : "código",
      "whiteSpace" : false
    }, {
      "id" : "s1-t34",
      "begin" : 368,
      "end" : 374,
      "text" : "035351",
      "whiteSpace" : false
    }, {
      "id" : "s1-t35",
      "begin" : 374,
      "end" : 375,
      "text" : ",",
      "whiteSpace" : false
    }, {
      "id" : "s1-t36",
      "begin" : 376,
      "end" : 378,
      "text" : "da",
      "whiteSpace" : false
    }, {
      "id" : "s1-t37",
      "begin" : 379,
      "end" : 389,
      "text" : "Assessoria",
      "whiteSpace" : false
    }, {
      "id" : "s1-t38",
      "begin" : 390,
      "end" : 392,
      "text" : "de",
      "whiteSpace" : false
    }, {
      "id" : "s1-t39",
      "begin" : 393,
      "end" : 401,
      "text" : "Projetos",
      "whiteSpace" : false
    }, {
      "id" : "s1-t40",
      "begin" : 402,
      "end" : 404,
      "text" : "Es",
      "whiteSpace" : false
    }, {
      "id" : "s1-t41",
      "begin" : 404,
      "end" : 405,
      "text" : "-",
      "whiteSpace" : false
    }, {
      "id" : "s1-t42",
      "begin" : 406,
      "end" : 413,
      "text" : "peciais",
      "whiteSpace" : false
    }, {
      "id" : "s1-t43",
      "begin" : 413,
      "end" : 414,
      "text" : ",",
      "whiteSpace" : false
    }, {
      "id" : "s1-t44",
      "begin" : 415,
      "end" : 417,
      "text" : "da",
      "whiteSpace" : false
    }, {
      "id" : "s1-t45",
      "begin" : 418,
      "end" : 428,
      "text" : "Secretaria",
      "whiteSpace" : false
    }, {
      "id" : "s1-t46",
      "begin" : 429,
      "end" : 438,
      "text" : "Municipal",
      "whiteSpace" : false
    }, {
      "id" : "s1-t47",
      "begin" : 439,
      "end" : 441,
      "text" : "de",
      "whiteSpace" : false
    }, {
      "id" : "s1-t48",
      "begin" : 442,
      "end" : 449,
      "text" : "Cultura",
      "whiteSpace" : false
    }, {
      "id" : "s1-t49",
      "begin" : 449,
      "end" : 450,
      "text" : ".",
      "whiteSpace" : false
    } ]
  } ],
  "mentions" : [ {
    "id" : "s0-m1",
    "properties" : {
      "SIRE_MENTION_ROLE" : "portaria",
      "SIRE_ENTITY_SUBTYPE" : "NONE",
      "SIRE_MENTION_TYPE" : "NONE",
      "SIRE_MENTION_CLASS" : "SPC"
    },
    "type" : "portaria",
    "begin" : 18,
    "end" : 21,
    "inCoref" : false
  }, {
    "id" : "s0-m2",
    "properties" : {
      "SIRE_MENTION_ROLE" : "dia",
      "SIRE_ENTITY_SUBTYPE" : "NONE",
      "SIRE_MENTION_TYPE" : "NONE",
      "SIRE_MENTION_CLASS" : "SPC"
    },
    "type" : "dia",
    "begin" : 25,
    "end" : 27,
    "inCoref" : false
  }, {
    "id" : "s0-m3",
    "properties" : {
      "SIRE_MENTION_ROLE" : "mes",
      "SIRE_ENTITY_SUBTYPE" : "NONE",
      "SIRE_MENTION_TYPE" : "NONE",
      "SIRE_MENTION_CLASS" : "SPC"
    },
    "type" : "mes",
    "begin" : 31,
    "end" : 40,
    "inCoref" : false
  }, {
    "id" : "s0-m4",
    "properties" : {
      "SIRE_MENTION_ROLE" : "ano",
      "SIRE_ENTITY_SUBTYPE" : "NONE",
      "SIRE_MENTION_TYPE" : "NONE",
      "SIRE_MENTION_CLASS" : "SPC"
    },
    "type" : "ano",
    "begin" : 44,
    "end" : 48,
    "inCoref" : false
  }, {
    "id" : "s1-m1",
    "properties" : {
      "SIRE_MENTION_ROLE" : "ato",
      "SIRE_ENTITY_SUBTYPE" : "NONE",
      "SIRE_MENTION_TYPE" : "NONE",
      "SIRE_MENTION_CLASS" : "SPC"
    },
    "type" : "ato",
    "begin" : 190,
    "end" : 198,
    "inCoref" : false
  }, {
    "id" : "s1-m2",
    "properties" : {
      "SIRE_MENTION_ROLE" : "nome",
      "SIRE_ENTITY_SUBTYPE" : "NONE",
      "SIRE_MENTION_TYPE" : "NONE",
      "SIRE_MENTION_CLASS" : "SPC"
    },
    "type" : "nome",
    "begin" : 199,
    "end" : 229,
    "inCoref" : false
  }, {
    "id" : "s1-m3",
    "properties" : {
      "SIRE_MENTION_ROLE" : "cargo",
      "SIRE_ENTITY_SUBTYPE" : "NONE",
      "SIRE_MENTION_TYPE" : "NONE",
      "SIRE_MENTION_CLASS" : "SPC"
    },
    "type" : "cargo",
    "begin" : 331,
    "end" : 343,
    "inCoref" : false
  } ],
  "relations" : [ ],
  "corefs" : [ ],
  "typeResolved" : true,
  "userResolved" : false
}