{
  "id" : "cded0610-7020-11ec-8aab-63cd9c950ac0-3",
  "name" : "buffer_rio_exo_04.txt",
  "createdDate" : 0,
  "version" : 3,
  "text" : "RESOLUÇÃO “P” N.º 777 DE 22 DE FEVEREIRO DE 2013\nO SECRETÁRIO CHEFE DA SECRETARIA MUNICIPAL DA CASA CI-\nVIL, no uso das atribuições que lhe são conferidas pela legislação em vigor,\n\nRESOLVE\nExonerar MARIA DE FÁTIMA ANDRADE PINTO ROSA, matrícula \n70/274.498-5, com validade a partir de 15 de fevereiro de 2013, do Cargo \nem Comissão de Superintendente, símbolo DAS-09, código 030884, da \nSuperintendência de Vigilância e Fiscalização Sanitária em Alimentos, da \nSubsecretaria de Vigilância, Fiscalização Sanitária e Controle de Zoono-\nses, da Secretaria Municipal de Saúde e Defesa Civil.\n",
  "docLength" : 0,
  "language" : "PT",
  "status" : "IN_PROGRESS",
  "modifiedDate" : 1641604963679,
  "documentSet" : [ ],
  "preannotation" : [ ],
  "sentences" : [ {
    "id" : "s0",
    "begin" : 0,
    "end" : 180,
    "text" : "RESOLUÇÃO “P” N.º 777 DE 22 DE FEVEREIRO DE 2013\nO SECRETÁRIO CHEFE DA SECRETARIA MUNICIPAL DA CASA CI-\nVIL, no uso das atribuições que lhe são conferidas pela legislação em vigor,",
    "tokens" : [ {
      "id" : "s0-t0",
      "begin" : 0,
      "end" : 9,
      "text" : "RESOLUÇÃO",
      "whiteSpace" : false
    }, {
      "id" : "s0-t1",
      "begin" : 10,
      "end" : 11,
      "text" : "“",
      "whiteSpace" : false
    }, {
      "id" : "s0-t2",
      "begin" : 11,
      "end" : 12,
      "text" : "P",
      "whiteSpace" : false
    }, {
      "id" : "s0-t3",
      "begin" : 12,
      "end" : 13,
      "text" : "”",
      "whiteSpace" : false
    }, {
      "id" : "s0-t4",
      "begin" : 14,
      "end" : 16,
      "text" : "N.",
      "whiteSpace" : false
    }, {
      "id" : "s0-t5",
      "begin" : 16,
      "end" : 17,
      "text" : "º",
      "whiteSpace" : false
    }, {
      "id" : "s0-t6",
      "begin" : 18,
      "end" : 21,
      "text" : "777",
      "whiteSpace" : false
    }, {
      "id" : "s0-t7",
      "begin" : 22,
      "end" : 24,
      "text" : "DE",
      "whiteSpace" : false
    }, {
      "id" : "s0-t8",
      "begin" : 25,
      "end" : 27,
      "text" : "22",
      "whiteSpace" : false
    }, {
      "id" : "s0-t9",
      "begin" : 28,
      "end" : 30,
      "text" : "DE",
      "whiteSpace" : false
    }, {
      "id" : "s0-t10",
      "begin" : 31,
      "end" : 40,
      "text" : "FEVEREIRO",
      "whiteSpace" : false
    }, {
      "id" : "s0-t11",
      "begin" : 41,
      "end" : 43,
      "text" : "DE",
      "whiteSpace" : false
    }, {
      "id" : "s0-t12",
      "begin" : 44,
      "end" : 48,
      "text" : "2013",
      "whiteSpace" : false
    }, {
      "id" : "s0-t13",
      "begin" : 49,
      "end" : 50,
      "text" : "O",
      "whiteSpace" : false
    }, {
      "id" : "s0-t14",
      "begin" : 51,
      "end" : 61,
      "text" : "SECRETÁRIO",
      "whiteSpace" : false
    }, {
      "id" : "s0-t15",
      "begin" : 62,
      "end" : 67,
      "text" : "CHEFE",
      "whiteSpace" : false
    }, {
      "id" : "s0-t16",
      "begin" : 68,
      "end" : 70,
      "text" : "DA",
      "whiteSpace" : false
    }, {
      "id" : "s0-t17",
      "begin" : 71,
      "end" : 81,
      "text" : "SECRETARIA",
      "whiteSpace" : false
    }, {
      "id" : "s0-t18",
      "begin" : 82,
      "end" : 91,
      "text" : "MUNICIPAL",
      "whiteSpace" : false
    }, {
      "id" : "s0-t19",
      "begin" : 92,
      "end" : 94,
      "text" : "DA",
      "whiteSpace" : false
    }, {
      "id" : "s0-t20",
      "begin" : 95,
      "end" : 99,
      "text" : "CASA",
      "whiteSpace" : false
    }, {
      "id" : "s0-t21",
      "begin" : 100,
      "end" : 102,
      "text" : "CI",
      "whiteSpace" : false
    }, {
      "id" : "s0-t22",
      "begin" : 102,
      "end" : 103,
      "text" : "-",
      "whiteSpace" : false
    }, {
      "id" : "s0-t23",
      "begin" : 104,
      "end" : 107,
      "text" : "VIL",
      "whiteSpace" : false
    }, {
      "id" : "s0-t24",
      "begin" : 107,
      "end" : 108,
      "text" : ",",
      "whiteSpace" : false
    }, {
      "id" : "s0-t25",
      "begin" : 109,
      "end" : 111,
      "text" : "no",
      "whiteSpace" : false
    }, {
      "id" : "s0-t26",
      "begin" : 112,
      "end" : 115,
      "text" : "uso",
      "whiteSpace" : false
    }, {
      "id" : "s0-t27",
      "begin" : 116,
      "end" : 119,
      "text" : "das",
      "whiteSpace" : false
    }, {
      "id" : "s0-t28",
      "begin" : 120,
      "end" : 131,
      "text" : "atribuições",
      "whiteSpace" : false
    }, {
      "id" : "s0-t29",
      "begin" : 132,
      "end" : 135,
      "text" : "que",
      "whiteSpace" : false
    }, {
      "id" : "s0-t30",
      "begin" : 136,
      "end" : 139,
      "text" : "lhe",
      "whiteSpace" : false
    }, {
      "id" : "s0-t31",
      "begin" : 140,
      "end" : 143,
      "text" : "são",
      "whiteSpace" : false
    }, {
      "id" : "s0-t32",
      "begin" : 144,
      "end" : 154,
      "text" : "conferidas",
      "whiteSpace" : false
    }, {
      "id" : "s0-t33",
      "begin" : 155,
      "end" : 159,
      "text" : "pela",
      "whiteSpace" : false
    }, {
      "id" : "s0-t34",
      "begin" : 160,
      "end" : 170,
      "text" : "legislação",
      "whiteSpace" : false
    }, {
      "id" : "s0-t35",
      "begin" : 171,
      "end" : 173,
      "text" : "em",
      "whiteSpace" : false
    }, {
      "id" : "s0-t36",
      "begin" : 174,
      "end" : 179,
      "text" : "vigor",
      "whiteSpace" : false
    }, {
      "id" : "s0-t37",
      "begin" : 179,
      "end" : 180,
      "text" : ",",
      "whiteSpace" : false
    } ]
  }, {
    "id" : "s1",
    "begin" : 182,
    "end" : 587,
    "text" : "RESOLVE\nExonerar MARIA DE FÁTIMA ANDRADE PINTO ROSA, matrícula \n70/274.498-5, com validade a partir de 15 de fevereiro de 2013, do Cargo \nem Comissão de Superintendente, símbolo DAS-09, código 030884, da \nSuperintendência de Vigilância e Fiscalização Sanitária em Alimentos, da \nSubsecretaria de Vigilância, Fiscalização Sanitária e Controle de Zoono-\nses, da Secretaria Municipal de Saúde e Defesa Civil.",
    "tokens" : [ {
      "id" : "s1-t0",
      "begin" : 182,
      "end" : 189,
      "text" : "RESOLVE",
      "whiteSpace" : false
    }, {
      "id" : "s1-t1",
      "begin" : 190,
      "end" : 198,
      "text" : "Exonerar",
      "whiteSpace" : false
    }, {
      "id" : "s1-t2",
      "begin" : 199,
      "end" : 204,
      "text" : "MARIA",
      "whiteSpace" : false
    }, {
      "id" : "s1-t3",
      "begin" : 205,
      "end" : 207,
      "text" : "DE",
      "whiteSpace" : false
    }, {
      "id" : "s1-t4",
      "begin" : 208,
      "end" : 214,
      "text" : "FÁTIMA",
      "whiteSpace" : false
    }, {
      "id" : "s1-t5",
      "begin" : 215,
      "end" : 222,
      "text" : "ANDRADE",
      "whiteSpace" : false
    }, {
      "id" : "s1-t6",
      "begin" : 223,
      "end" : 228,
      "text" : "PINTO",
      "whiteSpace" : false
    }, {
      "id" : "s1-t7",
      "begin" : 229,
      "end" : 233,
      "text" : "ROSA",
      "whiteSpace" : false
    }, {
      "id" : "s1-t8",
      "begin" : 233,
      "end" : 234,
      "text" : ",",
      "whiteSpace" : false
    }, {
      "id" : "s1-t9",
      "begin" : 235,
      "end" : 244,
      "text" : "matrícula",
      "whiteSpace" : false
    }, {
      "id" : "s1-t10",
      "begin" : 246,
      "end" : 248,
      "text" : "70",
      "whiteSpace" : false
    }, {
      "id" : "s1-t11",
      "begin" : 248,
      "end" : 258,
      "text" : "/274.498-5",
      "whiteSpace" : false
    }, {
      "id" : "s1-t12",
      "begin" : 258,
      "end" : 259,
      "text" : ",",
      "whiteSpace" : false
    }, {
      "id" : "s1-t13",
      "begin" : 260,
      "end" : 263,
      "text" : "com",
      "whiteSpace" : false
    }, {
      "id" : "s1-t14",
      "begin" : 264,
      "end" : 272,
      "text" : "validade",
      "whiteSpace" : false
    }, {
      "id" : "s1-t15",
      "begin" : 273,
      "end" : 274,
      "text" : "a",
      "whiteSpace" : false
    }, {
      "id" : "s1-t16",
      "begin" : 275,
      "end" : 281,
      "text" : "partir",
      "whiteSpace" : false
    }, {
      "id" : "s1-t17",
      "begin" : 282,
      "end" : 284,
      "text" : "de",
      "whiteSpace" : false
    }, {
      "id" : "s1-t18",
      "begin" : 285,
      "end" : 287,
      "text" : "15",
      "whiteSpace" : false
    }, {
      "id" : "s1-t19",
      "begin" : 288,
      "end" : 290,
      "text" : "de",
      "whiteSpace" : false
    }, {
      "id" : "s1-t20",
      "begin" : 291,
      "end" : 300,
      "text" : "fevereiro",
      "whiteSpace" : false
    }, {
      "id" : "s1-t21",
      "begin" : 301,
      "end" : 303,
      "text" : "de",
      "whiteSpace" : false
    }, {
      "id" : "s1-t22",
      "begin" : 304,
      "end" : 308,
      "text" : "2013",
      "whiteSpace" : false
    }, {
      "id" : "s1-t23",
      "begin" : 308,
      "end" : 309,
      "text" : ",",
      "whiteSpace" : false
    }, {
      "id" : "s1-t24",
      "begin" : 310,
      "end" : 312,
      "text" : "do",
      "whiteSpace" : false
    }, {
      "id" : "s1-t25",
      "begin" : 313,
      "end" : 318,
      "text" : "Cargo",
      "whiteSpace" : false
    }, {
      "id" : "s1-t26",
      "begin" : 320,
      "end" : 322,
      "text" : "em",
      "whiteSpace" : false
    }, {
      "id" : "s1-t27",
      "begin" : 323,
      "end" : 331,
      "text" : "Comissão",
      "whiteSpace" : false
    }, {
      "id" : "s1-t28",
      "begin" : 332,
      "end" : 334,
      "text" : "de",
      "whiteSpace" : false
    }, {
      "id" : "s1-t29",
      "begin" : 335,
      "end" : 350,
      "text" : "Superintendente",
      "whiteSpace" : false
    }, {
      "id" : "s1-t30",
      "begin" : 350,
      "end" : 351,
      "text" : ",",
      "whiteSpace" : false
    }, {
      "id" : "s1-t31",
      "begin" : 352,
      "end" : 359,
      "text" : "símbolo",
      "whiteSpace" : false
    }, {
      "id" : "s1-t32",
      "begin" : 360,
      "end" : 366,
      "text" : "DAS-09",
      "whiteSpace" : false
    }, {
      "id" : "s1-t33",
      "begin" : 366,
      "end" : 367,
      "text" : ",",
      "whiteSpace" : false
    }, {
      "id" : "s1-t34",
      "begin" : 368,
      "end" : 374,
      "text" : "código",
      "whiteSpace" : false
    }, {
      "id" : "s1-t35",
      "begin" : 375,
      "end" : 381,
      "text" : "030884",
      "whiteSpace" : false
    }, {
      "id" : "s1-t36",
      "begin" : 381,
      "end" : 382,
      "text" : ",",
      "whiteSpace" : false
    }, {
      "id" : "s1-t37",
      "begin" : 383,
      "end" : 385,
      "text" : "da",
      "whiteSpace" : false
    }, {
      "id" : "s1-t38",
      "begin" : 387,
      "end" : 403,
      "text" : "Superintendência",
      "whiteSpace" : false
    }, {
      "id" : "s1-t39",
      "begin" : 404,
      "end" : 406,
      "text" : "de",
      "whiteSpace" : false
    }, {
      "id" : "s1-t40",
      "begin" : 407,
      "end" : 417,
      "text" : "Vigilância",
      "whiteSpace" : false
    }, {
      "id" : "s1-t41",
      "begin" : 418,
      "end" : 419,
      "text" : "e",
      "whiteSpace" : false
    }, {
      "id" : "s1-t42",
      "begin" : 420,
      "end" : 432,
      "text" : "Fiscalização",
      "whiteSpace" : false
    }, {
      "id" : "s1-t43",
      "begin" : 433,
      "end" : 442,
      "text" : "Sanitária",
      "whiteSpace" : false
    }, {
      "id" : "s1-t44",
      "begin" : 443,
      "end" : 445,
      "text" : "em",
      "whiteSpace" : false
    }, {
      "id" : "s1-t45",
      "begin" : 446,
      "end" : 455,
      "text" : "Alimentos",
      "whiteSpace" : false
    }, {
      "id" : "s1-t46",
      "begin" : 455,
      "end" : 456,
      "text" : ",",
      "whiteSpace" : false
    }, {
      "id" : "s1-t47",
      "begin" : 457,
      "end" : 459,
      "text" : "da",
      "whiteSpace" : false
    }, {
      "id" : "s1-t48",
      "begin" : 461,
      "end" : 474,
      "text" : "Subsecretaria",
      "whiteSpace" : false
    }, {
      "id" : "s1-t49",
      "begin" : 475,
      "end" : 477,
      "text" : "de",
      "whiteSpace" : false
    }, {
      "id" : "s1-t50",
      "begin" : 478,
      "end" : 488,
      "text" : "Vigilância",
      "whiteSpace" : false
    }, {
      "id" : "s1-t51",
      "begin" : 488,
      "end" : 489,
      "text" : ",",
      "whiteSpace" : false
    }, {
      "id" : "s1-t52",
      "begin" : 490,
      "end" : 502,
      "text" : "Fiscalização",
      "whiteSpace" : false
    }, {
      "id" : "s1-t53",
      "begin" : 503,
      "end" : 512,
      "text" : "Sanitária",
      "whiteSpace" : false
    }, {
      "id" : "s1-t54",
      "begin" : 513,
      "end" : 514,
      "text" : "e",
      "whiteSpace" : false
    }, {
      "id" : "s1-t55",
      "begin" : 515,
      "end" : 523,
      "text" : "Controle",
      "whiteSpace" : false
    }, {
      "id" : "s1-t56",
      "begin" : 524,
      "end" : 526,
      "text" : "de",
      "whiteSpace" : false
    }, {
      "id" : "s1-t57",
      "begin" : 527,
      "end" : 532,
      "text" : "Zoono",
      "whiteSpace" : false
    }, {
      "id" : "s1-t58",
      "begin" : 532,
      "end" : 533,
      "text" : "-",
      "whiteSpace" : false
    }, {
      "id" : "s1-t59",
      "begin" : 534,
      "end" : 537,
      "text" : "ses",
      "whiteSpace" : false
    }, {
      "id" : "s1-t60",
      "begin" : 537,
      "end" : 538,
      "text" : ",",
      "whiteSpace" : false
    }, {
      "id" : "s1-t61",
      "begin" : 539,
      "end" : 541,
      "text" : "da",
      "whiteSpace" : false
    }, {
      "id" : "s1-t62",
      "begin" : 542,
      "end" : 552,
      "text" : "Secretaria",
      "whiteSpace" : false
    }, {
      "id" : "s1-t63",
      "begin" : 553,
      "end" : 562,
      "text" : "Municipal",
      "whiteSpace" : false
    }, {
      "id" : "s1-t64",
      "begin" : 563,
      "end" : 565,
      "text" : "de",
      "whiteSpace" : false
    }, {
      "id" : "s1-t65",
      "begin" : 566,
      "end" : 571,
      "text" : "Saúde",
      "whiteSpace" : false
    }, {
      "id" : "s1-t66",
      "begin" : 572,
      "end" : 573,
      "text" : "e",
      "whiteSpace" : false
    }, {
      "id" : "s1-t67",
      "begin" : 574,
      "end" : 580,
      "text" : "Defesa",
      "whiteSpace" : false
    }, {
      "id" : "s1-t68",
      "begin" : 581,
      "end" : 586,
      "text" : "Civil",
      "whiteSpace" : false
    }, {
      "id" : "s1-t69",
      "begin" : 586,
      "end" : 587,
      "text" : ".",
      "whiteSpace" : false
    } ]
  } ],
  "mentions" : [ {
    "id" : "s0-m1",
    "properties" : {
      "SIRE_MENTION_ROLE" : "portaria",
      "SIRE_ENTITY_SUBTYPE" : "NONE",
      "SIRE_MENTION_TYPE" : "NONE",
      "SIRE_MENTION_CLASS" : "SPC"
    },
    "type" : "portaria",
    "begin" : 18,
    "end" : 21,
    "inCoref" : false
  }, {
    "id" : "s0-m2",
    "properties" : {
      "SIRE_MENTION_ROLE" : "dia",
      "SIRE_ENTITY_SUBTYPE" : "NONE",
      "SIRE_MENTION_TYPE" : "NONE",
      "SIRE_MENTION_CLASS" : "SPC"
    },
    "type" : "dia",
    "begin" : 25,
    "end" : 27,
    "inCoref" : false
  }, {
    "id" : "s0-m3",
    "properties" : {
      "SIRE_MENTION_ROLE" : "mes",
      "SIRE_ENTITY_SUBTYPE" : "NONE",
      "SIRE_MENTION_TYPE" : "NONE",
      "SIRE_MENTION_CLASS" : "SPC"
    },
    "type" : "mes",
    "begin" : 31,
    "end" : 40,
    "inCoref" : false
  }, {
    "id" : "s0-m4",
    "properties" : {
      "SIRE_MENTION_ROLE" : "ano",
      "SIRE_ENTITY_SUBTYPE" : "NONE",
      "SIRE_MENTION_TYPE" : "NONE",
      "SIRE_MENTION_CLASS" : "SPC"
    },
    "type" : "ano",
    "begin" : 44,
    "end" : 48,
    "inCoref" : false
  }, {
    "id" : "s1-m1",
    "properties" : {
      "SIRE_MENTION_ROLE" : "ato",
      "SIRE_ENTITY_SUBTYPE" : "NONE",
      "SIRE_MENTION_TYPE" : "NONE",
      "SIRE_MENTION_CLASS" : "SPC"
    },
    "type" : "ato",
    "begin" : 190,
    "end" : 198,
    "inCoref" : false
  }, {
    "id" : "s1-m2",
    "properties" : {
      "SIRE_MENTION_ROLE" : "nome",
      "SIRE_ENTITY_SUBTYPE" : "NONE",
      "SIRE_MENTION_TYPE" : "NONE",
      "SIRE_MENTION_CLASS" : "SPC"
    },
    "type" : "nome",
    "begin" : 199,
    "end" : 233,
    "inCoref" : false
  }, {
    "id" : "s1-m3",
    "properties" : {
      "SIRE_MENTION_ROLE" : "cargo",
      "SIRE_ENTITY_SUBTYPE" : "NONE",
      "SIRE_MENTION_TYPE" : "NONE",
      "SIRE_MENTION_CLASS" : "SPC"
    },
    "type" : "cargo",
    "begin" : 335,
    "end" : 350,
    "inCoref" : false
  } ],
  "relations" : [ ],
  "corefs" : [ ],
  "typeResolved" : true,
  "userResolved" : false
}