{
  "id" : "cded0610-7020-11ec-8aab-63cd9c950ac0-7",
  "name" : "buffer_rio_exo_08.txt",
  "createdDate" : 0,
  "version" : 3,
  "text" : "RESOLUÇÕES “P” DE 22 DE FEVEREIRO DE 2013\n\nO SECRETÁRIO MUNICIPAL DE ADMINISTRAÇÃO, no uso de suas \natribuições que lhe são conferidas pela legislação em vigor,\n\nRESOLVE:\nResolução nº 134 - Exonerar, a pedido, ANDRE LUIZ BATISTA BEZER-\nRA, matrícula 11/224.453-1, do Cargo em Comissão de COORDENA-\nDOR I, símbolo DAS-09, código 016919, da Coordenadoria de Análise e \nPagamento da Secretaria Municipal de Administração.\n\n",
  "docLength" : 0,
  "language" : "PT",
  "status" : "IN_PROGRESS",
  "modifiedDate" : 1641605199277,
  "documentSet" : [ ],
  "preannotation" : [ ],
  "sentences" : [ {
    "id" : "s0",
    "begin" : 0,
    "end" : 41,
    "text" : "RESOLUÇÕES “P” DE 22 DE FEVEREIRO DE 2013",
    "tokens" : [ {
      "id" : "s0-t0",
      "begin" : 0,
      "end" : 10,
      "text" : "RESOLUÇÕES",
      "whiteSpace" : false
    }, {
      "id" : "s0-t1",
      "begin" : 11,
      "end" : 12,
      "text" : "“",
      "whiteSpace" : false
    }, {
      "id" : "s0-t2",
      "begin" : 12,
      "end" : 13,
      "text" : "P",
      "whiteSpace" : false
    }, {
      "id" : "s0-t3",
      "begin" : 13,
      "end" : 14,
      "text" : "”",
      "whiteSpace" : false
    }, {
      "id" : "s0-t4",
      "begin" : 15,
      "end" : 17,
      "text" : "DE",
      "whiteSpace" : false
    }, {
      "id" : "s0-t5",
      "begin" : 18,
      "end" : 20,
      "text" : "22",
      "whiteSpace" : false
    }, {
      "id" : "s0-t6",
      "begin" : 21,
      "end" : 23,
      "text" : "DE",
      "whiteSpace" : false
    }, {
      "id" : "s0-t7",
      "begin" : 24,
      "end" : 33,
      "text" : "FEVEREIRO",
      "whiteSpace" : false
    }, {
      "id" : "s0-t8",
      "begin" : 34,
      "end" : 36,
      "text" : "DE",
      "whiteSpace" : false
    }, {
      "id" : "s0-t9",
      "begin" : 37,
      "end" : 41,
      "text" : "2013",
      "whiteSpace" : false
    } ]
  }, {
    "id" : "s1",
    "begin" : 43,
    "end" : 160,
    "text" : "O SECRETÁRIO MUNICIPAL DE ADMINISTRAÇÃO, no uso de suas \natribuições que lhe são conferidas pela legislação em vigor,",
    "tokens" : [ {
      "id" : "s1-t0",
      "begin" : 43,
      "end" : 44,
      "text" : "O",
      "whiteSpace" : false
    }, {
      "id" : "s1-t1",
      "begin" : 45,
      "end" : 55,
      "text" : "SECRETÁRIO",
      "whiteSpace" : false
    }, {
      "id" : "s1-t2",
      "begin" : 56,
      "end" : 65,
      "text" : "MUNICIPAL",
      "whiteSpace" : false
    }, {
      "id" : "s1-t3",
      "begin" : 66,
      "end" : 68,
      "text" : "DE",
      "whiteSpace" : false
    }, {
      "id" : "s1-t4",
      "begin" : 69,
      "end" : 82,
      "text" : "ADMINISTRAÇÃO",
      "whiteSpace" : false
    }, {
      "id" : "s1-t5",
      "begin" : 82,
      "end" : 83,
      "text" : ",",
      "whiteSpace" : false
    }, {
      "id" : "s1-t6",
      "begin" : 84,
      "end" : 86,
      "text" : "no",
      "whiteSpace" : false
    }, {
      "id" : "s1-t7",
      "begin" : 87,
      "end" : 90,
      "text" : "uso",
      "whiteSpace" : false
    }, {
      "id" : "s1-t8",
      "begin" : 91,
      "end" : 93,
      "text" : "de",
      "whiteSpace" : false
    }, {
      "id" : "s1-t9",
      "begin" : 94,
      "end" : 98,
      "text" : "suas",
      "whiteSpace" : false
    }, {
      "id" : "s1-t10",
      "begin" : 100,
      "end" : 111,
      "text" : "atribuições",
      "whiteSpace" : false
    }, {
      "id" : "s1-t11",
      "begin" : 112,
      "end" : 115,
      "text" : "que",
      "whiteSpace" : false
    }, {
      "id" : "s1-t12",
      "begin" : 116,
      "end" : 119,
      "text" : "lhe",
      "whiteSpace" : false
    }, {
      "id" : "s1-t13",
      "begin" : 120,
      "end" : 123,
      "text" : "são",
      "whiteSpace" : false
    }, {
      "id" : "s1-t14",
      "begin" : 124,
      "end" : 134,
      "text" : "conferidas",
      "whiteSpace" : false
    }, {
      "id" : "s1-t15",
      "begin" : 135,
      "end" : 139,
      "text" : "pela",
      "whiteSpace" : false
    }, {
      "id" : "s1-t16",
      "begin" : 140,
      "end" : 150,
      "text" : "legislação",
      "whiteSpace" : false
    }, {
      "id" : "s1-t17",
      "begin" : 151,
      "end" : 153,
      "text" : "em",
      "whiteSpace" : false
    }, {
      "id" : "s1-t18",
      "begin" : 154,
      "end" : 159,
      "text" : "vigor",
      "whiteSpace" : false
    }, {
      "id" : "s1-t19",
      "begin" : 159,
      "end" : 160,
      "text" : ",",
      "whiteSpace" : false
    } ]
  }, {
    "id" : "s2",
    "begin" : 162,
    "end" : 418,
    "text" : "RESOLVE:\nResolução nº 134 - Exonerar, a pedido, ANDRE LUIZ BATISTA BEZER-\nRA, matrícula 11/224.453-1, do Cargo em Comissão de COORDENA-\nDOR I, símbolo DAS-09, código 016919, da Coordenadoria de Análise e \nPagamento da Secretaria Municipal de Administração.",
    "tokens" : [ {
      "id" : "s2-t0",
      "begin" : 162,
      "end" : 169,
      "text" : "RESOLVE",
      "whiteSpace" : false
    }, {
      "id" : "s2-t1",
      "begin" : 169,
      "end" : 170,
      "text" : ":",
      "whiteSpace" : false
    }, {
      "id" : "s2-t2",
      "begin" : 171,
      "end" : 180,
      "text" : "Resolução",
      "whiteSpace" : false
    }, {
      "id" : "s2-t3",
      "begin" : 181,
      "end" : 183,
      "text" : "nº",
      "whiteSpace" : false
    }, {
      "id" : "s2-t4",
      "begin" : 184,
      "end" : 187,
      "text" : "134",
      "whiteSpace" : false
    }, {
      "id" : "s2-t5",
      "begin" : 188,
      "end" : 189,
      "text" : "-",
      "whiteSpace" : false
    }, {
      "id" : "s2-t6",
      "begin" : 190,
      "end" : 198,
      "text" : "Exonerar",
      "whiteSpace" : false
    }, {
      "id" : "s2-t7",
      "begin" : 198,
      "end" : 199,
      "text" : ",",
      "whiteSpace" : false
    }, {
      "id" : "s2-t8",
      "begin" : 200,
      "end" : 201,
      "text" : "a",
      "whiteSpace" : false
    }, {
      "id" : "s2-t9",
      "begin" : 202,
      "end" : 208,
      "text" : "pedido",
      "whiteSpace" : false
    }, {
      "id" : "s2-t10",
      "begin" : 208,
      "end" : 209,
      "text" : ",",
      "whiteSpace" : false
    }, {
      "id" : "s2-t11",
      "begin" : 210,
      "end" : 215,
      "text" : "ANDRE",
      "whiteSpace" : false
    }, {
      "id" : "s2-t12",
      "begin" : 216,
      "end" : 220,
      "text" : "LUIZ",
      "whiteSpace" : false
    }, {
      "id" : "s2-t13",
      "begin" : 221,
      "end" : 228,
      "text" : "BATISTA",
      "whiteSpace" : false
    }, {
      "id" : "s2-t14",
      "begin" : 229,
      "end" : 234,
      "text" : "BEZER",
      "whiteSpace" : false
    }, {
      "id" : "s2-t15",
      "begin" : 234,
      "end" : 235,
      "text" : "-",
      "whiteSpace" : false
    }, {
      "id" : "s2-t16",
      "begin" : 236,
      "end" : 238,
      "text" : "RA",
      "whiteSpace" : false
    }, {
      "id" : "s2-t17",
      "begin" : 238,
      "end" : 239,
      "text" : ",",
      "whiteSpace" : false
    }, {
      "id" : "s2-t18",
      "begin" : 240,
      "end" : 249,
      "text" : "matrícula",
      "whiteSpace" : false
    }, {
      "id" : "s2-t19",
      "begin" : 250,
      "end" : 252,
      "text" : "11",
      "whiteSpace" : false
    }, {
      "id" : "s2-t20",
      "begin" : 252,
      "end" : 262,
      "text" : "/224.453-1",
      "whiteSpace" : false
    }, {
      "id" : "s2-t21",
      "begin" : 262,
      "end" : 263,
      "text" : ",",
      "whiteSpace" : false
    }, {
      "id" : "s2-t22",
      "begin" : 264,
      "end" : 266,
      "text" : "do",
      "whiteSpace" : false
    }, {
      "id" : "s2-t23",
      "begin" : 267,
      "end" : 272,
      "text" : "Cargo",
      "whiteSpace" : false
    }, {
      "id" : "s2-t24",
      "begin" : 273,
      "end" : 275,
      "text" : "em",
      "whiteSpace" : false
    }, {
      "id" : "s2-t25",
      "begin" : 276,
      "end" : 284,
      "text" : "Comissão",
      "whiteSpace" : false
    }, {
      "id" : "s2-t26",
      "begin" : 285,
      "end" : 287,
      "text" : "de",
      "whiteSpace" : false
    }, {
      "id" : "s2-t27",
      "begin" : 288,
      "end" : 296,
      "text" : "COORDENA",
      "whiteSpace" : false
    }, {
      "id" : "s2-t28",
      "begin" : 296,
      "end" : 297,
      "text" : "-",
      "whiteSpace" : false
    }, {
      "id" : "s2-t29",
      "begin" : 298,
      "end" : 301,
      "text" : "DOR",
      "whiteSpace" : false
    }, {
      "id" : "s2-t30",
      "begin" : 302,
      "end" : 303,
      "text" : "I",
      "whiteSpace" : false
    }, {
      "id" : "s2-t31",
      "begin" : 303,
      "end" : 304,
      "text" : ",",
      "whiteSpace" : false
    }, {
      "id" : "s2-t32",
      "begin" : 305,
      "end" : 312,
      "text" : "símbolo",
      "whiteSpace" : false
    }, {
      "id" : "s2-t33",
      "begin" : 313,
      "end" : 319,
      "text" : "DAS-09",
      "whiteSpace" : false
    }, {
      "id" : "s2-t34",
      "begin" : 319,
      "end" : 320,
      "text" : ",",
      "whiteSpace" : false
    }, {
      "id" : "s2-t35",
      "begin" : 321,
      "end" : 327,
      "text" : "código",
      "whiteSpace" : false
    }, {
      "id" : "s2-t36",
      "begin" : 328,
      "end" : 334,
      "text" : "016919",
      "whiteSpace" : false
    }, {
      "id" : "s2-t37",
      "begin" : 334,
      "end" : 335,
      "text" : ",",
      "whiteSpace" : false
    }, {
      "id" : "s2-t38",
      "begin" : 336,
      "end" : 338,
      "text" : "da",
      "whiteSpace" : false
    }, {
      "id" : "s2-t39",
      "begin" : 339,
      "end" : 352,
      "text" : "Coordenadoria",
      "whiteSpace" : false
    }, {
      "id" : "s2-t40",
      "begin" : 353,
      "end" : 355,
      "text" : "de",
      "whiteSpace" : false
    }, {
      "id" : "s2-t41",
      "begin" : 356,
      "end" : 363,
      "text" : "Análise",
      "whiteSpace" : false
    }, {
      "id" : "s2-t42",
      "begin" : 364,
      "end" : 365,
      "text" : "e",
      "whiteSpace" : false
    }, {
      "id" : "s2-t43",
      "begin" : 367,
      "end" : 376,
      "text" : "Pagamento",
      "whiteSpace" : false
    }, {
      "id" : "s2-t44",
      "begin" : 377,
      "end" : 379,
      "text" : "da",
      "whiteSpace" : false
    }, {
      "id" : "s2-t45",
      "begin" : 380,
      "end" : 390,
      "text" : "Secretaria",
      "whiteSpace" : false
    }, {
      "id" : "s2-t46",
      "begin" : 391,
      "end" : 400,
      "text" : "Municipal",
      "whiteSpace" : false
    }, {
      "id" : "s2-t47",
      "begin" : 401,
      "end" : 403,
      "text" : "de",
      "whiteSpace" : false
    }, {
      "id" : "s2-t48",
      "begin" : 404,
      "end" : 417,
      "text" : "Administração",
      "whiteSpace" : false
    }, {
      "id" : "s2-t49",
      "begin" : 417,
      "end" : 418,
      "text" : ".",
      "whiteSpace" : false
    } ]
  } ],
  "mentions" : [ {
    "id" : "s0-m1",
    "properties" : {
      "SIRE_MENTION_ROLE" : "dia",
      "SIRE_ENTITY_SUBTYPE" : "NONE",
      "SIRE_MENTION_TYPE" : "NONE",
      "SIRE_MENTION_CLASS" : "SPC"
    },
    "type" : "dia",
    "begin" : 18,
    "end" : 20,
    "inCoref" : false
  }, {
    "id" : "s0-m2",
    "properties" : {
      "SIRE_MENTION_ROLE" : "mes",
      "SIRE_ENTITY_SUBTYPE" : "NONE",
      "SIRE_MENTION_TYPE" : "NONE",
      "SIRE_MENTION_CLASS" : "SPC"
    },
    "type" : "mes",
    "begin" : 24,
    "end" : 33,
    "inCoref" : false
  }, {
    "id" : "s0-m3",
    "properties" : {
      "SIRE_MENTION_ROLE" : "ano",
      "SIRE_ENTITY_SUBTYPE" : "NONE",
      "SIRE_MENTION_TYPE" : "NONE",
      "SIRE_MENTION_CLASS" : "SPC"
    },
    "type" : "ano",
    "begin" : 37,
    "end" : 41,
    "inCoref" : false
  }, {
    "id" : "s2-m2",
    "properties" : {
      "SIRE_MENTION_ROLE" : "portaria",
      "SIRE_ENTITY_SUBTYPE" : "NONE",
      "SIRE_MENTION_TYPE" : "NONE",
      "SIRE_MENTION_CLASS" : "SPC"
    },
    "type" : "portaria",
    "begin" : 184,
    "end" : 187,
    "inCoref" : false
  }, {
    "id" : "s2-m3",
    "properties" : {
      "SIRE_MENTION_ROLE" : "ato",
      "SIRE_ENTITY_SUBTYPE" : "NONE",
      "SIRE_MENTION_TYPE" : "NONE",
      "SIRE_MENTION_CLASS" : "SPC"
    },
    "type" : "ato",
    "begin" : 190,
    "end" : 198,
    "inCoref" : false
  }, {
    "id" : "s2-m4",
    "properties" : {
      "SIRE_MENTION_ROLE" : "nome",
      "SIRE_ENTITY_SUBTYPE" : "NONE",
      "SIRE_MENTION_TYPE" : "NONE",
      "SIRE_MENTION_CLASS" : "SPC"
    },
    "type" : "nome",
    "begin" : 210,
    "end" : 238,
    "inCoref" : false
  }, {
    "id" : "s2-m5",
    "properties" : {
      "SIRE_MENTION_ROLE" : "cargo",
      "SIRE_ENTITY_SUBTYPE" : "NONE",
      "SIRE_MENTION_TYPE" : "NONE",
      "SIRE_MENTION_CLASS" : "SPC"
    },
    "type" : "cargo",
    "begin" : 288,
    "end" : 303,
    "inCoref" : false
  } ],
  "relations" : [ ],
  "corefs" : [ ],
  "typeResolved" : true,
  "userResolved" : false
}