{
  "id" : "cded0610-7020-11ec-8aab-63cd9c950ac0-5",
  "name" : "buffer_rio_exo_06.txt",
  "createdDate" : 0,
  "version" : 3,
  "text" : "RESOLUÇÃO “P” N.º 788 DE 22 DE FEVEREIRO DE 2013\nO SECRETÁRIO CHEFE DA SECRETARIA MUNICIPAL DA CASA CI-\nVIL, no uso das atribuições que lhe são conferidas pela legislação em vigor,\n\nRESOLVE\nExonerar RAFAEL DE PAULA CORREA, matrícula 60/271.221-4, com \nvalidade a partir de 5 de fevereiro de 2013, do Cargo em Comissão de \nGerente I, símbolo DAS-08, código 035361, da Gerência dos Centros Cul-\nturais, da Coordenadoria de Museus, Centros Culturais e Artes Visuais, da \nSubsecretaria de Cultura, da Secretaria Municipal de Cultura.\n",
  "docLength" : 0,
  "language" : "PT",
  "status" : "IN_PROGRESS",
  "modifiedDate" : 1641605016803,
  "documentSet" : [ ],
  "preannotation" : [ ],
  "sentences" : [ {
    "id" : "s0",
    "begin" : 0,
    "end" : 180,
    "text" : "RESOLUÇÃO “P” N.º 788 DE 22 DE FEVEREIRO DE 2013\nO SECRETÁRIO CHEFE DA SECRETARIA MUNICIPAL DA CASA CI-\nVIL, no uso das atribuições que lhe são conferidas pela legislação em vigor,",
    "tokens" : [ {
      "id" : "s0-t0",
      "begin" : 0,
      "end" : 9,
      "text" : "RESOLUÇÃO",
      "whiteSpace" : false
    }, {
      "id" : "s0-t1",
      "begin" : 10,
      "end" : 11,
      "text" : "“",
      "whiteSpace" : false
    }, {
      "id" : "s0-t2",
      "begin" : 11,
      "end" : 12,
      "text" : "P",
      "whiteSpace" : false
    }, {
      "id" : "s0-t3",
      "begin" : 12,
      "end" : 13,
      "text" : "”",
      "whiteSpace" : false
    }, {
      "id" : "s0-t4",
      "begin" : 14,
      "end" : 16,
      "text" : "N.",
      "whiteSpace" : false
    }, {
      "id" : "s0-t5",
      "begin" : 16,
      "end" : 17,
      "text" : "º",
      "whiteSpace" : false
    }, {
      "id" : "s0-t6",
      "begin" : 18,
      "end" : 21,
      "text" : "788",
      "whiteSpace" : false
    }, {
      "id" : "s0-t7",
      "begin" : 22,
      "end" : 24,
      "text" : "DE",
      "whiteSpace" : false
    }, {
      "id" : "s0-t8",
      "begin" : 25,
      "end" : 27,
      "text" : "22",
      "whiteSpace" : false
    }, {
      "id" : "s0-t9",
      "begin" : 28,
      "end" : 30,
      "text" : "DE",
      "whiteSpace" : false
    }, {
      "id" : "s0-t10",
      "begin" : 31,
      "end" : 40,
      "text" : "FEVEREIRO",
      "whiteSpace" : false
    }, {
      "id" : "s0-t11",
      "begin" : 41,
      "end" : 43,
      "text" : "DE",
      "whiteSpace" : false
    }, {
      "id" : "s0-t12",
      "begin" : 44,
      "end" : 48,
      "text" : "2013",
      "whiteSpace" : false
    }, {
      "id" : "s0-t13",
      "begin" : 49,
      "end" : 50,
      "text" : "O",
      "whiteSpace" : false
    }, {
      "id" : "s0-t14",
      "begin" : 51,
      "end" : 61,
      "text" : "SECRETÁRIO",
      "whiteSpace" : false
    }, {
      "id" : "s0-t15",
      "begin" : 62,
      "end" : 67,
      "text" : "CHEFE",
      "whiteSpace" : false
    }, {
      "id" : "s0-t16",
      "begin" : 68,
      "end" : 70,
      "text" : "DA",
      "whiteSpace" : false
    }, {
      "id" : "s0-t17",
      "begin" : 71,
      "end" : 81,
      "text" : "SECRETARIA",
      "whiteSpace" : false
    }, {
      "id" : "s0-t18",
      "begin" : 82,
      "end" : 91,
      "text" : "MUNICIPAL",
      "whiteSpace" : false
    }, {
      "id" : "s0-t19",
      "begin" : 92,
      "end" : 94,
      "text" : "DA",
      "whiteSpace" : false
    }, {
      "id" : "s0-t20",
      "begin" : 95,
      "end" : 99,
      "text" : "CASA",
      "whiteSpace" : false
    }, {
      "id" : "s0-t21",
      "begin" : 100,
      "end" : 102,
      "text" : "CI",
      "whiteSpace" : false
    }, {
      "id" : "s0-t22",
      "begin" : 102,
      "end" : 103,
      "text" : "-",
      "whiteSpace" : false
    }, {
      "id" : "s0-t23",
      "begin" : 104,
      "end" : 107,
      "text" : "VIL",
      "whiteSpace" : false
    }, {
      "id" : "s0-t24",
      "begin" : 107,
      "end" : 108,
      "text" : ",",
      "whiteSpace" : false
    }, {
      "id" : "s0-t25",
      "begin" : 109,
      "end" : 111,
      "text" : "no",
      "whiteSpace" : false
    }, {
      "id" : "s0-t26",
      "begin" : 112,
      "end" : 115,
      "text" : "uso",
      "whiteSpace" : false
    }, {
      "id" : "s0-t27",
      "begin" : 116,
      "end" : 119,
      "text" : "das",
      "whiteSpace" : false
    }, {
      "id" : "s0-t28",
      "begin" : 120,
      "end" : 131,
      "text" : "atribuições",
      "whiteSpace" : false
    }, {
      "id" : "s0-t29",
      "begin" : 132,
      "end" : 135,
      "text" : "que",
      "whiteSpace" : false
    }, {
      "id" : "s0-t30",
      "begin" : 136,
      "end" : 139,
      "text" : "lhe",
      "whiteSpace" : false
    }, {
      "id" : "s0-t31",
      "begin" : 140,
      "end" : 143,
      "text" : "são",
      "whiteSpace" : false
    }, {
      "id" : "s0-t32",
      "begin" : 144,
      "end" : 154,
      "text" : "conferidas",
      "whiteSpace" : false
    }, {
      "id" : "s0-t33",
      "begin" : 155,
      "end" : 159,
      "text" : "pela",
      "whiteSpace" : false
    }, {
      "id" : "s0-t34",
      "begin" : 160,
      "end" : 170,
      "text" : "legislação",
      "whiteSpace" : false
    }, {
      "id" : "s0-t35",
      "begin" : 171,
      "end" : 173,
      "text" : "em",
      "whiteSpace" : false
    }, {
      "id" : "s0-t36",
      "begin" : 174,
      "end" : 179,
      "text" : "vigor",
      "whiteSpace" : false
    }, {
      "id" : "s0-t37",
      "begin" : 179,
      "end" : 180,
      "text" : ",",
      "whiteSpace" : false
    } ]
  }, {
    "id" : "s1",
    "begin" : 182,
    "end" : 529,
    "text" : "RESOLVE\nExonerar RAFAEL DE PAULA CORREA, matrícula 60/271.221-4, com \nvalidade a partir de 5 de fevereiro de 2013, do Cargo em Comissão de \nGerente I, símbolo DAS-08, código 035361, da Gerência dos Centros Cul-\nturais, da Coordenadoria de Museus, Centros Culturais e Artes Visuais, da \nSubsecretaria de Cultura, da Secretaria Municipal de Cultura.",
    "tokens" : [ {
      "id" : "s1-t0",
      "begin" : 182,
      "end" : 189,
      "text" : "RESOLVE",
      "whiteSpace" : false
    }, {
      "id" : "s1-t1",
      "begin" : 190,
      "end" : 198,
      "text" : "Exonerar",
      "whiteSpace" : false
    }, {
      "id" : "s1-t2",
      "begin" : 199,
      "end" : 205,
      "text" : "RAFAEL",
      "whiteSpace" : false
    }, {
      "id" : "s1-t3",
      "begin" : 206,
      "end" : 208,
      "text" : "DE",
      "whiteSpace" : false
    }, {
      "id" : "s1-t4",
      "begin" : 209,
      "end" : 214,
      "text" : "PAULA",
      "whiteSpace" : false
    }, {
      "id" : "s1-t5",
      "begin" : 215,
      "end" : 221,
      "text" : "CORREA",
      "whiteSpace" : false
    }, {
      "id" : "s1-t6",
      "begin" : 221,
      "end" : 222,
      "text" : ",",
      "whiteSpace" : false
    }, {
      "id" : "s1-t7",
      "begin" : 223,
      "end" : 232,
      "text" : "matrícula",
      "whiteSpace" : false
    }, {
      "id" : "s1-t8",
      "begin" : 233,
      "end" : 235,
      "text" : "60",
      "whiteSpace" : false
    }, {
      "id" : "s1-t9",
      "begin" : 235,
      "end" : 245,
      "text" : "/271.221-4",
      "whiteSpace" : false
    }, {
      "id" : "s1-t10",
      "begin" : 245,
      "end" : 246,
      "text" : ",",
      "whiteSpace" : false
    }, {
      "id" : "s1-t11",
      "begin" : 247,
      "end" : 250,
      "text" : "com",
      "whiteSpace" : false
    }, {
      "id" : "s1-t12",
      "begin" : 252,
      "end" : 260,
      "text" : "validade",
      "whiteSpace" : false
    }, {
      "id" : "s1-t13",
      "begin" : 261,
      "end" : 262,
      "text" : "a",
      "whiteSpace" : false
    }, {
      "id" : "s1-t14",
      "begin" : 263,
      "end" : 269,
      "text" : "partir",
      "whiteSpace" : false
    }, {
      "id" : "s1-t15",
      "begin" : 270,
      "end" : 272,
      "text" : "de",
      "whiteSpace" : false
    }, {
      "id" : "s1-t16",
      "begin" : 273,
      "end" : 274,
      "text" : "5",
      "whiteSpace" : false
    }, {
      "id" : "s1-t17",
      "begin" : 275,
      "end" : 277,
      "text" : "de",
      "whiteSpace" : false
    }, {
      "id" : "s1-t18",
      "begin" : 278,
      "end" : 287,
      "text" : "fevereiro",
      "whiteSpace" : false
    }, {
      "id" : "s1-t19",
      "begin" : 288,
      "end" : 290,
      "text" : "de",
      "whiteSpace" : false
    }, {
      "id" : "s1-t20",
      "begin" : 291,
      "end" : 295,
      "text" : "2013",
      "whiteSpace" : false
    }, {
      "id" : "s1-t21",
      "begin" : 295,
      "end" : 296,
      "text" : ",",
      "whiteSpace" : false
    }, {
      "id" : "s1-t22",
      "begin" : 297,
      "end" : 299,
      "text" : "do",
      "whiteSpace" : false
    }, {
      "id" : "s1-t23",
      "begin" : 300,
      "end" : 305,
      "text" : "Cargo",
      "whiteSpace" : false
    }, {
      "id" : "s1-t24",
      "begin" : 306,
      "end" : 308,
      "text" : "em",
      "whiteSpace" : false
    }, {
      "id" : "s1-t25",
      "begin" : 309,
      "end" : 317,
      "text" : "Comissão",
      "whiteSpace" : false
    }, {
      "id" : "s1-t26",
      "begin" : 318,
      "end" : 320,
      "text" : "de",
      "whiteSpace" : false
    }, {
      "id" : "s1-t27",
      "begin" : 322,
      "end" : 329,
      "text" : "Gerente",
      "whiteSpace" : false
    }, {
      "id" : "s1-t28",
      "begin" : 330,
      "end" : 331,
      "text" : "I",
      "whiteSpace" : false
    }, {
      "id" : "s1-t29",
      "begin" : 331,
      "end" : 332,
      "text" : ",",
      "whiteSpace" : false
    }, {
      "id" : "s1-t30",
      "begin" : 333,
      "end" : 340,
      "text" : "símbolo",
      "whiteSpace" : false
    }, {
      "id" : "s1-t31",
      "begin" : 341,
      "end" : 347,
      "text" : "DAS-08",
      "whiteSpace" : false
    }, {
      "id" : "s1-t32",
      "begin" : 347,
      "end" : 348,
      "text" : ",",
      "whiteSpace" : false
    }, {
      "id" : "s1-t33",
      "begin" : 349,
      "end" : 355,
      "text" : "código",
      "whiteSpace" : false
    }, {
      "id" : "s1-t34",
      "begin" : 356,
      "end" : 362,
      "text" : "035361",
      "whiteSpace" : false
    }, {
      "id" : "s1-t35",
      "begin" : 362,
      "end" : 363,
      "text" : ",",
      "whiteSpace" : false
    }, {
      "id" : "s1-t36",
      "begin" : 364,
      "end" : 366,
      "text" : "da",
      "whiteSpace" : false
    }, {
      "id" : "s1-t37",
      "begin" : 367,
      "end" : 375,
      "text" : "Gerência",
      "whiteSpace" : false
    }, {
      "id" : "s1-t38",
      "begin" : 376,
      "end" : 379,
      "text" : "dos",
      "whiteSpace" : false
    }, {
      "id" : "s1-t39",
      "begin" : 380,
      "end" : 387,
      "text" : "Centros",
      "whiteSpace" : false
    }, {
      "id" : "s1-t40",
      "begin" : 388,
      "end" : 391,
      "text" : "Cul",
      "whiteSpace" : false
    }, {
      "id" : "s1-t41",
      "begin" : 391,
      "end" : 392,
      "text" : "-",
      "whiteSpace" : false
    }, {
      "id" : "s1-t42",
      "begin" : 393,
      "end" : 399,
      "text" : "turais",
      "whiteSpace" : false
    }, {
      "id" : "s1-t43",
      "begin" : 399,
      "end" : 400,
      "text" : ",",
      "whiteSpace" : false
    }, {
      "id" : "s1-t44",
      "begin" : 401,
      "end" : 403,
      "text" : "da",
      "whiteSpace" : false
    }, {
      "id" : "s1-t45",
      "begin" : 404,
      "end" : 417,
      "text" : "Coordenadoria",
      "whiteSpace" : false
    }, {
      "id" : "s1-t46",
      "begin" : 418,
      "end" : 420,
      "text" : "de",
      "whiteSpace" : false
    }, {
      "id" : "s1-t47",
      "begin" : 421,
      "end" : 427,
      "text" : "Museus",
      "whiteSpace" : false
    }, {
      "id" : "s1-t48",
      "begin" : 427,
      "end" : 428,
      "text" : ",",
      "whiteSpace" : false
    }, {
      "id" : "s1-t49",
      "begin" : 429,
      "end" : 436,
      "text" : "Centros",
      "whiteSpace" : false
    }, {
      "id" : "s1-t50",
      "begin" : 437,
      "end" : 446,
      "text" : "Culturais",
      "whiteSpace" : false
    }, {
      "id" : "s1-t51",
      "begin" : 447,
      "end" : 448,
      "text" : "e",
      "whiteSpace" : false
    }, {
      "id" : "s1-t52",
      "begin" : 449,
      "end" : 454,
      "text" : "Artes",
      "whiteSpace" : false
    }, {
      "id" : "s1-t53",
      "begin" : 455,
      "end" : 462,
      "text" : "Visuais",
      "whiteSpace" : false
    }, {
      "id" : "s1-t54",
      "begin" : 462,
      "end" : 463,
      "text" : ",",
      "whiteSpace" : false
    }, {
      "id" : "s1-t55",
      "begin" : 464,
      "end" : 466,
      "text" : "da",
      "whiteSpace" : false
    }, {
      "id" : "s1-t56",
      "begin" : 468,
      "end" : 481,
      "text" : "Subsecretaria",
      "whiteSpace" : false
    }, {
      "id" : "s1-t57",
      "begin" : 482,
      "end" : 484,
      "text" : "de",
      "whiteSpace" : false
    }, {
      "id" : "s1-t58",
      "begin" : 485,
      "end" : 492,
      "text" : "Cultura",
      "whiteSpace" : false
    }, {
      "id" : "s1-t59",
      "begin" : 492,
      "end" : 493,
      "text" : ",",
      "whiteSpace" : false
    }, {
      "id" : "s1-t60",
      "begin" : 494,
      "end" : 496,
      "text" : "da",
      "whiteSpace" : false
    }, {
      "id" : "s1-t61",
      "begin" : 497,
      "end" : 507,
      "text" : "Secretaria",
      "whiteSpace" : false
    }, {
      "id" : "s1-t62",
      "begin" : 508,
      "end" : 517,
      "text" : "Municipal",
      "whiteSpace" : false
    }, {
      "id" : "s1-t63",
      "begin" : 518,
      "end" : 520,
      "text" : "de",
      "whiteSpace" : false
    }, {
      "id" : "s1-t64",
      "begin" : 521,
      "end" : 528,
      "text" : "Cultura",
      "whiteSpace" : false
    }, {
      "id" : "s1-t65",
      "begin" : 528,
      "end" : 529,
      "text" : ".",
      "whiteSpace" : false
    } ]
  } ],
  "mentions" : [ {
    "id" : "s0-m1",
    "properties" : {
      "SIRE_MENTION_ROLE" : "portaria",
      "SIRE_ENTITY_SUBTYPE" : "NONE",
      "SIRE_MENTION_TYPE" : "NONE",
      "SIRE_MENTION_CLASS" : "SPC"
    },
    "type" : "portaria",
    "begin" : 18,
    "end" : 21,
    "inCoref" : false
  }, {
    "id" : "s0-m2",
    "properties" : {
      "SIRE_MENTION_ROLE" : "dia",
      "SIRE_ENTITY_SUBTYPE" : "NONE",
      "SIRE_MENTION_TYPE" : "NONE",
      "SIRE_MENTION_CLASS" : "SPC"
    },
    "type" : "dia",
    "begin" : 25,
    "end" : 27,
    "inCoref" : false
  }, {
    "id" : "s0-m3",
    "properties" : {
      "SIRE_MENTION_ROLE" : "mes",
      "SIRE_ENTITY_SUBTYPE" : "NONE",
      "SIRE_MENTION_TYPE" : "NONE",
      "SIRE_MENTION_CLASS" : "SPC"
    },
    "type" : "mes",
    "begin" : 31,
    "end" : 40,
    "inCoref" : false
  }, {
    "id" : "s0-m4",
    "properties" : {
      "SIRE_MENTION_ROLE" : "ano",
      "SIRE_ENTITY_SUBTYPE" : "NONE",
      "SIRE_MENTION_TYPE" : "NONE",
      "SIRE_MENTION_CLASS" : "SPC"
    },
    "type" : "ano",
    "begin" : 44,
    "end" : 48,
    "inCoref" : false
  }, {
    "id" : "s1-m1",
    "properties" : {
      "SIRE_MENTION_ROLE" : "ato",
      "SIRE_ENTITY_SUBTYPE" : "NONE",
      "SIRE_MENTION_TYPE" : "NONE",
      "SIRE_MENTION_CLASS" : "SPC"
    },
    "type" : "ato",
    "begin" : 190,
    "end" : 198,
    "inCoref" : false
  }, {
    "id" : "s1-m2",
    "properties" : {
      "SIRE_MENTION_ROLE" : "nome",
      "SIRE_ENTITY_SUBTYPE" : "NONE",
      "SIRE_MENTION_TYPE" : "NONE",
      "SIRE_MENTION_CLASS" : "SPC"
    },
    "type" : "nome",
    "begin" : 199,
    "end" : 221,
    "inCoref" : false
  }, {
    "id" : "s1-m3",
    "properties" : {
      "SIRE_MENTION_ROLE" : "cargo",
      "SIRE_ENTITY_SUBTYPE" : "NONE",
      "SIRE_MENTION_TYPE" : "NONE",
      "SIRE_MENTION_CLASS" : "SPC"
    },
    "type" : "cargo",
    "begin" : 322,
    "end" : 331,
    "inCoref" : false
  } ],
  "relations" : [ ],
  "corefs" : [ ],
  "typeResolved" : true,
  "userResolved" : false
}