{
  "id" : "cded0610-7020-11ec-8aab-63cd9c950ac0-2",
  "name" : "buffer_rio_exo_03.txt",
  "createdDate" : 0,
  "version" : 3,
  "text" : "RESOLUÇÃO “P” N.º 776 DE 22 DE FEVEREIRO DE 2013\nO SECRETÁRIO CHEFE DA SECRETARIA MUNICIPAL DA CASA CI-\nVIL, no uso das atribuições que lhe são conferidas pela legislação em vigor,\n\nRESOLVE\nExonerar LEILIAN REGINA CORRêA DE FREITAS, matrícula 60/265.998-5, \ncom validade a partir de 22 de fevereiro de 2013, do Cargo em Comissão \nde Assistente I, símbolo DAS-06, código 017152, da Secretaria Especial de \nPromoção e Defesa dos Animais.\n\n",
  "docLength" : 0,
  "language" : "PT",
  "status" : "IN_PROGRESS",
  "modifiedDate" : 1641604880300,
  "documentSet" : [ ],
  "preannotation" : [ ],
  "sentences" : [ {
    "id" : "s0",
    "begin" : 0,
    "end" : 180,
    "text" : "RESOLUÇÃO “P” N.º 776 DE 22 DE FEVEREIRO DE 2013\nO SECRETÁRIO CHEFE DA SECRETARIA MUNICIPAL DA CASA CI-\nVIL, no uso das atribuições que lhe são conferidas pela legislação em vigor,",
    "tokens" : [ {
      "id" : "s0-t0",
      "begin" : 0,
      "end" : 9,
      "text" : "RESOLUÇÃO",
      "whiteSpace" : false
    }, {
      "id" : "s0-t1",
      "begin" : 10,
      "end" : 11,
      "text" : "“",
      "whiteSpace" : false
    }, {
      "id" : "s0-t2",
      "begin" : 11,
      "end" : 12,
      "text" : "P",
      "whiteSpace" : false
    }, {
      "id" : "s0-t3",
      "begin" : 12,
      "end" : 13,
      "text" : "”",
      "whiteSpace" : false
    }, {
      "id" : "s0-t4",
      "begin" : 14,
      "end" : 16,
      "text" : "N.",
      "whiteSpace" : false
    }, {
      "id" : "s0-t5",
      "begin" : 16,
      "end" : 17,
      "text" : "º",
      "whiteSpace" : false
    }, {
      "id" : "s0-t6",
      "begin" : 18,
      "end" : 21,
      "text" : "776",
      "whiteSpace" : false
    }, {
      "id" : "s0-t7",
      "begin" : 22,
      "end" : 24,
      "text" : "DE",
      "whiteSpace" : false
    }, {
      "id" : "s0-t8",
      "begin" : 25,
      "end" : 27,
      "text" : "22",
      "whiteSpace" : false
    }, {
      "id" : "s0-t9",
      "begin" : 28,
      "end" : 30,
      "text" : "DE",
      "whiteSpace" : false
    }, {
      "id" : "s0-t10",
      "begin" : 31,
      "end" : 40,
      "text" : "FEVEREIRO",
      "whiteSpace" : false
    }, {
      "id" : "s0-t11",
      "begin" : 41,
      "end" : 43,
      "text" : "DE",
      "whiteSpace" : false
    }, {
      "id" : "s0-t12",
      "begin" : 44,
      "end" : 48,
      "text" : "2013",
      "whiteSpace" : false
    }, {
      "id" : "s0-t13",
      "begin" : 49,
      "end" : 50,
      "text" : "O",
      "whiteSpace" : false
    }, {
      "id" : "s0-t14",
      "begin" : 51,
      "end" : 61,
      "text" : "SECRETÁRIO",
      "whiteSpace" : false
    }, {
      "id" : "s0-t15",
      "begin" : 62,
      "end" : 67,
      "text" : "CHEFE",
      "whiteSpace" : false
    }, {
      "id" : "s0-t16",
      "begin" : 68,
      "end" : 70,
      "text" : "DA",
      "whiteSpace" : false
    }, {
      "id" : "s0-t17",
      "begin" : 71,
      "end" : 81,
      "text" : "SECRETARIA",
      "whiteSpace" : false
    }, {
      "id" : "s0-t18",
      "begin" : 82,
      "end" : 91,
      "text" : "MUNICIPAL",
      "whiteSpace" : false
    }, {
      "id" : "s0-t19",
      "begin" : 92,
      "end" : 94,
      "text" : "DA",
      "whiteSpace" : false
    }, {
      "id" : "s0-t20",
      "begin" : 95,
      "end" : 99,
      "text" : "CASA",
      "whiteSpace" : false
    }, {
      "id" : "s0-t21",
      "begin" : 100,
      "end" : 102,
      "text" : "CI",
      "whiteSpace" : false
    }, {
      "id" : "s0-t22",
      "begin" : 102,
      "end" : 103,
      "text" : "-",
      "whiteSpace" : false
    }, {
      "id" : "s0-t23",
      "begin" : 104,
      "end" : 107,
      "text" : "VIL",
      "whiteSpace" : false
    }, {
      "id" : "s0-t24",
      "begin" : 107,
      "end" : 108,
      "text" : ",",
      "whiteSpace" : false
    }, {
      "id" : "s0-t25",
      "begin" : 109,
      "end" : 111,
      "text" : "no",
      "whiteSpace" : false
    }, {
      "id" : "s0-t26",
      "begin" : 112,
      "end" : 115,
      "text" : "uso",
      "whiteSpace" : false
    }, {
      "id" : "s0-t27",
      "begin" : 116,
      "end" : 119,
      "text" : "das",
      "whiteSpace" : false
    }, {
      "id" : "s0-t28",
      "begin" : 120,
      "end" : 131,
      "text" : "atribuições",
      "whiteSpace" : false
    }, {
      "id" : "s0-t29",
      "begin" : 132,
      "end" : 135,
      "text" : "que",
      "whiteSpace" : false
    }, {
      "id" : "s0-t30",
      "begin" : 136,
      "end" : 139,
      "text" : "lhe",
      "whiteSpace" : false
    }, {
      "id" : "s0-t31",
      "begin" : 140,
      "end" : 143,
      "text" : "são",
      "whiteSpace" : false
    }, {
      "id" : "s0-t32",
      "begin" : 144,
      "end" : 154,
      "text" : "conferidas",
      "whiteSpace" : false
    }, {
      "id" : "s0-t33",
      "begin" : 155,
      "end" : 159,
      "text" : "pela",
      "whiteSpace" : false
    }, {
      "id" : "s0-t34",
      "begin" : 160,
      "end" : 170,
      "text" : "legislação",
      "whiteSpace" : false
    }, {
      "id" : "s0-t35",
      "begin" : 171,
      "end" : 173,
      "text" : "em",
      "whiteSpace" : false
    }, {
      "id" : "s0-t36",
      "begin" : 174,
      "end" : 179,
      "text" : "vigor",
      "whiteSpace" : false
    }, {
      "id" : "s0-t37",
      "begin" : 179,
      "end" : 180,
      "text" : ",",
      "whiteSpace" : false
    } ]
  }, {
    "id" : "s1",
    "begin" : 182,
    "end" : 435,
    "text" : "RESOLVE\nExonerar LEILIAN REGINA CORRêA DE FREITAS, matrícula 60/265.998-5, \ncom validade a partir de 22 de fevereiro de 2013, do Cargo em Comissão \nde Assistente I, símbolo DAS-06, código 017152, da Secretaria Especial de \nPromoção e Defesa dos Animais.",
    "tokens" : [ {
      "id" : "s1-t0",
      "begin" : 182,
      "end" : 189,
      "text" : "RESOLVE",
      "whiteSpace" : false
    }, {
      "id" : "s1-t1",
      "begin" : 190,
      "end" : 198,
      "text" : "Exonerar",
      "whiteSpace" : false
    }, {
      "id" : "s1-t2",
      "begin" : 199,
      "end" : 206,
      "text" : "LEILIAN",
      "whiteSpace" : false
    }, {
      "id" : "s1-t3",
      "begin" : 207,
      "end" : 213,
      "text" : "REGINA",
      "whiteSpace" : false
    }, {
      "id" : "s1-t4",
      "begin" : 214,
      "end" : 220,
      "text" : "CORRêA",
      "whiteSpace" : false
    }, {
      "id" : "s1-t5",
      "begin" : 221,
      "end" : 223,
      "text" : "DE",
      "whiteSpace" : false
    }, {
      "id" : "s1-t6",
      "begin" : 224,
      "end" : 231,
      "text" : "FREITAS",
      "whiteSpace" : false
    }, {
      "id" : "s1-t7",
      "begin" : 231,
      "end" : 232,
      "text" : ",",
      "whiteSpace" : false
    }, {
      "id" : "s1-t8",
      "begin" : 233,
      "end" : 242,
      "text" : "matrícula",
      "whiteSpace" : false
    }, {
      "id" : "s1-t9",
      "begin" : 243,
      "end" : 245,
      "text" : "60",
      "whiteSpace" : false
    }, {
      "id" : "s1-t10",
      "begin" : 245,
      "end" : 255,
      "text" : "/265.998-5",
      "whiteSpace" : false
    }, {
      "id" : "s1-t11",
      "begin" : 255,
      "end" : 256,
      "text" : ",",
      "whiteSpace" : false
    }, {
      "id" : "s1-t12",
      "begin" : 258,
      "end" : 261,
      "text" : "com",
      "whiteSpace" : false
    }, {
      "id" : "s1-t13",
      "begin" : 262,
      "end" : 270,
      "text" : "validade",
      "whiteSpace" : false
    }, {
      "id" : "s1-t14",
      "begin" : 271,
      "end" : 272,
      "text" : "a",
      "whiteSpace" : false
    }, {
      "id" : "s1-t15",
      "begin" : 273,
      "end" : 279,
      "text" : "partir",
      "whiteSpace" : false
    }, {
      "id" : "s1-t16",
      "begin" : 280,
      "end" : 282,
      "text" : "de",
      "whiteSpace" : false
    }, {
      "id" : "s1-t17",
      "begin" : 283,
      "end" : 285,
      "text" : "22",
      "whiteSpace" : false
    }, {
      "id" : "s1-t18",
      "begin" : 286,
      "end" : 288,
      "text" : "de",
      "whiteSpace" : false
    }, {
      "id" : "s1-t19",
      "begin" : 289,
      "end" : 298,
      "text" : "fevereiro",
      "whiteSpace" : false
    }, {
      "id" : "s1-t20",
      "begin" : 299,
      "end" : 301,
      "text" : "de",
      "whiteSpace" : false
    }, {
      "id" : "s1-t21",
      "begin" : 302,
      "end" : 306,
      "text" : "2013",
      "whiteSpace" : false
    }, {
      "id" : "s1-t22",
      "begin" : 306,
      "end" : 307,
      "text" : ",",
      "whiteSpace" : false
    }, {
      "id" : "s1-t23",
      "begin" : 308,
      "end" : 310,
      "text" : "do",
      "whiteSpace" : false
    }, {
      "id" : "s1-t24",
      "begin" : 311,
      "end" : 316,
      "text" : "Cargo",
      "whiteSpace" : false
    }, {
      "id" : "s1-t25",
      "begin" : 317,
      "end" : 319,
      "text" : "em",
      "whiteSpace" : false
    }, {
      "id" : "s1-t26",
      "begin" : 320,
      "end" : 328,
      "text" : "Comissão",
      "whiteSpace" : false
    }, {
      "id" : "s1-t27",
      "begin" : 330,
      "end" : 332,
      "text" : "de",
      "whiteSpace" : false
    }, {
      "id" : "s1-t28",
      "begin" : 333,
      "end" : 343,
      "text" : "Assistente",
      "whiteSpace" : false
    }, {
      "id" : "s1-t29",
      "begin" : 344,
      "end" : 345,
      "text" : "I",
      "whiteSpace" : false
    }, {
      "id" : "s1-t30",
      "begin" : 345,
      "end" : 346,
      "text" : ",",
      "whiteSpace" : false
    }, {
      "id" : "s1-t31",
      "begin" : 347,
      "end" : 354,
      "text" : "símbolo",
      "whiteSpace" : false
    }, {
      "id" : "s1-t32",
      "begin" : 355,
      "end" : 361,
      "text" : "DAS-06",
      "whiteSpace" : false
    }, {
      "id" : "s1-t33",
      "begin" : 361,
      "end" : 362,
      "text" : ",",
      "whiteSpace" : false
    }, {
      "id" : "s1-t34",
      "begin" : 363,
      "end" : 369,
      "text" : "código",
      "whiteSpace" : false
    }, {
      "id" : "s1-t35",
      "begin" : 370,
      "end" : 376,
      "text" : "017152",
      "whiteSpace" : false
    }, {
      "id" : "s1-t36",
      "begin" : 376,
      "end" : 377,
      "text" : ",",
      "whiteSpace" : false
    }, {
      "id" : "s1-t37",
      "begin" : 378,
      "end" : 380,
      "text" : "da",
      "whiteSpace" : false
    }, {
      "id" : "s1-t38",
      "begin" : 381,
      "end" : 391,
      "text" : "Secretaria",
      "whiteSpace" : false
    }, {
      "id" : "s1-t39",
      "begin" : 392,
      "end" : 400,
      "text" : "Especial",
      "whiteSpace" : false
    }, {
      "id" : "s1-t40",
      "begin" : 401,
      "end" : 403,
      "text" : "de",
      "whiteSpace" : false
    }, {
      "id" : "s1-t41",
      "begin" : 405,
      "end" : 413,
      "text" : "Promoção",
      "whiteSpace" : false
    }, {
      "id" : "s1-t42",
      "begin" : 414,
      "end" : 415,
      "text" : "e",
      "whiteSpace" : false
    }, {
      "id" : "s1-t43",
      "begin" : 416,
      "end" : 422,
      "text" : "Defesa",
      "whiteSpace" : false
    }, {
      "id" : "s1-t44",
      "begin" : 423,
      "end" : 426,
      "text" : "dos",
      "whiteSpace" : false
    }, {
      "id" : "s1-t45",
      "begin" : 427,
      "end" : 434,
      "text" : "Animais",
      "whiteSpace" : false
    }, {
      "id" : "s1-t46",
      "begin" : 434,
      "end" : 435,
      "text" : ".",
      "whiteSpace" : false
    } ]
  } ],
  "mentions" : [ {
    "id" : "s0-m1",
    "properties" : {
      "SIRE_MENTION_ROLE" : "portaria",
      "SIRE_ENTITY_SUBTYPE" : "NONE",
      "SIRE_MENTION_TYPE" : "NONE",
      "SIRE_MENTION_CLASS" : "SPC"
    },
    "type" : "portaria",
    "begin" : 18,
    "end" : 21,
    "inCoref" : false
  }, {
    "id" : "s0-m2",
    "properties" : {
      "SIRE_MENTION_ROLE" : "dia",
      "SIRE_ENTITY_SUBTYPE" : "NONE",
      "SIRE_MENTION_TYPE" : "NONE",
      "SIRE_MENTION_CLASS" : "SPC"
    },
    "type" : "dia",
    "begin" : 25,
    "end" : 27,
    "inCoref" : false
  }, {
    "id" : "s0-m3",
    "properties" : {
      "SIRE_MENTION_ROLE" : "mes",
      "SIRE_ENTITY_SUBTYPE" : "NONE",
      "SIRE_MENTION_TYPE" : "NONE",
      "SIRE_MENTION_CLASS" : "SPC"
    },
    "type" : "mes",
    "begin" : 31,
    "end" : 40,
    "inCoref" : false
  }, {
    "id" : "s0-m4",
    "properties" : {
      "SIRE_MENTION_ROLE" : "ano",
      "SIRE_ENTITY_SUBTYPE" : "NONE",
      "SIRE_MENTION_TYPE" : "NONE",
      "SIRE_MENTION_CLASS" : "SPC"
    },
    "type" : "ano",
    "begin" : 44,
    "end" : 48,
    "inCoref" : false
  }, {
    "id" : "s1-m1",
    "properties" : {
      "SIRE_MENTION_ROLE" : "ato",
      "SIRE_ENTITY_SUBTYPE" : "NONE",
      "SIRE_MENTION_TYPE" : "NONE",
      "SIRE_MENTION_CLASS" : "SPC"
    },
    "type" : "ato",
    "begin" : 190,
    "end" : 198,
    "inCoref" : false
  }, {
    "id" : "s1-m2",
    "properties" : {
      "SIRE_MENTION_ROLE" : "nome",
      "SIRE_ENTITY_SUBTYPE" : "NONE",
      "SIRE_MENTION_TYPE" : "NONE",
      "SIRE_MENTION_CLASS" : "SPC"
    },
    "type" : "nome",
    "begin" : 199,
    "end" : 231,
    "inCoref" : false
  }, {
    "id" : "s1-m3",
    "properties" : {
      "SIRE_MENTION_ROLE" : "cargo",
      "SIRE_ENTITY_SUBTYPE" : "NONE",
      "SIRE_MENTION_TYPE" : "NONE",
      "SIRE_MENTION_CLASS" : "SPC"
    },
    "type" : "cargo",
    "begin" : 333,
    "end" : 345,
    "inCoref" : false
  } ],
  "relations" : [ ],
  "corefs" : [ ],
  "typeResolved" : true,
  "userResolved" : false
}