{
  "id" : "cded0610-7020-11ec-8aab-63cd9c950ac0-6",
  "name" : "buffer_rio_exo_07.txt",
  "createdDate" : 0,
  "version" : 3,
  "text" : "RESOLUÇÕES SME “P” DE 22 DE FEVEREIRO DE 2013.\n\nA SECRETÁRIA MUNICIPAL DE EDUCAÇÃO, no uso das atribuições \nque lhe são conferidas pela legislação em vigor, tendo em vista o que \nconsta dos processos, considerando os termos do Decreto nº 30.344, de \n1º de janeiro de 2009 e do Decreto nº 31.619, de 18 de dezembro de \n2009, em conformidade com o Decreto nº 14.202, de 18 de setembro de \n1995 e com a Resolução SME nº 659, de 16 de julho de 1998,\n\nRESOLVE:\nnº 430 - Exonerar, a pedido, ANGELA MARIA SOARES FONSECA HER-\nMES, PROFESSOR I, matrícula 11/134161-9, do Cargo em Comissão \nde GERENTE III da Gerência de Recursos Humanos, símbolo DAS-06, \ncódigo 031225, setor 10725 da 3ª Coordenadoria Regional de Educação, \ndesta Secretaria. (ref. ao processo n° 07/03/000289/2013).\n\n",
  "docLength" : 0,
  "language" : "PT",
  "status" : "IN_PROGRESS",
  "modifiedDate" : 1641605105503,
  "documentSet" : [ ],
  "preannotation" : [ ],
  "sentences" : [ {
    "id" : "s0",
    "begin" : 0,
    "end" : 46,
    "text" : "RESOLUÇÕES SME “P” DE 22 DE FEVEREIRO DE 2013.",
    "tokens" : [ {
      "id" : "s0-t0",
      "begin" : 0,
      "end" : 10,
      "text" : "RESOLUÇÕES",
      "whiteSpace" : false
    }, {
      "id" : "s0-t1",
      "begin" : 11,
      "end" : 14,
      "text" : "SME",
      "whiteSpace" : false
    }, {
      "id" : "s0-t2",
      "begin" : 15,
      "end" : 16,
      "text" : "“",
      "whiteSpace" : false
    }, {
      "id" : "s0-t3",
      "begin" : 16,
      "end" : 17,
      "text" : "P",
      "whiteSpace" : false
    }, {
      "id" : "s0-t4",
      "begin" : 17,
      "end" : 18,
      "text" : "”",
      "whiteSpace" : false
    }, {
      "id" : "s0-t5",
      "begin" : 19,
      "end" : 21,
      "text" : "DE",
      "whiteSpace" : false
    }, {
      "id" : "s0-t6",
      "begin" : 22,
      "end" : 24,
      "text" : "22",
      "whiteSpace" : false
    }, {
      "id" : "s0-t7",
      "begin" : 25,
      "end" : 27,
      "text" : "DE",
      "whiteSpace" : false
    }, {
      "id" : "s0-t8",
      "begin" : 28,
      "end" : 37,
      "text" : "FEVEREIRO",
      "whiteSpace" : false
    }, {
      "id" : "s0-t9",
      "begin" : 38,
      "end" : 40,
      "text" : "DE",
      "whiteSpace" : false
    }, {
      "id" : "s0-t10",
      "begin" : 41,
      "end" : 45,
      "text" : "2013",
      "whiteSpace" : false
    }, {
      "id" : "s0-t11",
      "begin" : 45,
      "end" : 46,
      "text" : ".",
      "whiteSpace" : false
    } ]
  }, {
    "id" : "s1",
    "begin" : 48,
    "end" : 445,
    "text" : "A SECRETÁRIA MUNICIPAL DE EDUCAÇÃO, no uso das atribuições \nque lhe são conferidas pela legislação em vigor, tendo em vista o que \nconsta dos processos, considerando os termos do Decreto nº 30.344, de \n1º de janeiro de 2009 e do Decreto nº 31.619, de 18 de dezembro de \n2009, em conformidade com o Decreto nº 14.202, de 18 de setembro de \n1995 e com a Resolução SME nº 659, de 16 de julho de 1998,",
    "tokens" : [ {
      "id" : "s1-t0",
      "begin" : 48,
      "end" : 49,
      "text" : "A",
      "whiteSpace" : false
    }, {
      "id" : "s1-t1",
      "begin" : 50,
      "end" : 60,
      "text" : "SECRETÁRIA",
      "whiteSpace" : false
    }, {
      "id" : "s1-t2",
      "begin" : 61,
      "end" : 70,
      "text" : "MUNICIPAL",
      "whiteSpace" : false
    }, {
      "id" : "s1-t3",
      "begin" : 71,
      "end" : 73,
      "text" : "DE",
      "whiteSpace" : false
    }, {
      "id" : "s1-t4",
      "begin" : 74,
      "end" : 82,
      "text" : "EDUCAÇÃO",
      "whiteSpace" : false
    }, {
      "id" : "s1-t5",
      "begin" : 82,
      "end" : 83,
      "text" : ",",
      "whiteSpace" : false
    }, {
      "id" : "s1-t6",
      "begin" : 84,
      "end" : 86,
      "text" : "no",
      "whiteSpace" : false
    }, {
      "id" : "s1-t7",
      "begin" : 87,
      "end" : 90,
      "text" : "uso",
      "whiteSpace" : false
    }, {
      "id" : "s1-t8",
      "begin" : 91,
      "end" : 94,
      "text" : "das",
      "whiteSpace" : false
    }, {
      "id" : "s1-t9",
      "begin" : 95,
      "end" : 106,
      "text" : "atribuições",
      "whiteSpace" : false
    }, {
      "id" : "s1-t10",
      "begin" : 108,
      "end" : 111,
      "text" : "que",
      "whiteSpace" : false
    }, {
      "id" : "s1-t11",
      "begin" : 112,
      "end" : 115,
      "text" : "lhe",
      "whiteSpace" : false
    }, {
      "id" : "s1-t12",
      "begin" : 116,
      "end" : 119,
      "text" : "são",
      "whiteSpace" : false
    }, {
      "id" : "s1-t13",
      "begin" : 120,
      "end" : 130,
      "text" : "conferidas",
      "whiteSpace" : false
    }, {
      "id" : "s1-t14",
      "begin" : 131,
      "end" : 135,
      "text" : "pela",
      "whiteSpace" : false
    }, {
      "id" : "s1-t15",
      "begin" : 136,
      "end" : 146,
      "text" : "legislação",
      "whiteSpace" : false
    }, {
      "id" : "s1-t16",
      "begin" : 147,
      "end" : 149,
      "text" : "em",
      "whiteSpace" : false
    }, {
      "id" : "s1-t17",
      "begin" : 150,
      "end" : 155,
      "text" : "vigor",
      "whiteSpace" : false
    }, {
      "id" : "s1-t18",
      "begin" : 155,
      "end" : 156,
      "text" : ",",
      "whiteSpace" : false
    }, {
      "id" : "s1-t19",
      "begin" : 157,
      "end" : 162,
      "text" : "tendo",
      "whiteSpace" : false
    }, {
      "id" : "s1-t20",
      "begin" : 163,
      "end" : 165,
      "text" : "em",
      "whiteSpace" : false
    }, {
      "id" : "s1-t21",
      "begin" : 166,
      "end" : 171,
      "text" : "vista",
      "whiteSpace" : false
    }, {
      "id" : "s1-t22",
      "begin" : 172,
      "end" : 173,
      "text" : "o",
      "whiteSpace" : false
    }, {
      "id" : "s1-t23",
      "begin" : 174,
      "end" : 177,
      "text" : "que",
      "whiteSpace" : false
    }, {
      "id" : "s1-t24",
      "begin" : 179,
      "end" : 185,
      "text" : "consta",
      "whiteSpace" : false
    }, {
      "id" : "s1-t25",
      "begin" : 186,
      "end" : 189,
      "text" : "dos",
      "whiteSpace" : false
    }, {
      "id" : "s1-t26",
      "begin" : 190,
      "end" : 199,
      "text" : "processos",
      "whiteSpace" : false
    }, {
      "id" : "s1-t27",
      "begin" : 199,
      "end" : 200,
      "text" : ",",
      "whiteSpace" : false
    }, {
      "id" : "s1-t28",
      "begin" : 201,
      "end" : 213,
      "text" : "considerando",
      "whiteSpace" : false
    }, {
      "id" : "s1-t29",
      "begin" : 214,
      "end" : 216,
      "text" : "os",
      "whiteSpace" : false
    }, {
      "id" : "s1-t30",
      "begin" : 217,
      "end" : 223,
      "text" : "termos",
      "whiteSpace" : false
    }, {
      "id" : "s1-t31",
      "begin" : 224,
      "end" : 226,
      "text" : "do",
      "whiteSpace" : false
    }, {
      "id" : "s1-t32",
      "begin" : 227,
      "end" : 234,
      "text" : "Decreto",
      "whiteSpace" : false
    }, {
      "id" : "s1-t33",
      "begin" : 235,
      "end" : 237,
      "text" : "nº",
      "whiteSpace" : false
    }, {
      "id" : "s1-t34",
      "begin" : 238,
      "end" : 244,
      "text" : "30.344",
      "whiteSpace" : false
    }, {
      "id" : "s1-t35",
      "begin" : 244,
      "end" : 245,
      "text" : ",",
      "whiteSpace" : false
    }, {
      "id" : "s1-t36",
      "begin" : 246,
      "end" : 248,
      "text" : "de",
      "whiteSpace" : false
    }, {
      "id" : "s1-t37",
      "begin" : 250,
      "end" : 252,
      "text" : "1º",
      "whiteSpace" : false
    }, {
      "id" : "s1-t38",
      "begin" : 253,
      "end" : 255,
      "text" : "de",
      "whiteSpace" : false
    }, {
      "id" : "s1-t39",
      "begin" : 256,
      "end" : 263,
      "text" : "janeiro",
      "whiteSpace" : false
    }, {
      "id" : "s1-t40",
      "begin" : 264,
      "end" : 266,
      "text" : "de",
      "whiteSpace" : false
    }, {
      "id" : "s1-t41",
      "begin" : 267,
      "end" : 271,
      "text" : "2009",
      "whiteSpace" : false
    }, {
      "id" : "s1-t42",
      "begin" : 272,
      "end" : 273,
      "text" : "e",
      "whiteSpace" : false
    }, {
      "id" : "s1-t43",
      "begin" : 274,
      "end" : 276,
      "text" : "do",
      "whiteSpace" : false
    }, {
      "id" : "s1-t44",
      "begin" : 277,
      "end" : 284,
      "text" : "Decreto",
      "whiteSpace" : false
    }, {
      "id" : "s1-t45",
      "begin" : 285,
      "end" : 287,
      "text" : "nº",
      "whiteSpace" : false
    }, {
      "id" : "s1-t46",
      "begin" : 288,
      "end" : 294,
      "text" : "31.619",
      "whiteSpace" : false
    }, {
      "id" : "s1-t47",
      "begin" : 294,
      "end" : 295,
      "text" : ",",
      "whiteSpace" : false
    }, {
      "id" : "s1-t48",
      "begin" : 296,
      "end" : 298,
      "text" : "de",
      "whiteSpace" : false
    }, {
      "id" : "s1-t49",
      "begin" : 299,
      "end" : 301,
      "text" : "18",
      "whiteSpace" : false
    }, {
      "id" : "s1-t50",
      "begin" : 302,
      "end" : 304,
      "text" : "de",
      "whiteSpace" : false
    }, {
      "id" : "s1-t51",
      "begin" : 305,
      "end" : 313,
      "text" : "dezembro",
      "whiteSpace" : false
    }, {
      "id" : "s1-t52",
      "begin" : 314,
      "end" : 316,
      "text" : "de",
      "whiteSpace" : false
    }, {
      "id" : "s1-t53",
      "begin" : 318,
      "end" : 322,
      "text" : "2009",
      "whiteSpace" : false
    }, {
      "id" : "s1-t54",
      "begin" : 322,
      "end" : 323,
      "text" : ",",
      "whiteSpace" : false
    }, {
      "id" : "s1-t55",
      "begin" : 324,
      "end" : 326,
      "text" : "em",
      "whiteSpace" : false
    }, {
      "id" : "s1-t56",
      "begin" : 327,
      "end" : 339,
      "text" : "conformidade",
      "whiteSpace" : false
    }, {
      "id" : "s1-t57",
      "begin" : 340,
      "end" : 343,
      "text" : "com",
      "whiteSpace" : false
    }, {
      "id" : "s1-t58",
      "begin" : 344,
      "end" : 345,
      "text" : "o",
      "whiteSpace" : false
    }, {
      "id" : "s1-t59",
      "begin" : 346,
      "end" : 353,
      "text" : "Decreto",
      "whiteSpace" : false
    }, {
      "id" : "s1-t60",
      "begin" : 354,
      "end" : 356,
      "text" : "nº",
      "whiteSpace" : false
    }, {
      "id" : "s1-t61",
      "begin" : 357,
      "end" : 363,
      "text" : "14.202",
      "whiteSpace" : false
    }, {
      "id" : "s1-t62",
      "begin" : 363,
      "end" : 364,
      "text" : ",",
      "whiteSpace" : false
    }, {
      "id" : "s1-t63",
      "begin" : 365,
      "end" : 367,
      "text" : "de",
      "whiteSpace" : false
    }, {
      "id" : "s1-t64",
      "begin" : 368,
      "end" : 370,
      "text" : "18",
      "whiteSpace" : false
    }, {
      "id" : "s1-t65",
      "begin" : 371,
      "end" : 373,
      "text" : "de",
      "whiteSpace" : false
    }, {
      "id" : "s1-t66",
      "begin" : 374,
      "end" : 382,
      "text" : "setembro",
      "whiteSpace" : false
    }, {
      "id" : "s1-t67",
      "begin" : 383,
      "end" : 385,
      "text" : "de",
      "whiteSpace" : false
    }, {
      "id" : "s1-t68",
      "begin" : 387,
      "end" : 391,
      "text" : "1995",
      "whiteSpace" : false
    }, {
      "id" : "s1-t69",
      "begin" : 392,
      "end" : 393,
      "text" : "e",
      "whiteSpace" : false
    }, {
      "id" : "s1-t70",
      "begin" : 394,
      "end" : 397,
      "text" : "com",
      "whiteSpace" : false
    }, {
      "id" : "s1-t71",
      "begin" : 398,
      "end" : 399,
      "text" : "a",
      "whiteSpace" : false
    }, {
      "id" : "s1-t72",
      "begin" : 400,
      "end" : 409,
      "text" : "Resolução",
      "whiteSpace" : false
    }, {
      "id" : "s1-t73",
      "begin" : 410,
      "end" : 413,
      "text" : "SME",
      "whiteSpace" : false
    }, {
      "id" : "s1-t74",
      "begin" : 414,
      "end" : 416,
      "text" : "nº",
      "whiteSpace" : false
    }, {
      "id" : "s1-t75",
      "begin" : 417,
      "end" : 420,
      "text" : "659",
      "whiteSpace" : false
    }, {
      "id" : "s1-t76",
      "begin" : 420,
      "end" : 421,
      "text" : ",",
      "whiteSpace" : false
    }, {
      "id" : "s1-t77",
      "begin" : 422,
      "end" : 424,
      "text" : "de",
      "whiteSpace" : false
    }, {
      "id" : "s1-t78",
      "begin" : 425,
      "end" : 427,
      "text" : "16",
      "whiteSpace" : false
    }, {
      "id" : "s1-t79",
      "begin" : 428,
      "end" : 430,
      "text" : "de",
      "whiteSpace" : false
    }, {
      "id" : "s1-t80",
      "begin" : 431,
      "end" : 436,
      "text" : "julho",
      "whiteSpace" : false
    }, {
      "id" : "s1-t81",
      "begin" : 437,
      "end" : 439,
      "text" : "de",
      "whiteSpace" : false
    }, {
      "id" : "s1-t82",
      "begin" : 440,
      "end" : 444,
      "text" : "1998",
      "whiteSpace" : false
    }, {
      "id" : "s1-t83",
      "begin" : 444,
      "end" : 445,
      "text" : ",",
      "whiteSpace" : false
    } ]
  }, {
    "id" : "s2",
    "begin" : 447,
    "end" : 733,
    "text" : "RESOLVE:\nnº 430 - Exonerar, a pedido, ANGELA MARIA SOARES FONSECA HER-\nMES, PROFESSOR I, matrícula 11/134161-9, do Cargo em Comissão \nde GERENTE III da Gerência de Recursos Humanos, símbolo DAS-06, \ncódigo 031225, setor 10725 da 3ª Coordenadoria Regional de Educação, \ndesta Secretaria.",
    "tokens" : [ {
      "id" : "s2-t0",
      "begin" : 447,
      "end" : 454,
      "text" : "RESOLVE",
      "whiteSpace" : false
    }, {
      "id" : "s2-t1",
      "begin" : 454,
      "end" : 455,
      "text" : ":",
      "whiteSpace" : false
    }, {
      "id" : "s2-t2",
      "begin" : 456,
      "end" : 458,
      "text" : "nº",
      "whiteSpace" : false
    }, {
      "id" : "s2-t3",
      "begin" : 459,
      "end" : 462,
      "text" : "430",
      "whiteSpace" : false
    }, {
      "id" : "s2-t4",
      "begin" : 463,
      "end" : 464,
      "text" : "-",
      "whiteSpace" : false
    }, {
      "id" : "s2-t5",
      "begin" : 465,
      "end" : 473,
      "text" : "Exonerar",
      "whiteSpace" : false
    }, {
      "id" : "s2-t6",
      "begin" : 473,
      "end" : 474,
      "text" : ",",
      "whiteSpace" : false
    }, {
      "id" : "s2-t7",
      "begin" : 475,
      "end" : 476,
      "text" : "a",
      "whiteSpace" : false
    }, {
      "id" : "s2-t8",
      "begin" : 477,
      "end" : 483,
      "text" : "pedido",
      "whiteSpace" : false
    }, {
      "id" : "s2-t9",
      "begin" : 483,
      "end" : 484,
      "text" : ",",
      "whiteSpace" : false
    }, {
      "id" : "s2-t10",
      "begin" : 485,
      "end" : 491,
      "text" : "ANGELA",
      "whiteSpace" : false
    }, {
      "id" : "s2-t11",
      "begin" : 492,
      "end" : 497,
      "text" : "MARIA",
      "whiteSpace" : false
    }, {
      "id" : "s2-t12",
      "begin" : 498,
      "end" : 504,
      "text" : "SOARES",
      "whiteSpace" : false
    }, {
      "id" : "s2-t13",
      "begin" : 505,
      "end" : 512,
      "text" : "FONSECA",
      "whiteSpace" : false
    }, {
      "id" : "s2-t14",
      "begin" : 513,
      "end" : 516,
      "text" : "HER",
      "whiteSpace" : false
    }, {
      "id" : "s2-t15",
      "begin" : 516,
      "end" : 517,
      "text" : "-",
      "whiteSpace" : false
    }, {
      "id" : "s2-t16",
      "begin" : 518,
      "end" : 521,
      "text" : "MES",
      "whiteSpace" : false
    }, {
      "id" : "s2-t17",
      "begin" : 521,
      "end" : 522,
      "text" : ",",
      "whiteSpace" : false
    }, {
      "id" : "s2-t18",
      "begin" : 523,
      "end" : 532,
      "text" : "PROFESSOR",
      "whiteSpace" : false
    }, {
      "id" : "s2-t19",
      "begin" : 533,
      "end" : 534,
      "text" : "I",
      "whiteSpace" : false
    }, {
      "id" : "s2-t20",
      "begin" : 534,
      "end" : 535,
      "text" : ",",
      "whiteSpace" : false
    }, {
      "id" : "s2-t21",
      "begin" : 536,
      "end" : 545,
      "text" : "matrícula",
      "whiteSpace" : false
    }, {
      "id" : "s2-t22",
      "begin" : 546,
      "end" : 548,
      "text" : "11",
      "whiteSpace" : false
    }, {
      "id" : "s2-t23",
      "begin" : 548,
      "end" : 557,
      "text" : "/134161-9",
      "whiteSpace" : false
    }, {
      "id" : "s2-t24",
      "begin" : 557,
      "end" : 558,
      "text" : ",",
      "whiteSpace" : false
    }, {
      "id" : "s2-t25",
      "begin" : 559,
      "end" : 561,
      "text" : "do",
      "whiteSpace" : false
    }, {
      "id" : "s2-t26",
      "begin" : 562,
      "end" : 567,
      "text" : "Cargo",
      "whiteSpace" : false
    }, {
      "id" : "s2-t27",
      "begin" : 568,
      "end" : 570,
      "text" : "em",
      "whiteSpace" : false
    }, {
      "id" : "s2-t28",
      "begin" : 571,
      "end" : 579,
      "text" : "Comissão",
      "whiteSpace" : false
    }, {
      "id" : "s2-t29",
      "begin" : 581,
      "end" : 583,
      "text" : "de",
      "whiteSpace" : false
    }, {
      "id" : "s2-t30",
      "begin" : 584,
      "end" : 591,
      "text" : "GERENTE",
      "whiteSpace" : false
    }, {
      "id" : "s2-t31",
      "begin" : 592,
      "end" : 595,
      "text" : "III",
      "whiteSpace" : false
    }, {
      "id" : "s2-t32",
      "begin" : 596,
      "end" : 598,
      "text" : "da",
      "whiteSpace" : false
    }, {
      "id" : "s2-t33",
      "begin" : 599,
      "end" : 607,
      "text" : "Gerência",
      "whiteSpace" : false
    }, {
      "id" : "s2-t34",
      "begin" : 608,
      "end" : 610,
      "text" : "de",
      "whiteSpace" : false
    }, {
      "id" : "s2-t35",
      "begin" : 611,
      "end" : 619,
      "text" : "Recursos",
      "whiteSpace" : false
    }, {
      "id" : "s2-t36",
      "begin" : 620,
      "end" : 627,
      "text" : "Humanos",
      "whiteSpace" : false
    }, {
      "id" : "s2-t37",
      "begin" : 627,
      "end" : 628,
      "text" : ",",
      "whiteSpace" : false
    }, {
      "id" : "s2-t38",
      "begin" : 629,
      "end" : 636,
      "text" : "símbolo",
      "whiteSpace" : false
    }, {
      "id" : "s2-t39",
      "begin" : 637,
      "end" : 643,
      "text" : "DAS-06",
      "whiteSpace" : false
    }, {
      "id" : "s2-t40",
      "begin" : 643,
      "end" : 644,
      "text" : ",",
      "whiteSpace" : false
    }, {
      "id" : "s2-t41",
      "begin" : 646,
      "end" : 652,
      "text" : "código",
      "whiteSpace" : false
    }, {
      "id" : "s2-t42",
      "begin" : 653,
      "end" : 659,
      "text" : "031225",
      "whiteSpace" : false
    }, {
      "id" : "s2-t43",
      "begin" : 659,
      "end" : 660,
      "text" : ",",
      "whiteSpace" : false
    }, {
      "id" : "s2-t44",
      "begin" : 661,
      "end" : 666,
      "text" : "setor",
      "whiteSpace" : false
    }, {
      "id" : "s2-t45",
      "begin" : 667,
      "end" : 672,
      "text" : "10725",
      "whiteSpace" : false
    }, {
      "id" : "s2-t46",
      "begin" : 673,
      "end" : 675,
      "text" : "da",
      "whiteSpace" : false
    }, {
      "id" : "s2-t47",
      "begin" : 676,
      "end" : 678,
      "text" : "3ª",
      "whiteSpace" : false
    }, {
      "id" : "s2-t48",
      "begin" : 679,
      "end" : 692,
      "text" : "Coordenadoria",
      "whiteSpace" : false
    }, {
      "id" : "s2-t49",
      "begin" : 693,
      "end" : 701,
      "text" : "Regional",
      "whiteSpace" : false
    }, {
      "id" : "s2-t50",
      "begin" : 702,
      "end" : 704,
      "text" : "de",
      "whiteSpace" : false
    }, {
      "id" : "s2-t51",
      "begin" : 705,
      "end" : 713,
      "text" : "Educação",
      "whiteSpace" : false
    }, {
      "id" : "s2-t52",
      "begin" : 713,
      "end" : 714,
      "text" : ",",
      "whiteSpace" : false
    }, {
      "id" : "s2-t53",
      "begin" : 716,
      "end" : 721,
      "text" : "desta",
      "whiteSpace" : false
    }, {
      "id" : "s2-t54",
      "begin" : 722,
      "end" : 732,
      "text" : "Secretaria",
      "whiteSpace" : false
    }, {
      "id" : "s2-t55",
      "begin" : 732,
      "end" : 733,
      "text" : ".",
      "whiteSpace" : false
    } ]
  }, {
    "id" : "s3",
    "begin" : 734,
    "end" : 774,
    "text" : "(ref. ao processo n° 07/03/000289/2013).",
    "tokens" : [ {
      "id" : "s3-t0",
      "begin" : 734,
      "end" : 735,
      "text" : "(",
      "whiteSpace" : false
    }, {
      "id" : "s3-t1",
      "begin" : 735,
      "end" : 739,
      "text" : "ref.",
      "whiteSpace" : false
    }, {
      "id" : "s3-t2",
      "begin" : 740,
      "end" : 742,
      "text" : "ao",
      "whiteSpace" : false
    }, {
      "id" : "s3-t3",
      "begin" : 743,
      "end" : 751,
      "text" : "processo",
      "whiteSpace" : false
    }, {
      "id" : "s3-t4",
      "begin" : 752,
      "end" : 753,
      "text" : "n",
      "whiteSpace" : false
    }, {
      "id" : "s3-t5",
      "begin" : 753,
      "end" : 754,
      "text" : "°",
      "whiteSpace" : false
    }, {
      "id" : "s3-t6",
      "begin" : 755,
      "end" : 772,
      "text" : "07/03/000289/2013",
      "whiteSpace" : false
    }, {
      "id" : "s3-t7",
      "begin" : 772,
      "end" : 773,
      "text" : ")",
      "whiteSpace" : false
    }, {
      "id" : "s3-t8",
      "begin" : 773,
      "end" : 774,
      "text" : ".",
      "whiteSpace" : false
    } ]
  } ],
  "mentions" : [ {
    "id" : "s0-m1",
    "properties" : {
      "SIRE_MENTION_ROLE" : "dia",
      "SIRE_ENTITY_SUBTYPE" : "NONE",
      "SIRE_MENTION_TYPE" : "NONE",
      "SIRE_MENTION_CLASS" : "SPC"
    },
    "type" : "dia",
    "begin" : 22,
    "end" : 24,
    "inCoref" : false
  }, {
    "id" : "s0-m2",
    "properties" : {
      "SIRE_MENTION_ROLE" : "mes",
      "SIRE_ENTITY_SUBTYPE" : "NONE",
      "SIRE_MENTION_TYPE" : "NONE",
      "SIRE_MENTION_CLASS" : "SPC"
    },
    "type" : "mes",
    "begin" : 28,
    "end" : 37,
    "inCoref" : false
  }, {
    "id" : "s0-m3",
    "properties" : {
      "SIRE_MENTION_ROLE" : "ano",
      "SIRE_ENTITY_SUBTYPE" : "NONE",
      "SIRE_MENTION_TYPE" : "NONE",
      "SIRE_MENTION_CLASS" : "SPC"
    },
    "type" : "ano",
    "begin" : 41,
    "end" : 45,
    "inCoref" : false
  }, {
    "id" : "s2-m1",
    "properties" : {
      "SIRE_MENTION_ROLE" : "portaria",
      "SIRE_ENTITY_SUBTYPE" : "NONE",
      "SIRE_MENTION_TYPE" : "NONE",
      "SIRE_MENTION_CLASS" : "SPC"
    },
    "type" : "portaria",
    "begin" : 459,
    "end" : 462,
    "inCoref" : false
  }, {
    "id" : "s2-m2",
    "properties" : {
      "SIRE_MENTION_ROLE" : "ato",
      "SIRE_ENTITY_SUBTYPE" : "NONE",
      "SIRE_MENTION_TYPE" : "NONE",
      "SIRE_MENTION_CLASS" : "SPC"
    },
    "type" : "ato",
    "begin" : 465,
    "end" : 473,
    "inCoref" : false
  }, {
    "id" : "s2-m3",
    "properties" : {
      "SIRE_MENTION_ROLE" : "nome",
      "SIRE_ENTITY_SUBTYPE" : "NONE",
      "SIRE_MENTION_TYPE" : "NONE",
      "SIRE_MENTION_CLASS" : "SPC"
    },
    "type" : "nome",
    "begin" : 485,
    "end" : 521,
    "inCoref" : false
  }, {
    "id" : "s2-m6",
    "properties" : {
      "SIRE_MENTION_ROLE" : "cargo",
      "SIRE_ENTITY_SUBTYPE" : "NONE",
      "SIRE_MENTION_TYPE" : "NONE",
      "SIRE_MENTION_CLASS" : "SPC"
    },
    "type" : "cargo",
    "begin" : 584,
    "end" : 595,
    "inCoref" : false
  } ],
  "relations" : [ ],
  "corefs" : [ ],
  "typeResolved" : true,
  "userResolved" : false
}