{
  "id" : "cded0610-7020-11ec-8aab-63cd9c950ac0-1",
  "name" : "buffer_rio_exo_02.txt",
  "createdDate" : 0,
  "version" : 3,
  "text" : "RESOLUÇÃO “P” Nº 770 DE 22 DE FEVEREIRO DE 2013\nO SECRETÁRIO CHEFE DA SECRETARIA MUNICIPAL DA CASA CI-\nVIL, no uso das atribuições que lhe são conferidas pela legislação em vigor,\n\nRESOLVE\nExonerar MôNICA MARTELLI PANO, matrícula 60/256.808-7, com valida-\nde a partir de 4 de fevereiro de 2013, do Cargo em Comissão de Assessor \nChefe, símbolo DAS-08, código 031047, da Assessoria de Comunicação \nSocial, da Secretaria Municipal de Trabalho e Emprego.\n",
  "docLength" : 0,
  "language" : "PT",
  "status" : "IN_PROGRESS",
  "modifiedDate" : 1641604845788,
  "documentSet" : [ ],
  "preannotation" : [ ],
  "sentences" : [ {
    "id" : "s0",
    "begin" : 0,
    "end" : 179,
    "text" : "RESOLUÇÃO “P” Nº 770 DE 22 DE FEVEREIRO DE 2013\nO SECRETÁRIO CHEFE DA SECRETARIA MUNICIPAL DA CASA CI-\nVIL, no uso das atribuições que lhe são conferidas pela legislação em vigor,",
    "tokens" : [ {
      "id" : "s0-t0",
      "begin" : 0,
      "end" : 9,
      "text" : "RESOLUÇÃO",
      "whiteSpace" : false
    }, {
      "id" : "s0-t1",
      "begin" : 10,
      "end" : 11,
      "text" : "“",
      "whiteSpace" : false
    }, {
      "id" : "s0-t2",
      "begin" : 11,
      "end" : 12,
      "text" : "P",
      "whiteSpace" : false
    }, {
      "id" : "s0-t3",
      "begin" : 12,
      "end" : 13,
      "text" : "”",
      "whiteSpace" : false
    }, {
      "id" : "s0-t4",
      "begin" : 14,
      "end" : 16,
      "text" : "Nº",
      "whiteSpace" : false
    }, {
      "id" : "s0-t5",
      "begin" : 17,
      "end" : 20,
      "text" : "770",
      "whiteSpace" : false
    }, {
      "id" : "s0-t6",
      "begin" : 21,
      "end" : 23,
      "text" : "DE",
      "whiteSpace" : false
    }, {
      "id" : "s0-t7",
      "begin" : 24,
      "end" : 26,
      "text" : "22",
      "whiteSpace" : false
    }, {
      "id" : "s0-t8",
      "begin" : 27,
      "end" : 29,
      "text" : "DE",
      "whiteSpace" : false
    }, {
      "id" : "s0-t9",
      "begin" : 30,
      "end" : 39,
      "text" : "FEVEREIRO",
      "whiteSpace" : false
    }, {
      "id" : "s0-t10",
      "begin" : 40,
      "end" : 42,
      "text" : "DE",
      "whiteSpace" : false
    }, {
      "id" : "s0-t11",
      "begin" : 43,
      "end" : 47,
      "text" : "2013",
      "whiteSpace" : false
    }, {
      "id" : "s0-t12",
      "begin" : 48,
      "end" : 49,
      "text" : "O",
      "whiteSpace" : false
    }, {
      "id" : "s0-t13",
      "begin" : 50,
      "end" : 60,
      "text" : "SECRETÁRIO",
      "whiteSpace" : false
    }, {
      "id" : "s0-t14",
      "begin" : 61,
      "end" : 66,
      "text" : "CHEFE",
      "whiteSpace" : false
    }, {
      "id" : "s0-t15",
      "begin" : 67,
      "end" : 69,
      "text" : "DA",
      "whiteSpace" : false
    }, {
      "id" : "s0-t16",
      "begin" : 70,
      "end" : 80,
      "text" : "SECRETARIA",
      "whiteSpace" : false
    }, {
      "id" : "s0-t17",
      "begin" : 81,
      "end" : 90,
      "text" : "MUNICIPAL",
      "whiteSpace" : false
    }, {
      "id" : "s0-t18",
      "begin" : 91,
      "end" : 93,
      "text" : "DA",
      "whiteSpace" : false
    }, {
      "id" : "s0-t19",
      "begin" : 94,
      "end" : 98,
      "text" : "CASA",
      "whiteSpace" : false
    }, {
      "id" : "s0-t20",
      "begin" : 99,
      "end" : 101,
      "text" : "CI",
      "whiteSpace" : false
    }, {
      "id" : "s0-t21",
      "begin" : 101,
      "end" : 102,
      "text" : "-",
      "whiteSpace" : false
    }, {
      "id" : "s0-t22",
      "begin" : 103,
      "end" : 106,
      "text" : "VIL",
      "whiteSpace" : false
    }, {
      "id" : "s0-t23",
      "begin" : 106,
      "end" : 107,
      "text" : ",",
      "whiteSpace" : false
    }, {
      "id" : "s0-t24",
      "begin" : 108,
      "end" : 110,
      "text" : "no",
      "whiteSpace" : false
    }, {
      "id" : "s0-t25",
      "begin" : 111,
      "end" : 114,
      "text" : "uso",
      "whiteSpace" : false
    }, {
      "id" : "s0-t26",
      "begin" : 115,
      "end" : 118,
      "text" : "das",
      "whiteSpace" : false
    }, {
      "id" : "s0-t27",
      "begin" : 119,
      "end" : 130,
      "text" : "atribuições",
      "whiteSpace" : false
    }, {
      "id" : "s0-t28",
      "begin" : 131,
      "end" : 134,
      "text" : "que",
      "whiteSpace" : false
    }, {
      "id" : "s0-t29",
      "begin" : 135,
      "end" : 138,
      "text" : "lhe",
      "whiteSpace" : false
    }, {
      "id" : "s0-t30",
      "begin" : 139,
      "end" : 142,
      "text" : "são",
      "whiteSpace" : false
    }, {
      "id" : "s0-t31",
      "begin" : 143,
      "end" : 153,
      "text" : "conferidas",
      "whiteSpace" : false
    }, {
      "id" : "s0-t32",
      "begin" : 154,
      "end" : 158,
      "text" : "pela",
      "whiteSpace" : false
    }, {
      "id" : "s0-t33",
      "begin" : 159,
      "end" : 169,
      "text" : "legislação",
      "whiteSpace" : false
    }, {
      "id" : "s0-t34",
      "begin" : 170,
      "end" : 172,
      "text" : "em",
      "whiteSpace" : false
    }, {
      "id" : "s0-t35",
      "begin" : 173,
      "end" : 178,
      "text" : "vigor",
      "whiteSpace" : false
    }, {
      "id" : "s0-t36",
      "begin" : 178,
      "end" : 179,
      "text" : ",",
      "whiteSpace" : false
    } ]
  }, {
    "id" : "s1",
    "begin" : 181,
    "end" : 451,
    "text" : "RESOLVE\nExonerar MôNICA MARTELLI PANO, matrícula 60/256.808-7, com valida-\nde a partir de 4 de fevereiro de 2013, do Cargo em Comissão de Assessor \nChefe, símbolo DAS-08, código 031047, da Assessoria de Comunicação \nSocial, da Secretaria Municipal de Trabalho e Emprego.",
    "tokens" : [ {
      "id" : "s1-t0",
      "begin" : 181,
      "end" : 188,
      "text" : "RESOLVE",
      "whiteSpace" : false
    }, {
      "id" : "s1-t1",
      "begin" : 189,
      "end" : 197,
      "text" : "Exonerar",
      "whiteSpace" : false
    }, {
      "id" : "s1-t2",
      "begin" : 198,
      "end" : 204,
      "text" : "MôNICA",
      "whiteSpace" : false
    }, {
      "id" : "s1-t3",
      "begin" : 205,
      "end" : 213,
      "text" : "MARTELLI",
      "whiteSpace" : false
    }, {
      "id" : "s1-t4",
      "begin" : 214,
      "end" : 218,
      "text" : "PANO",
      "whiteSpace" : false
    }, {
      "id" : "s1-t5",
      "begin" : 218,
      "end" : 219,
      "text" : ",",
      "whiteSpace" : false
    }, {
      "id" : "s1-t6",
      "begin" : 220,
      "end" : 229,
      "text" : "matrícula",
      "whiteSpace" : false
    }, {
      "id" : "s1-t7",
      "begin" : 230,
      "end" : 232,
      "text" : "60",
      "whiteSpace" : false
    }, {
      "id" : "s1-t8",
      "begin" : 232,
      "end" : 242,
      "text" : "/256.808-7",
      "whiteSpace" : false
    }, {
      "id" : "s1-t9",
      "begin" : 242,
      "end" : 243,
      "text" : ",",
      "whiteSpace" : false
    }, {
      "id" : "s1-t10",
      "begin" : 244,
      "end" : 247,
      "text" : "com",
      "whiteSpace" : false
    }, {
      "id" : "s1-t11",
      "begin" : 248,
      "end" : 254,
      "text" : "valida",
      "whiteSpace" : false
    }, {
      "id" : "s1-t12",
      "begin" : 254,
      "end" : 255,
      "text" : "-",
      "whiteSpace" : false
    }, {
      "id" : "s1-t13",
      "begin" : 256,
      "end" : 258,
      "text" : "de",
      "whiteSpace" : false
    }, {
      "id" : "s1-t14",
      "begin" : 259,
      "end" : 260,
      "text" : "a",
      "whiteSpace" : false
    }, {
      "id" : "s1-t15",
      "begin" : 261,
      "end" : 267,
      "text" : "partir",
      "whiteSpace" : false
    }, {
      "id" : "s1-t16",
      "begin" : 268,
      "end" : 270,
      "text" : "de",
      "whiteSpace" : false
    }, {
      "id" : "s1-t17",
      "begin" : 271,
      "end" : 272,
      "text" : "4",
      "whiteSpace" : false
    }, {
      "id" : "s1-t18",
      "begin" : 273,
      "end" : 275,
      "text" : "de",
      "whiteSpace" : false
    }, {
      "id" : "s1-t19",
      "begin" : 276,
      "end" : 285,
      "text" : "fevereiro",
      "whiteSpace" : false
    }, {
      "id" : "s1-t20",
      "begin" : 286,
      "end" : 288,
      "text" : "de",
      "whiteSpace" : false
    }, {
      "id" : "s1-t21",
      "begin" : 289,
      "end" : 293,
      "text" : "2013",
      "whiteSpace" : false
    }, {
      "id" : "s1-t22",
      "begin" : 293,
      "end" : 294,
      "text" : ",",
      "whiteSpace" : false
    }, {
      "id" : "s1-t23",
      "begin" : 295,
      "end" : 297,
      "text" : "do",
      "whiteSpace" : false
    }, {
      "id" : "s1-t24",
      "begin" : 298,
      "end" : 303,
      "text" : "Cargo",
      "whiteSpace" : false
    }, {
      "id" : "s1-t25",
      "begin" : 304,
      "end" : 306,
      "text" : "em",
      "whiteSpace" : false
    }, {
      "id" : "s1-t26",
      "begin" : 307,
      "end" : 315,
      "text" : "Comissão",
      "whiteSpace" : false
    }, {
      "id" : "s1-t27",
      "begin" : 316,
      "end" : 318,
      "text" : "de",
      "whiteSpace" : false
    }, {
      "id" : "s1-t28",
      "begin" : 319,
      "end" : 327,
      "text" : "Assessor",
      "whiteSpace" : false
    }, {
      "id" : "s1-t29",
      "begin" : 329,
      "end" : 334,
      "text" : "Chefe",
      "whiteSpace" : false
    }, {
      "id" : "s1-t30",
      "begin" : 334,
      "end" : 335,
      "text" : ",",
      "whiteSpace" : false
    }, {
      "id" : "s1-t31",
      "begin" : 336,
      "end" : 343,
      "text" : "símbolo",
      "whiteSpace" : false
    }, {
      "id" : "s1-t32",
      "begin" : 344,
      "end" : 350,
      "text" : "DAS-08",
      "whiteSpace" : false
    }, {
      "id" : "s1-t33",
      "begin" : 350,
      "end" : 351,
      "text" : ",",
      "whiteSpace" : false
    }, {
      "id" : "s1-t34",
      "begin" : 352,
      "end" : 358,
      "text" : "código",
      "whiteSpace" : false
    }, {
      "id" : "s1-t35",
      "begin" : 359,
      "end" : 365,
      "text" : "031047",
      "whiteSpace" : false
    }, {
      "id" : "s1-t36",
      "begin" : 365,
      "end" : 366,
      "text" : ",",
      "whiteSpace" : false
    }, {
      "id" : "s1-t37",
      "begin" : 367,
      "end" : 369,
      "text" : "da",
      "whiteSpace" : false
    }, {
      "id" : "s1-t38",
      "begin" : 370,
      "end" : 380,
      "text" : "Assessoria",
      "whiteSpace" : false
    }, {
      "id" : "s1-t39",
      "begin" : 381,
      "end" : 383,
      "text" : "de",
      "whiteSpace" : false
    }, {
      "id" : "s1-t40",
      "begin" : 384,
      "end" : 395,
      "text" : "Comunicação",
      "whiteSpace" : false
    }, {
      "id" : "s1-t41",
      "begin" : 397,
      "end" : 403,
      "text" : "Social",
      "whiteSpace" : false
    }, {
      "id" : "s1-t42",
      "begin" : 403,
      "end" : 404,
      "text" : ",",
      "whiteSpace" : false
    }, {
      "id" : "s1-t43",
      "begin" : 405,
      "end" : 407,
      "text" : "da",
      "whiteSpace" : false
    }, {
      "id" : "s1-t44",
      "begin" : 408,
      "end" : 418,
      "text" : "Secretaria",
      "whiteSpace" : false
    }, {
      "id" : "s1-t45",
      "begin" : 419,
      "end" : 428,
      "text" : "Municipal",
      "whiteSpace" : false
    }, {
      "id" : "s1-t46",
      "begin" : 429,
      "end" : 431,
      "text" : "de",
      "whiteSpace" : false
    }, {
      "id" : "s1-t47",
      "begin" : 432,
      "end" : 440,
      "text" : "Trabalho",
      "whiteSpace" : false
    }, {
      "id" : "s1-t48",
      "begin" : 441,
      "end" : 442,
      "text" : "e",
      "whiteSpace" : false
    }, {
      "id" : "s1-t49",
      "begin" : 443,
      "end" : 450,
      "text" : "Emprego",
      "whiteSpace" : false
    }, {
      "id" : "s1-t50",
      "begin" : 450,
      "end" : 451,
      "text" : ".",
      "whiteSpace" : false
    } ]
  } ],
  "mentions" : [ {
    "id" : "s0-m1",
    "properties" : {
      "SIRE_MENTION_ROLE" : "portaria",
      "SIRE_ENTITY_SUBTYPE" : "NONE",
      "SIRE_MENTION_TYPE" : "NONE",
      "SIRE_MENTION_CLASS" : "SPC"
    },
    "type" : "portaria",
    "begin" : 17,
    "end" : 20,
    "inCoref" : false
  }, {
    "id" : "s0-m2",
    "properties" : {
      "SIRE_MENTION_ROLE" : "dia",
      "SIRE_ENTITY_SUBTYPE" : "NONE",
      "SIRE_MENTION_TYPE" : "NONE",
      "SIRE_MENTION_CLASS" : "SPC"
    },
    "type" : "dia",
    "begin" : 24,
    "end" : 26,
    "inCoref" : false
  }, {
    "id" : "s0-m3",
    "properties" : {
      "SIRE_MENTION_ROLE" : "mes",
      "SIRE_ENTITY_SUBTYPE" : "NONE",
      "SIRE_MENTION_TYPE" : "NONE",
      "SIRE_MENTION_CLASS" : "SPC"
    },
    "type" : "mes",
    "begin" : 30,
    "end" : 39,
    "inCoref" : false
  }, {
    "id" : "s0-m4",
    "properties" : {
      "SIRE_MENTION_ROLE" : "ano",
      "SIRE_ENTITY_SUBTYPE" : "NONE",
      "SIRE_MENTION_TYPE" : "NONE",
      "SIRE_MENTION_CLASS" : "SPC"
    },
    "type" : "ano",
    "begin" : 43,
    "end" : 47,
    "inCoref" : false
  }, {
    "id" : "s1-m1",
    "properties" : {
      "SIRE_MENTION_ROLE" : "ato",
      "SIRE_ENTITY_SUBTYPE" : "NONE",
      "SIRE_MENTION_TYPE" : "NONE",
      "SIRE_MENTION_CLASS" : "SPC"
    },
    "type" : "ato",
    "begin" : 189,
    "end" : 197,
    "inCoref" : false
  }, {
    "id" : "s1-m2",
    "properties" : {
      "SIRE_MENTION_ROLE" : "nome",
      "SIRE_ENTITY_SUBTYPE" : "NONE",
      "SIRE_MENTION_TYPE" : "NONE",
      "SIRE_MENTION_CLASS" : "SPC"
    },
    "type" : "nome",
    "begin" : 198,
    "end" : 218,
    "inCoref" : false
  }, {
    "id" : "s1-m3",
    "properties" : {
      "SIRE_MENTION_ROLE" : "cargo",
      "SIRE_ENTITY_SUBTYPE" : "NONE",
      "SIRE_MENTION_TYPE" : "NONE",
      "SIRE_MENTION_CLASS" : "SPC"
    },
    "type" : "cargo",
    "begin" : 319,
    "end" : 334,
    "inCoref" : false
  } ],
  "relations" : [ ],
  "corefs" : [ ],
  "typeResolved" : true,
  "userResolved" : false
}