{
  "id" : "cded0610-7020-11ec-8aab-63cd9c950ac0-0",
  "name" : "buffer_rio_exo_01.txt",
  "createdDate" : 0,
  "version" : 3,
  "text" : "RESOLUÇÃO “P” Nº 765 DE 22 DE FEVEREIRO DE 2013\nO SECRETÁRIO CHEFE DA SECRETARIA MUNICIPAL DA CASA CI-\nVIL, no uso das atribuições que lhe são conferidas pela legislação em vigor,\n\nRESOLVE\nExonerar MARILENE MARTINS DE CARVALHO BARBOSA, 72/160.792-8, \ncom validade a partir de 18 de fevereiro de 2013, do Cargo em Comissão \nde Assistente I, símbolo DAS-06, código 005086, da Coordenadoria de Edu-\ncação, da Subsecretaria de Ensino, da Secretaria Municipal de Educação.\n",
  "docLength" : 0,
  "language" : "PT",
  "status" : "IN_PROGRESS",
  "modifiedDate" : 1641604805896,
  "documentSet" : [ ],
  "preannotation" : [ ],
  "sentences" : [ {
    "id" : "s0",
    "begin" : 0,
    "end" : 179,
    "text" : "RESOLUÇÃO “P” Nº 765 DE 22 DE FEVEREIRO DE 2013\nO SECRETÁRIO CHEFE DA SECRETARIA MUNICIPAL DA CASA CI-\nVIL, no uso das atribuições que lhe são conferidas pela legislação em vigor,",
    "tokens" : [ {
      "id" : "s0-t0",
      "begin" : 0,
      "end" : 9,
      "text" : "RESOLUÇÃO",
      "whiteSpace" : false
    }, {
      "id" : "s0-t1",
      "begin" : 10,
      "end" : 11,
      "text" : "“",
      "whiteSpace" : false
    }, {
      "id" : "s0-t2",
      "begin" : 11,
      "end" : 12,
      "text" : "P",
      "whiteSpace" : false
    }, {
      "id" : "s0-t3",
      "begin" : 12,
      "end" : 13,
      "text" : "”",
      "whiteSpace" : false
    }, {
      "id" : "s0-t4",
      "begin" : 14,
      "end" : 16,
      "text" : "Nº",
      "whiteSpace" : false
    }, {
      "id" : "s0-t5",
      "begin" : 17,
      "end" : 20,
      "text" : "765",
      "whiteSpace" : false
    }, {
      "id" : "s0-t6",
      "begin" : 21,
      "end" : 23,
      "text" : "DE",
      "whiteSpace" : false
    }, {
      "id" : "s0-t7",
      "begin" : 24,
      "end" : 26,
      "text" : "22",
      "whiteSpace" : false
    }, {
      "id" : "s0-t8",
      "begin" : 27,
      "end" : 29,
      "text" : "DE",
      "whiteSpace" : false
    }, {
      "id" : "s0-t9",
      "begin" : 30,
      "end" : 39,
      "text" : "FEVEREIRO",
      "whiteSpace" : false
    }, {
      "id" : "s0-t10",
      "begin" : 40,
      "end" : 42,
      "text" : "DE",
      "whiteSpace" : false
    }, {
      "id" : "s0-t11",
      "begin" : 43,
      "end" : 47,
      "text" : "2013",
      "whiteSpace" : false
    }, {
      "id" : "s0-t12",
      "begin" : 48,
      "end" : 49,
      "text" : "O",
      "whiteSpace" : false
    }, {
      "id" : "s0-t13",
      "begin" : 50,
      "end" : 60,
      "text" : "SECRETÁRIO",
      "whiteSpace" : false
    }, {
      "id" : "s0-t14",
      "begin" : 61,
      "end" : 66,
      "text" : "CHEFE",
      "whiteSpace" : false
    }, {
      "id" : "s0-t15",
      "begin" : 67,
      "end" : 69,
      "text" : "DA",
      "whiteSpace" : false
    }, {
      "id" : "s0-t16",
      "begin" : 70,
      "end" : 80,
      "text" : "SECRETARIA",
      "whiteSpace" : false
    }, {
      "id" : "s0-t17",
      "begin" : 81,
      "end" : 90,
      "text" : "MUNICIPAL",
      "whiteSpace" : false
    }, {
      "id" : "s0-t18",
      "begin" : 91,
      "end" : 93,
      "text" : "DA",
      "whiteSpace" : false
    }, {
      "id" : "s0-t19",
      "begin" : 94,
      "end" : 98,
      "text" : "CASA",
      "whiteSpace" : false
    }, {
      "id" : "s0-t20",
      "begin" : 99,
      "end" : 101,
      "text" : "CI",
      "whiteSpace" : false
    }, {
      "id" : "s0-t21",
      "begin" : 101,
      "end" : 102,
      "text" : "-",
      "whiteSpace" : false
    }, {
      "id" : "s0-t22",
      "begin" : 103,
      "end" : 106,
      "text" : "VIL",
      "whiteSpace" : false
    }, {
      "id" : "s0-t23",
      "begin" : 106,
      "end" : 107,
      "text" : ",",
      "whiteSpace" : false
    }, {
      "id" : "s0-t24",
      "begin" : 108,
      "end" : 110,
      "text" : "no",
      "whiteSpace" : false
    }, {
      "id" : "s0-t25",
      "begin" : 111,
      "end" : 114,
      "text" : "uso",
      "whiteSpace" : false
    }, {
      "id" : "s0-t26",
      "begin" : 115,
      "end" : 118,
      "text" : "das",
      "whiteSpace" : false
    }, {
      "id" : "s0-t27",
      "begin" : 119,
      "end" : 130,
      "text" : "atribuições",
      "whiteSpace" : false
    }, {
      "id" : "s0-t28",
      "begin" : 131,
      "end" : 134,
      "text" : "que",
      "whiteSpace" : false
    }, {
      "id" : "s0-t29",
      "begin" : 135,
      "end" : 138,
      "text" : "lhe",
      "whiteSpace" : false
    }, {
      "id" : "s0-t30",
      "begin" : 139,
      "end" : 142,
      "text" : "são",
      "whiteSpace" : false
    }, {
      "id" : "s0-t31",
      "begin" : 143,
      "end" : 153,
      "text" : "conferidas",
      "whiteSpace" : false
    }, {
      "id" : "s0-t32",
      "begin" : 154,
      "end" : 158,
      "text" : "pela",
      "whiteSpace" : false
    }, {
      "id" : "s0-t33",
      "begin" : 159,
      "end" : 169,
      "text" : "legislação",
      "whiteSpace" : false
    }, {
      "id" : "s0-t34",
      "begin" : 170,
      "end" : 172,
      "text" : "em",
      "whiteSpace" : false
    }, {
      "id" : "s0-t35",
      "begin" : 173,
      "end" : 178,
      "text" : "vigor",
      "whiteSpace" : false
    }, {
      "id" : "s0-t36",
      "begin" : 178,
      "end" : 179,
      "text" : ",",
      "whiteSpace" : false
    } ]
  }, {
    "id" : "s1",
    "begin" : 181,
    "end" : 467,
    "text" : "RESOLVE\nExonerar MARILENE MARTINS DE CARVALHO BARBOSA, 72/160.792-8, \ncom validade a partir de 18 de fevereiro de 2013, do Cargo em Comissão \nde Assistente I, símbolo DAS-06, código 005086, da Coordenadoria de Edu-\ncação, da Subsecretaria de Ensino, da Secretaria Municipal de Educação.",
    "tokens" : [ {
      "id" : "s1-t0",
      "begin" : 181,
      "end" : 188,
      "text" : "RESOLVE",
      "whiteSpace" : false
    }, {
      "id" : "s1-t1",
      "begin" : 189,
      "end" : 197,
      "text" : "Exonerar",
      "whiteSpace" : false
    }, {
      "id" : "s1-t2",
      "begin" : 198,
      "end" : 206,
      "text" : "MARILENE",
      "whiteSpace" : false
    }, {
      "id" : "s1-t3",
      "begin" : 207,
      "end" : 214,
      "text" : "MARTINS",
      "whiteSpace" : false
    }, {
      "id" : "s1-t4",
      "begin" : 215,
      "end" : 217,
      "text" : "DE",
      "whiteSpace" : false
    }, {
      "id" : "s1-t5",
      "begin" : 218,
      "end" : 226,
      "text" : "CARVALHO",
      "whiteSpace" : false
    }, {
      "id" : "s1-t6",
      "begin" : 227,
      "end" : 234,
      "text" : "BARBOSA",
      "whiteSpace" : false
    }, {
      "id" : "s1-t7",
      "begin" : 234,
      "end" : 235,
      "text" : ",",
      "whiteSpace" : false
    }, {
      "id" : "s1-t8",
      "begin" : 236,
      "end" : 238,
      "text" : "72",
      "whiteSpace" : false
    }, {
      "id" : "s1-t9",
      "begin" : 238,
      "end" : 248,
      "text" : "/160.792-8",
      "whiteSpace" : false
    }, {
      "id" : "s1-t10",
      "begin" : 248,
      "end" : 249,
      "text" : ",",
      "whiteSpace" : false
    }, {
      "id" : "s1-t11",
      "begin" : 251,
      "end" : 254,
      "text" : "com",
      "whiteSpace" : false
    }, {
      "id" : "s1-t12",
      "begin" : 255,
      "end" : 263,
      "text" : "validade",
      "whiteSpace" : false
    }, {
      "id" : "s1-t13",
      "begin" : 264,
      "end" : 265,
      "text" : "a",
      "whiteSpace" : false
    }, {
      "id" : "s1-t14",
      "begin" : 266,
      "end" : 272,
      "text" : "partir",
      "whiteSpace" : false
    }, {
      "id" : "s1-t15",
      "begin" : 273,
      "end" : 275,
      "text" : "de",
      "whiteSpace" : false
    }, {
      "id" : "s1-t16",
      "begin" : 276,
      "end" : 278,
      "text" : "18",
      "whiteSpace" : false
    }, {
      "id" : "s1-t17",
      "begin" : 279,
      "end" : 281,
      "text" : "de",
      "whiteSpace" : false
    }, {
      "id" : "s1-t18",
      "begin" : 282,
      "end" : 291,
      "text" : "fevereiro",
      "whiteSpace" : false
    }, {
      "id" : "s1-t19",
      "begin" : 292,
      "end" : 294,
      "text" : "de",
      "whiteSpace" : false
    }, {
      "id" : "s1-t20",
      "begin" : 295,
      "end" : 299,
      "text" : "2013",
      "whiteSpace" : false
    }, {
      "id" : "s1-t21",
      "begin" : 299,
      "end" : 300,
      "text" : ",",
      "whiteSpace" : false
    }, {
      "id" : "s1-t22",
      "begin" : 301,
      "end" : 303,
      "text" : "do",
      "whiteSpace" : false
    }, {
      "id" : "s1-t23",
      "begin" : 304,
      "end" : 309,
      "text" : "Cargo",
      "whiteSpace" : false
    }, {
      "id" : "s1-t24",
      "begin" : 310,
      "end" : 312,
      "text" : "em",
      "whiteSpace" : false
    }, {
      "id" : "s1-t25",
      "begin" : 313,
      "end" : 321,
      "text" : "Comissão",
      "whiteSpace" : false
    }, {
      "id" : "s1-t26",
      "begin" : 323,
      "end" : 325,
      "text" : "de",
      "whiteSpace" : false
    }, {
      "id" : "s1-t27",
      "begin" : 326,
      "end" : 336,
      "text" : "Assistente",
      "whiteSpace" : false
    }, {
      "id" : "s1-t28",
      "begin" : 337,
      "end" : 338,
      "text" : "I",
      "whiteSpace" : false
    }, {
      "id" : "s1-t29",
      "begin" : 338,
      "end" : 339,
      "text" : ",",
      "whiteSpace" : false
    }, {
      "id" : "s1-t30",
      "begin" : 340,
      "end" : 347,
      "text" : "símbolo",
      "whiteSpace" : false
    }, {
      "id" : "s1-t31",
      "begin" : 348,
      "end" : 354,
      "text" : "DAS-06",
      "whiteSpace" : false
    }, {
      "id" : "s1-t32",
      "begin" : 354,
      "end" : 355,
      "text" : ",",
      "whiteSpace" : false
    }, {
      "id" : "s1-t33",
      "begin" : 356,
      "end" : 362,
      "text" : "código",
      "whiteSpace" : false
    }, {
      "id" : "s1-t34",
      "begin" : 363,
      "end" : 369,
      "text" : "005086",
      "whiteSpace" : false
    }, {
      "id" : "s1-t35",
      "begin" : 369,
      "end" : 370,
      "text" : ",",
      "whiteSpace" : false
    }, {
      "id" : "s1-t36",
      "begin" : 371,
      "end" : 373,
      "text" : "da",
      "whiteSpace" : false
    }, {
      "id" : "s1-t37",
      "begin" : 374,
      "end" : 387,
      "text" : "Coordenadoria",
      "whiteSpace" : false
    }, {
      "id" : "s1-t38",
      "begin" : 388,
      "end" : 390,
      "text" : "de",
      "whiteSpace" : false
    }, {
      "id" : "s1-t39",
      "begin" : 391,
      "end" : 394,
      "text" : "Edu",
      "whiteSpace" : false
    }, {
      "id" : "s1-t40",
      "begin" : 394,
      "end" : 395,
      "text" : "-",
      "whiteSpace" : false
    }, {
      "id" : "s1-t41",
      "begin" : 396,
      "end" : 401,
      "text" : "cação",
      "whiteSpace" : false
    }, {
      "id" : "s1-t42",
      "begin" : 401,
      "end" : 402,
      "text" : ",",
      "whiteSpace" : false
    }, {
      "id" : "s1-t43",
      "begin" : 403,
      "end" : 405,
      "text" : "da",
      "whiteSpace" : false
    }, {
      "id" : "s1-t44",
      "begin" : 406,
      "end" : 419,
      "text" : "Subsecretaria",
      "whiteSpace" : false
    }, {
      "id" : "s1-t45",
      "begin" : 420,
      "end" : 422,
      "text" : "de",
      "whiteSpace" : false
    }, {
      "id" : "s1-t46",
      "begin" : 423,
      "end" : 429,
      "text" : "Ensino",
      "whiteSpace" : false
    }, {
      "id" : "s1-t47",
      "begin" : 429,
      "end" : 430,
      "text" : ",",
      "whiteSpace" : false
    }, {
      "id" : "s1-t48",
      "begin" : 431,
      "end" : 433,
      "text" : "da",
      "whiteSpace" : false
    }, {
      "id" : "s1-t49",
      "begin" : 434,
      "end" : 444,
      "text" : "Secretaria",
      "whiteSpace" : false
    }, {
      "id" : "s1-t50",
      "begin" : 445,
      "end" : 454,
      "text" : "Municipal",
      "whiteSpace" : false
    }, {
      "id" : "s1-t51",
      "begin" : 455,
      "end" : 457,
      "text" : "de",
      "whiteSpace" : false
    }, {
      "id" : "s1-t52",
      "begin" : 458,
      "end" : 466,
      "text" : "Educação",
      "whiteSpace" : false
    }, {
      "id" : "s1-t53",
      "begin" : 466,
      "end" : 467,
      "text" : ".",
      "whiteSpace" : false
    } ]
  } ],
  "mentions" : [ {
    "id" : "s0-m1",
    "properties" : {
      "SIRE_MENTION_ROLE" : "portaria",
      "SIRE_ENTITY_SUBTYPE" : "NONE",
      "SIRE_MENTION_TYPE" : "NONE",
      "SIRE_MENTION_CLASS" : "SPC"
    },
    "type" : "portaria",
    "begin" : 17,
    "end" : 20,
    "inCoref" : false
  }, {
    "id" : "s0-m2",
    "properties" : {
      "SIRE_MENTION_ROLE" : "dia",
      "SIRE_ENTITY_SUBTYPE" : "NONE",
      "SIRE_MENTION_TYPE" : "NONE",
      "SIRE_MENTION_CLASS" : "SPC"
    },
    "type" : "dia",
    "begin" : 24,
    "end" : 26,
    "inCoref" : false
  }, {
    "id" : "s0-m3",
    "properties" : {
      "SIRE_MENTION_ROLE" : "mes",
      "SIRE_ENTITY_SUBTYPE" : "NONE",
      "SIRE_MENTION_TYPE" : "NONE",
      "SIRE_MENTION_CLASS" : "SPC"
    },
    "type" : "mes",
    "begin" : 30,
    "end" : 39,
    "inCoref" : false
  }, {
    "id" : "s0-m4",
    "properties" : {
      "SIRE_MENTION_ROLE" : "ano",
      "SIRE_ENTITY_SUBTYPE" : "NONE",
      "SIRE_MENTION_TYPE" : "NONE",
      "SIRE_MENTION_CLASS" : "SPC"
    },
    "type" : "ano",
    "begin" : 43,
    "end" : 47,
    "inCoref" : false
  }, {
    "id" : "s1-m1",
    "properties" : {
      "SIRE_MENTION_ROLE" : "ato",
      "SIRE_ENTITY_SUBTYPE" : "NONE",
      "SIRE_MENTION_TYPE" : "NONE",
      "SIRE_MENTION_CLASS" : "SPC"
    },
    "type" : "ato",
    "begin" : 189,
    "end" : 197,
    "inCoref" : false
  }, {
    "id" : "s1-m2",
    "properties" : {
      "SIRE_MENTION_ROLE" : "nome",
      "SIRE_ENTITY_SUBTYPE" : "NONE",
      "SIRE_MENTION_TYPE" : "NONE",
      "SIRE_MENTION_CLASS" : "SPC"
    },
    "type" : "nome",
    "begin" : 198,
    "end" : 234,
    "inCoref" : false
  }, {
    "id" : "s1-m3",
    "properties" : {
      "SIRE_MENTION_ROLE" : "cargo",
      "SIRE_ENTITY_SUBTYPE" : "NONE",
      "SIRE_MENTION_TYPE" : "NONE",
      "SIRE_MENTION_CLASS" : "SPC"
    },
    "type" : "cargo",
    "begin" : 326,
    "end" : 338,
    "inCoref" : false
  } ],
  "relations" : [ ],
  "corefs" : [ ],
  "typeResolved" : true,
  "userResolved" : false
}