{
  "id" : "cded0610-7020-11ec-8aab-63cd9c950ac0-8",
  "name" : "buffer_rio_exo_09.txt",
  "createdDate" : 0,
  "version" : 3,
  "text" : "RESOLUÇÕES “P” DE 22 DE FEVEREIRO DE 2013\n\nO SECRETÁRIO MUNICIPAL DE ADMINISTRAÇÃO, no uso de suas \natribuições que lhe são conferidas pela legislação em vigor,\n\nRESOLVE:\nResolução nº 135 - Exonerar ANDERSON FERRAZ CARNEIRO, matrí-\ncula 11/226.685-6, do Cargo em Comissão de Gerente, símbolo DAS-08, \ncódigo 016922, da Coordenadoria de Análise e Pagamento, da Coorde-\nnadoria Geral do Subsistema de Recursos Humanos da Secretaria Muni-\ncipal de Administração.\n\n",
  "docLength" : 0,
  "language" : "PT",
  "status" : "IN_PROGRESS",
  "modifiedDate" : 1641605149115,
  "documentSet" : [ ],
  "preannotation" : [ ],
  "sentences" : [ {
    "id" : "s0",
    "begin" : 0,
    "end" : 41,
    "text" : "RESOLUÇÕES “P” DE 22 DE FEVEREIRO DE 2013",
    "tokens" : [ {
      "id" : "s0-t0",
      "begin" : 0,
      "end" : 10,
      "text" : "RESOLUÇÕES",
      "whiteSpace" : false
    }, {
      "id" : "s0-t1",
      "begin" : 11,
      "end" : 12,
      "text" : "“",
      "whiteSpace" : false
    }, {
      "id" : "s0-t2",
      "begin" : 12,
      "end" : 13,
      "text" : "P",
      "whiteSpace" : false
    }, {
      "id" : "s0-t3",
      "begin" : 13,
      "end" : 14,
      "text" : "”",
      "whiteSpace" : false
    }, {
      "id" : "s0-t4",
      "begin" : 15,
      "end" : 17,
      "text" : "DE",
      "whiteSpace" : false
    }, {
      "id" : "s0-t5",
      "begin" : 18,
      "end" : 20,
      "text" : "22",
      "whiteSpace" : false
    }, {
      "id" : "s0-t6",
      "begin" : 21,
      "end" : 23,
      "text" : "DE",
      "whiteSpace" : false
    }, {
      "id" : "s0-t7",
      "begin" : 24,
      "end" : 33,
      "text" : "FEVEREIRO",
      "whiteSpace" : false
    }, {
      "id" : "s0-t8",
      "begin" : 34,
      "end" : 36,
      "text" : "DE",
      "whiteSpace" : false
    }, {
      "id" : "s0-t9",
      "begin" : 37,
      "end" : 41,
      "text" : "2013",
      "whiteSpace" : false
    } ]
  }, {
    "id" : "s1",
    "begin" : 43,
    "end" : 160,
    "text" : "O SECRETÁRIO MUNICIPAL DE ADMINISTRAÇÃO, no uso de suas \natribuições que lhe são conferidas pela legislação em vigor,",
    "tokens" : [ {
      "id" : "s1-t0",
      "begin" : 43,
      "end" : 44,
      "text" : "O",
      "whiteSpace" : false
    }, {
      "id" : "s1-t1",
      "begin" : 45,
      "end" : 55,
      "text" : "SECRETÁRIO",
      "whiteSpace" : false
    }, {
      "id" : "s1-t2",
      "begin" : 56,
      "end" : 65,
      "text" : "MUNICIPAL",
      "whiteSpace" : false
    }, {
      "id" : "s1-t3",
      "begin" : 66,
      "end" : 68,
      "text" : "DE",
      "whiteSpace" : false
    }, {
      "id" : "s1-t4",
      "begin" : 69,
      "end" : 82,
      "text" : "ADMINISTRAÇÃO",
      "whiteSpace" : false
    }, {
      "id" : "s1-t5",
      "begin" : 82,
      "end" : 83,
      "text" : ",",
      "whiteSpace" : false
    }, {
      "id" : "s1-t6",
      "begin" : 84,
      "end" : 86,
      "text" : "no",
      "whiteSpace" : false
    }, {
      "id" : "s1-t7",
      "begin" : 87,
      "end" : 90,
      "text" : "uso",
      "whiteSpace" : false
    }, {
      "id" : "s1-t8",
      "begin" : 91,
      "end" : 93,
      "text" : "de",
      "whiteSpace" : false
    }, {
      "id" : "s1-t9",
      "begin" : 94,
      "end" : 98,
      "text" : "suas",
      "whiteSpace" : false
    }, {
      "id" : "s1-t10",
      "begin" : 100,
      "end" : 111,
      "text" : "atribuições",
      "whiteSpace" : false
    }, {
      "id" : "s1-t11",
      "begin" : 112,
      "end" : 115,
      "text" : "que",
      "whiteSpace" : false
    }, {
      "id" : "s1-t12",
      "begin" : 116,
      "end" : 119,
      "text" : "lhe",
      "whiteSpace" : false
    }, {
      "id" : "s1-t13",
      "begin" : 120,
      "end" : 123,
      "text" : "são",
      "whiteSpace" : false
    }, {
      "id" : "s1-t14",
      "begin" : 124,
      "end" : 134,
      "text" : "conferidas",
      "whiteSpace" : false
    }, {
      "id" : "s1-t15",
      "begin" : 135,
      "end" : 139,
      "text" : "pela",
      "whiteSpace" : false
    }, {
      "id" : "s1-t16",
      "begin" : 140,
      "end" : 150,
      "text" : "legislação",
      "whiteSpace" : false
    }, {
      "id" : "s1-t17",
      "begin" : 151,
      "end" : 153,
      "text" : "em",
      "whiteSpace" : false
    }, {
      "id" : "s1-t18",
      "begin" : 154,
      "end" : 159,
      "text" : "vigor",
      "whiteSpace" : false
    }, {
      "id" : "s1-t19",
      "begin" : 159,
      "end" : 160,
      "text" : ",",
      "whiteSpace" : false
    } ]
  }, {
    "id" : "s2",
    "begin" : 162,
    "end" : 459,
    "text" : "RESOLVE:\nResolução nº 135 - Exonerar ANDERSON FERRAZ CARNEIRO, matrí-\ncula 11/226.685-6, do Cargo em Comissão de Gerente, símbolo DAS-08, \ncódigo 016922, da Coordenadoria de Análise e Pagamento, da Coorde-\nnadoria Geral do Subsistema de Recursos Humanos da Secretaria Muni-\ncipal de Administração.",
    "tokens" : [ {
      "id" : "s2-t0",
      "begin" : 162,
      "end" : 169,
      "text" : "RESOLVE",
      "whiteSpace" : false
    }, {
      "id" : "s2-t1",
      "begin" : 169,
      "end" : 170,
      "text" : ":",
      "whiteSpace" : false
    }, {
      "id" : "s2-t2",
      "begin" : 171,
      "end" : 180,
      "text" : "Resolução",
      "whiteSpace" : false
    }, {
      "id" : "s2-t3",
      "begin" : 181,
      "end" : 183,
      "text" : "nº",
      "whiteSpace" : false
    }, {
      "id" : "s2-t4",
      "begin" : 184,
      "end" : 187,
      "text" : "135",
      "whiteSpace" : false
    }, {
      "id" : "s2-t5",
      "begin" : 188,
      "end" : 189,
      "text" : "-",
      "whiteSpace" : false
    }, {
      "id" : "s2-t6",
      "begin" : 190,
      "end" : 198,
      "text" : "Exonerar",
      "whiteSpace" : false
    }, {
      "id" : "s2-t7",
      "begin" : 199,
      "end" : 207,
      "text" : "ANDERSON",
      "whiteSpace" : false
    }, {
      "id" : "s2-t8",
      "begin" : 208,
      "end" : 214,
      "text" : "FERRAZ",
      "whiteSpace" : false
    }, {
      "id" : "s2-t9",
      "begin" : 215,
      "end" : 223,
      "text" : "CARNEIRO",
      "whiteSpace" : false
    }, {
      "id" : "s2-t10",
      "begin" : 223,
      "end" : 224,
      "text" : ",",
      "whiteSpace" : false
    }, {
      "id" : "s2-t11",
      "begin" : 225,
      "end" : 230,
      "text" : "matrí",
      "whiteSpace" : false
    }, {
      "id" : "s2-t12",
      "begin" : 230,
      "end" : 231,
      "text" : "-",
      "whiteSpace" : false
    }, {
      "id" : "s2-t13",
      "begin" : 232,
      "end" : 236,
      "text" : "cula",
      "whiteSpace" : false
    }, {
      "id" : "s2-t14",
      "begin" : 237,
      "end" : 239,
      "text" : "11",
      "whiteSpace" : false
    }, {
      "id" : "s2-t15",
      "begin" : 239,
      "end" : 249,
      "text" : "/226.685-6",
      "whiteSpace" : false
    }, {
      "id" : "s2-t16",
      "begin" : 249,
      "end" : 250,
      "text" : ",",
      "whiteSpace" : false
    }, {
      "id" : "s2-t17",
      "begin" : 251,
      "end" : 253,
      "text" : "do",
      "whiteSpace" : false
    }, {
      "id" : "s2-t18",
      "begin" : 254,
      "end" : 259,
      "text" : "Cargo",
      "whiteSpace" : false
    }, {
      "id" : "s2-t19",
      "begin" : 260,
      "end" : 262,
      "text" : "em",
      "whiteSpace" : false
    }, {
      "id" : "s2-t20",
      "begin" : 263,
      "end" : 271,
      "text" : "Comissão",
      "whiteSpace" : false
    }, {
      "id" : "s2-t21",
      "begin" : 272,
      "end" : 274,
      "text" : "de",
      "whiteSpace" : false
    }, {
      "id" : "s2-t22",
      "begin" : 275,
      "end" : 282,
      "text" : "Gerente",
      "whiteSpace" : false
    }, {
      "id" : "s2-t23",
      "begin" : 282,
      "end" : 283,
      "text" : ",",
      "whiteSpace" : false
    }, {
      "id" : "s2-t24",
      "begin" : 284,
      "end" : 291,
      "text" : "símbolo",
      "whiteSpace" : false
    }, {
      "id" : "s2-t25",
      "begin" : 292,
      "end" : 298,
      "text" : "DAS-08",
      "whiteSpace" : false
    }, {
      "id" : "s2-t26",
      "begin" : 298,
      "end" : 299,
      "text" : ",",
      "whiteSpace" : false
    }, {
      "id" : "s2-t27",
      "begin" : 301,
      "end" : 307,
      "text" : "código",
      "whiteSpace" : false
    }, {
      "id" : "s2-t28",
      "begin" : 308,
      "end" : 314,
      "text" : "016922",
      "whiteSpace" : false
    }, {
      "id" : "s2-t29",
      "begin" : 314,
      "end" : 315,
      "text" : ",",
      "whiteSpace" : false
    }, {
      "id" : "s2-t30",
      "begin" : 316,
      "end" : 318,
      "text" : "da",
      "whiteSpace" : false
    }, {
      "id" : "s2-t31",
      "begin" : 319,
      "end" : 332,
      "text" : "Coordenadoria",
      "whiteSpace" : false
    }, {
      "id" : "s2-t32",
      "begin" : 333,
      "end" : 335,
      "text" : "de",
      "whiteSpace" : false
    }, {
      "id" : "s2-t33",
      "begin" : 336,
      "end" : 343,
      "text" : "Análise",
      "whiteSpace" : false
    }, {
      "id" : "s2-t34",
      "begin" : 344,
      "end" : 345,
      "text" : "e",
      "whiteSpace" : false
    }, {
      "id" : "s2-t35",
      "begin" : 346,
      "end" : 355,
      "text" : "Pagamento",
      "whiteSpace" : false
    }, {
      "id" : "s2-t36",
      "begin" : 355,
      "end" : 356,
      "text" : ",",
      "whiteSpace" : false
    }, {
      "id" : "s2-t37",
      "begin" : 357,
      "end" : 359,
      "text" : "da",
      "whiteSpace" : false
    }, {
      "id" : "s2-t38",
      "begin" : 360,
      "end" : 366,
      "text" : "Coorde",
      "whiteSpace" : false
    }, {
      "id" : "s2-t39",
      "begin" : 366,
      "end" : 367,
      "text" : "-",
      "whiteSpace" : false
    }, {
      "id" : "s2-t40",
      "begin" : 368,
      "end" : 375,
      "text" : "nadoria",
      "whiteSpace" : false
    }, {
      "id" : "s2-t41",
      "begin" : 376,
      "end" : 381,
      "text" : "Geral",
      "whiteSpace" : false
    }, {
      "id" : "s2-t42",
      "begin" : 382,
      "end" : 384,
      "text" : "do",
      "whiteSpace" : false
    }, {
      "id" : "s2-t43",
      "begin" : 385,
      "end" : 395,
      "text" : "Subsistema",
      "whiteSpace" : false
    }, {
      "id" : "s2-t44",
      "begin" : 396,
      "end" : 398,
      "text" : "de",
      "whiteSpace" : false
    }, {
      "id" : "s2-t45",
      "begin" : 399,
      "end" : 407,
      "text" : "Recursos",
      "whiteSpace" : false
    }, {
      "id" : "s2-t46",
      "begin" : 408,
      "end" : 415,
      "text" : "Humanos",
      "whiteSpace" : false
    }, {
      "id" : "s2-t47",
      "begin" : 416,
      "end" : 418,
      "text" : "da",
      "whiteSpace" : false
    }, {
      "id" : "s2-t48",
      "begin" : 419,
      "end" : 429,
      "text" : "Secretaria",
      "whiteSpace" : false
    }, {
      "id" : "s2-t49",
      "begin" : 430,
      "end" : 434,
      "text" : "Muni",
      "whiteSpace" : false
    }, {
      "id" : "s2-t50",
      "begin" : 434,
      "end" : 435,
      "text" : "-",
      "whiteSpace" : false
    }, {
      "id" : "s2-t51",
      "begin" : 436,
      "end" : 441,
      "text" : "cipal",
      "whiteSpace" : false
    }, {
      "id" : "s2-t52",
      "begin" : 442,
      "end" : 444,
      "text" : "de",
      "whiteSpace" : false
    }, {
      "id" : "s2-t53",
      "begin" : 445,
      "end" : 458,
      "text" : "Administração",
      "whiteSpace" : false
    }, {
      "id" : "s2-t54",
      "begin" : 458,
      "end" : 459,
      "text" : ".",
      "whiteSpace" : false
    } ]
  } ],
  "mentions" : [ {
    "id" : "s0-m1",
    "properties" : {
      "SIRE_MENTION_ROLE" : "dia",
      "SIRE_ENTITY_SUBTYPE" : "NONE",
      "SIRE_MENTION_TYPE" : "NONE",
      "SIRE_MENTION_CLASS" : "SPC"
    },
    "type" : "dia",
    "begin" : 18,
    "end" : 20,
    "inCoref" : false
  }, {
    "id" : "s0-m2",
    "properties" : {
      "SIRE_MENTION_ROLE" : "mes",
      "SIRE_ENTITY_SUBTYPE" : "NONE",
      "SIRE_MENTION_TYPE" : "NONE",
      "SIRE_MENTION_CLASS" : "SPC"
    },
    "type" : "mes",
    "begin" : 24,
    "end" : 33,
    "inCoref" : false
  }, {
    "id" : "s0-m3",
    "properties" : {
      "SIRE_MENTION_ROLE" : "ano",
      "SIRE_ENTITY_SUBTYPE" : "NONE",
      "SIRE_MENTION_TYPE" : "NONE",
      "SIRE_MENTION_CLASS" : "SPC"
    },
    "type" : "ano",
    "begin" : 37,
    "end" : 41,
    "inCoref" : false
  }, {
    "id" : "s2-m1",
    "properties" : {
      "SIRE_MENTION_ROLE" : "portaria",
      "SIRE_ENTITY_SUBTYPE" : "NONE",
      "SIRE_MENTION_TYPE" : "NONE",
      "SIRE_MENTION_CLASS" : "SPC"
    },
    "type" : "portaria",
    "begin" : 184,
    "end" : 187,
    "inCoref" : false
  }, {
    "id" : "s2-m2",
    "properties" : {
      "SIRE_MENTION_ROLE" : "ato",
      "SIRE_ENTITY_SUBTYPE" : "NONE",
      "SIRE_MENTION_TYPE" : "NONE",
      "SIRE_MENTION_CLASS" : "SPC"
    },
    "type" : "ato",
    "begin" : 190,
    "end" : 198,
    "inCoref" : false
  }, {
    "id" : "s2-m3",
    "properties" : {
      "SIRE_MENTION_ROLE" : "nome",
      "SIRE_ENTITY_SUBTYPE" : "NONE",
      "SIRE_MENTION_TYPE" : "NONE",
      "SIRE_MENTION_CLASS" : "SPC"
    },
    "type" : "nome",
    "begin" : 199,
    "end" : 223,
    "inCoref" : false
  }, {
    "id" : "s2-m4",
    "properties" : {
      "SIRE_MENTION_ROLE" : "cargo",
      "SIRE_ENTITY_SUBTYPE" : "NONE",
      "SIRE_MENTION_TYPE" : "NONE",
      "SIRE_MENTION_CLASS" : "SPC"
    },
    "type" : "cargo",
    "begin" : 275,
    "end" : 282,
    "inCoref" : false
  } ],
  "relations" : [ ],
  "corefs" : [ ],
  "typeResolved" : true,
  "userResolved" : false
}