{
  "id" : "cded0610-7020-11ec-8aab-63cd9c950ac0-9",
  "name" : "buffer_rio_exo_10.txt",
  "createdDate" : 0,
  "version" : 3,
  "text" : "RESOLUÇÕES “P” DE 22 DE FEVEREIRO DE 2013\n\nO SECRETÁRIO MUNICIPAL DE ADMINISTRAÇÃO, no uso de suas \natribuições que lhe são conferidas pela legislação em vigor,\n\nRESOLVE:\nResolução nº 136 - Exonerar, a pedido, CARLOS EDUARDO LOPES DA \nSILVA, matrícula 11/210.634-2, do Cargo em Comissão de GERENTE, \nsímbolo DAS-08, código 016818, da Coordenadoria de Suprimentos da \nSecretaria Municipal de Administração.",
  "docLength" : 0,
  "language" : "PT",
  "status" : "IN_PROGRESS",
  "modifiedDate" : 1641604763290,
  "documentSet" : [ ],
  "preannotation" : [ ],
  "sentences" : [ {
    "id" : "s0",
    "begin" : 0,
    "end" : 41,
    "text" : "RESOLUÇÕES “P” DE 22 DE FEVEREIRO DE 2013",
    "tokens" : [ {
      "id" : "s0-t0",
      "begin" : 0,
      "end" : 10,
      "text" : "RESOLUÇÕES",
      "whiteSpace" : false
    }, {
      "id" : "s0-t1",
      "begin" : 11,
      "end" : 12,
      "text" : "“",
      "whiteSpace" : false
    }, {
      "id" : "s0-t2",
      "begin" : 12,
      "end" : 13,
      "text" : "P",
      "whiteSpace" : false
    }, {
      "id" : "s0-t3",
      "begin" : 13,
      "end" : 14,
      "text" : "”",
      "whiteSpace" : false
    }, {
      "id" : "s0-t4",
      "begin" : 15,
      "end" : 17,
      "text" : "DE",
      "whiteSpace" : false
    }, {
      "id" : "s0-t5",
      "begin" : 18,
      "end" : 20,
      "text" : "22",
      "whiteSpace" : false
    }, {
      "id" : "s0-t6",
      "begin" : 21,
      "end" : 23,
      "text" : "DE",
      "whiteSpace" : false
    }, {
      "id" : "s0-t7",
      "begin" : 24,
      "end" : 33,
      "text" : "FEVEREIRO",
      "whiteSpace" : false
    }, {
      "id" : "s0-t8",
      "begin" : 34,
      "end" : 36,
      "text" : "DE",
      "whiteSpace" : false
    }, {
      "id" : "s0-t9",
      "begin" : 37,
      "end" : 41,
      "text" : "2013",
      "whiteSpace" : false
    } ]
  }, {
    "id" : "s1",
    "begin" : 43,
    "end" : 160,
    "text" : "O SECRETÁRIO MUNICIPAL DE ADMINISTRAÇÃO, no uso de suas \natribuições que lhe são conferidas pela legislação em vigor,",
    "tokens" : [ {
      "id" : "s1-t0",
      "begin" : 43,
      "end" : 44,
      "text" : "O",
      "whiteSpace" : false
    }, {
      "id" : "s1-t1",
      "begin" : 45,
      "end" : 55,
      "text" : "SECRETÁRIO",
      "whiteSpace" : false
    }, {
      "id" : "s1-t2",
      "begin" : 56,
      "end" : 65,
      "text" : "MUNICIPAL",
      "whiteSpace" : false
    }, {
      "id" : "s1-t3",
      "begin" : 66,
      "end" : 68,
      "text" : "DE",
      "whiteSpace" : false
    }, {
      "id" : "s1-t4",
      "begin" : 69,
      "end" : 82,
      "text" : "ADMINISTRAÇÃO",
      "whiteSpace" : false
    }, {
      "id" : "s1-t5",
      "begin" : 82,
      "end" : 83,
      "text" : ",",
      "whiteSpace" : false
    }, {
      "id" : "s1-t6",
      "begin" : 84,
      "end" : 86,
      "text" : "no",
      "whiteSpace" : false
    }, {
      "id" : "s1-t7",
      "begin" : 87,
      "end" : 90,
      "text" : "uso",
      "whiteSpace" : false
    }, {
      "id" : "s1-t8",
      "begin" : 91,
      "end" : 93,
      "text" : "de",
      "whiteSpace" : false
    }, {
      "id" : "s1-t9",
      "begin" : 94,
      "end" : 98,
      "text" : "suas",
      "whiteSpace" : false
    }, {
      "id" : "s1-t10",
      "begin" : 100,
      "end" : 111,
      "text" : "atribuições",
      "whiteSpace" : false
    }, {
      "id" : "s1-t11",
      "begin" : 112,
      "end" : 115,
      "text" : "que",
      "whiteSpace" : false
    }, {
      "id" : "s1-t12",
      "begin" : 116,
      "end" : 119,
      "text" : "lhe",
      "whiteSpace" : false
    }, {
      "id" : "s1-t13",
      "begin" : 120,
      "end" : 123,
      "text" : "são",
      "whiteSpace" : false
    }, {
      "id" : "s1-t14",
      "begin" : 124,
      "end" : 134,
      "text" : "conferidas",
      "whiteSpace" : false
    }, {
      "id" : "s1-t15",
      "begin" : 135,
      "end" : 139,
      "text" : "pela",
      "whiteSpace" : false
    }, {
      "id" : "s1-t16",
      "begin" : 140,
      "end" : 150,
      "text" : "legislação",
      "whiteSpace" : false
    }, {
      "id" : "s1-t17",
      "begin" : 151,
      "end" : 153,
      "text" : "em",
      "whiteSpace" : false
    }, {
      "id" : "s1-t18",
      "begin" : 154,
      "end" : 159,
      "text" : "vigor",
      "whiteSpace" : false
    }, {
      "id" : "s1-t19",
      "begin" : 159,
      "end" : 160,
      "text" : ",",
      "whiteSpace" : false
    } ]
  }, {
    "id" : "s2",
    "begin" : 162,
    "end" : 405,
    "text" : "RESOLVE:\nResolução nº 136 - Exonerar, a pedido, CARLOS EDUARDO LOPES DA \nSILVA, matrícula 11/210.634-2, do Cargo em Comissão de GERENTE, \nsímbolo DAS-08, código 016818, da Coordenadoria de Suprimentos da \nSecretaria Municipal de Administração.",
    "tokens" : [ {
      "id" : "s2-t0",
      "begin" : 162,
      "end" : 169,
      "text" : "RESOLVE",
      "whiteSpace" : false
    }, {
      "id" : "s2-t1",
      "begin" : 169,
      "end" : 170,
      "text" : ":",
      "whiteSpace" : false
    }, {
      "id" : "s2-t2",
      "begin" : 171,
      "end" : 180,
      "text" : "Resolução",
      "whiteSpace" : false
    }, {
      "id" : "s2-t3",
      "begin" : 181,
      "end" : 183,
      "text" : "nº",
      "whiteSpace" : false
    }, {
      "id" : "s2-t4",
      "begin" : 184,
      "end" : 187,
      "text" : "136",
      "whiteSpace" : false
    }, {
      "id" : "s2-t5",
      "begin" : 188,
      "end" : 189,
      "text" : "-",
      "whiteSpace" : false
    }, {
      "id" : "s2-t6",
      "begin" : 190,
      "end" : 198,
      "text" : "Exonerar",
      "whiteSpace" : false
    }, {
      "id" : "s2-t7",
      "begin" : 198,
      "end" : 199,
      "text" : ",",
      "whiteSpace" : false
    }, {
      "id" : "s2-t8",
      "begin" : 200,
      "end" : 201,
      "text" : "a",
      "whiteSpace" : false
    }, {
      "id" : "s2-t9",
      "begin" : 202,
      "end" : 208,
      "text" : "pedido",
      "whiteSpace" : false
    }, {
      "id" : "s2-t10",
      "begin" : 208,
      "end" : 209,
      "text" : ",",
      "whiteSpace" : false
    }, {
      "id" : "s2-t11",
      "begin" : 210,
      "end" : 216,
      "text" : "CARLOS",
      "whiteSpace" : false
    }, {
      "id" : "s2-t12",
      "begin" : 217,
      "end" : 224,
      "text" : "EDUARDO",
      "whiteSpace" : false
    }, {
      "id" : "s2-t13",
      "begin" : 225,
      "end" : 230,
      "text" : "LOPES",
      "whiteSpace" : false
    }, {
      "id" : "s2-t14",
      "begin" : 231,
      "end" : 233,
      "text" : "DA",
      "whiteSpace" : false
    }, {
      "id" : "s2-t15",
      "begin" : 235,
      "end" : 240,
      "text" : "SILVA",
      "whiteSpace" : false
    }, {
      "id" : "s2-t16",
      "begin" : 240,
      "end" : 241,
      "text" : ",",
      "whiteSpace" : false
    }, {
      "id" : "s2-t17",
      "begin" : 242,
      "end" : 251,
      "text" : "matrícula",
      "whiteSpace" : false
    }, {
      "id" : "s2-t18",
      "begin" : 252,
      "end" : 254,
      "text" : "11",
      "whiteSpace" : false
    }, {
      "id" : "s2-t19",
      "begin" : 254,
      "end" : 264,
      "text" : "/210.634-2",
      "whiteSpace" : false
    }, {
      "id" : "s2-t20",
      "begin" : 264,
      "end" : 265,
      "text" : ",",
      "whiteSpace" : false
    }, {
      "id" : "s2-t21",
      "begin" : 266,
      "end" : 268,
      "text" : "do",
      "whiteSpace" : false
    }, {
      "id" : "s2-t22",
      "begin" : 269,
      "end" : 274,
      "text" : "Cargo",
      "whiteSpace" : false
    }, {
      "id" : "s2-t23",
      "begin" : 275,
      "end" : 277,
      "text" : "em",
      "whiteSpace" : false
    }, {
      "id" : "s2-t24",
      "begin" : 278,
      "end" : 286,
      "text" : "Comissão",
      "whiteSpace" : false
    }, {
      "id" : "s2-t25",
      "begin" : 287,
      "end" : 289,
      "text" : "de",
      "whiteSpace" : false
    }, {
      "id" : "s2-t26",
      "begin" : 290,
      "end" : 297,
      "text" : "GERENTE",
      "whiteSpace" : false
    }, {
      "id" : "s2-t27",
      "begin" : 297,
      "end" : 298,
      "text" : ",",
      "whiteSpace" : false
    }, {
      "id" : "s2-t28",
      "begin" : 300,
      "end" : 307,
      "text" : "símbolo",
      "whiteSpace" : false
    }, {
      "id" : "s2-t29",
      "begin" : 308,
      "end" : 314,
      "text" : "DAS-08",
      "whiteSpace" : false
    }, {
      "id" : "s2-t30",
      "begin" : 314,
      "end" : 315,
      "text" : ",",
      "whiteSpace" : false
    }, {
      "id" : "s2-t31",
      "begin" : 316,
      "end" : 322,
      "text" : "código",
      "whiteSpace" : false
    }, {
      "id" : "s2-t32",
      "begin" : 323,
      "end" : 329,
      "text" : "016818",
      "whiteSpace" : false
    }, {
      "id" : "s2-t33",
      "begin" : 329,
      "end" : 330,
      "text" : ",",
      "whiteSpace" : false
    }, {
      "id" : "s2-t34",
      "begin" : 331,
      "end" : 333,
      "text" : "da",
      "whiteSpace" : false
    }, {
      "id" : "s2-t35",
      "begin" : 334,
      "end" : 347,
      "text" : "Coordenadoria",
      "whiteSpace" : false
    }, {
      "id" : "s2-t36",
      "begin" : 348,
      "end" : 350,
      "text" : "de",
      "whiteSpace" : false
    }, {
      "id" : "s2-t37",
      "begin" : 351,
      "end" : 362,
      "text" : "Suprimentos",
      "whiteSpace" : false
    }, {
      "id" : "s2-t38",
      "begin" : 363,
      "end" : 365,
      "text" : "da",
      "whiteSpace" : false
    }, {
      "id" : "s2-t39",
      "begin" : 367,
      "end" : 377,
      "text" : "Secretaria",
      "whiteSpace" : false
    }, {
      "id" : "s2-t40",
      "begin" : 378,
      "end" : 387,
      "text" : "Municipal",
      "whiteSpace" : false
    }, {
      "id" : "s2-t41",
      "begin" : 388,
      "end" : 390,
      "text" : "de",
      "whiteSpace" : false
    }, {
      "id" : "s2-t42",
      "begin" : 391,
      "end" : 404,
      "text" : "Administração",
      "whiteSpace" : false
    }, {
      "id" : "s2-t43",
      "begin" : 404,
      "end" : 405,
      "text" : ".",
      "whiteSpace" : false
    } ]
  } ],
  "mentions" : [ {
    "id" : "s0-m1",
    "properties" : {
      "SIRE_MENTION_ROLE" : "dia",
      "SIRE_ENTITY_SUBTYPE" : "NONE",
      "SIRE_MENTION_TYPE" : "NONE",
      "SIRE_MENTION_CLASS" : "SPC"
    },
    "type" : "dia",
    "begin" : 18,
    "end" : 20,
    "inCoref" : false
  }, {
    "id" : "s0-m2",
    "properties" : {
      "SIRE_MENTION_ROLE" : "mes",
      "SIRE_ENTITY_SUBTYPE" : "NONE",
      "SIRE_MENTION_TYPE" : "NONE",
      "SIRE_MENTION_CLASS" : "SPC"
    },
    "type" : "mes",
    "begin" : 24,
    "end" : 33,
    "inCoref" : false
  }, {
    "id" : "s0-m3",
    "properties" : {
      "SIRE_MENTION_ROLE" : "ano",
      "SIRE_ENTITY_SUBTYPE" : "NONE",
      "SIRE_MENTION_TYPE" : "NONE",
      "SIRE_MENTION_CLASS" : "SPC"
    },
    "type" : "ano",
    "begin" : 37,
    "end" : 41,
    "inCoref" : false
  }, {
    "id" : "s2-m1",
    "properties" : {
      "SIRE_MENTION_ROLE" : "portaria",
      "SIRE_ENTITY_SUBTYPE" : "NONE",
      "SIRE_MENTION_TYPE" : "NONE",
      "SIRE_MENTION_CLASS" : "SPC"
    },
    "type" : "portaria",
    "begin" : 184,
    "end" : 187,
    "inCoref" : false
  }, {
    "id" : "s2-m2",
    "properties" : {
      "SIRE_MENTION_ROLE" : "ato",
      "SIRE_ENTITY_SUBTYPE" : "NONE",
      "SIRE_MENTION_TYPE" : "NONE",
      "SIRE_MENTION_CLASS" : "SPC"
    },
    "type" : "ato",
    "begin" : 190,
    "end" : 198,
    "inCoref" : false
  }, {
    "id" : "s2-m3",
    "properties" : {
      "SIRE_MENTION_ROLE" : "nome",
      "SIRE_ENTITY_SUBTYPE" : "NONE",
      "SIRE_MENTION_TYPE" : "NONE",
      "SIRE_MENTION_CLASS" : "SPC"
    },
    "type" : "nome",
    "begin" : 210,
    "end" : 240,
    "inCoref" : false
  }, {
    "id" : "s2-m4",
    "properties" : {
      "SIRE_MENTION_ROLE" : "cargo",
      "SIRE_ENTITY_SUBTYPE" : "NONE",
      "SIRE_MENTION_TYPE" : "NONE",
      "SIRE_MENTION_CLASS" : "SPC"
    },
    "type" : "cargo",
    "begin" : 290,
    "end" : 297,
    "inCoref" : false
  } ],
  "relations" : [ ],
  "corefs" : [ ],
  "typeResolved" : true,
  "userResolved" : false
}