{
  "id" : "e854c6d0-6eec-11ec-8aab-63cd9c950ac0-6",
  "name" : "buffer_rec_exo_07.txt",
  "createdDate" : 0,
  "version" : 3,
  "text" : "PORTARIA Nº 1535 DE 01 DE DEZEMBRO DE 2021\nO PREFEITO DO RECIFE, no uso de suas atribuições, e tendo em vista o contido no ofício n° 589/2021 - GSF,\n\nR E S O L V E:\nExonerar CAROLINA DE ARAÚJO CAVALCANTI, CPF nº ***.902.214-**, do cargo de provimento em comissão de Chefe de Setor \nda Unidade Jurídica, símbolo “CAA-3”, da Secretaria de Finanças, a contar de 01 de dezembro de 2021.\n",
  "docLength" : 0,
  "language" : "PT",
  "status" : "IN_PROGRESS",
  "modifiedDate" : 1641583840914,
  "documentSet" : [ ],
  "preannotation" : [ ],
  "sentences" : [ {
    "id" : "s0",
    "begin" : 0,
    "end" : 148,
    "text" : "PORTARIA Nº 1535 DE 01 DE DEZEMBRO DE 2021\nO PREFEITO DO RECIFE, no uso de suas atribuições, e tendo em vista o contido no ofício n° 589/2021 - GSF,",
    "tokens" : [ {
      "id" : "s0-t0",
      "begin" : 0,
      "end" : 8,
      "text" : "PORTARIA",
      "whiteSpace" : false
    }, {
      "id" : "s0-t1",
      "begin" : 9,
      "end" : 11,
      "text" : "Nº",
      "whiteSpace" : false
    }, {
      "id" : "s0-t2",
      "begin" : 12,
      "end" : 16,
      "text" : "1535",
      "whiteSpace" : false
    }, {
      "id" : "s0-t3",
      "begin" : 17,
      "end" : 19,
      "text" : "DE",
      "whiteSpace" : false
    }, {
      "id" : "s0-t4",
      "begin" : 20,
      "end" : 22,
      "text" : "01",
      "whiteSpace" : false
    }, {
      "id" : "s0-t5",
      "begin" : 23,
      "end" : 25,
      "text" : "DE",
      "whiteSpace" : false
    }, {
      "id" : "s0-t6",
      "begin" : 26,
      "end" : 34,
      "text" : "DEZEMBRO",
      "whiteSpace" : false
    }, {
      "id" : "s0-t7",
      "begin" : 35,
      "end" : 37,
      "text" : "DE",
      "whiteSpace" : false
    }, {
      "id" : "s0-t8",
      "begin" : 38,
      "end" : 42,
      "text" : "2021",
      "whiteSpace" : false
    }, {
      "id" : "s0-t9",
      "begin" : 43,
      "end" : 44,
      "text" : "O",
      "whiteSpace" : false
    }, {
      "id" : "s0-t10",
      "begin" : 45,
      "end" : 53,
      "text" : "PREFEITO",
      "whiteSpace" : false
    }, {
      "id" : "s0-t11",
      "begin" : 54,
      "end" : 56,
      "text" : "DO",
      "whiteSpace" : false
    }, {
      "id" : "s0-t12",
      "begin" : 57,
      "end" : 63,
      "text" : "RECIFE",
      "whiteSpace" : false
    }, {
      "id" : "s0-t13",
      "begin" : 63,
      "end" : 64,
      "text" : ",",
      "whiteSpace" : false
    }, {
      "id" : "s0-t14",
      "begin" : 65,
      "end" : 67,
      "text" : "no",
      "whiteSpace" : false
    }, {
      "id" : "s0-t15",
      "begin" : 68,
      "end" : 71,
      "text" : "uso",
      "whiteSpace" : false
    }, {
      "id" : "s0-t16",
      "begin" : 72,
      "end" : 74,
      "text" : "de",
      "whiteSpace" : false
    }, {
      "id" : "s0-t17",
      "begin" : 75,
      "end" : 79,
      "text" : "suas",
      "whiteSpace" : false
    }, {
      "id" : "s0-t18",
      "begin" : 80,
      "end" : 91,
      "text" : "atribuições",
      "whiteSpace" : false
    }, {
      "id" : "s0-t19",
      "begin" : 91,
      "end" : 92,
      "text" : ",",
      "whiteSpace" : false
    }, {
      "id" : "s0-t20",
      "begin" : 93,
      "end" : 94,
      "text" : "e",
      "whiteSpace" : false
    }, {
      "id" : "s0-t21",
      "begin" : 95,
      "end" : 100,
      "text" : "tendo",
      "whiteSpace" : false
    }, {
      "id" : "s0-t22",
      "begin" : 101,
      "end" : 103,
      "text" : "em",
      "whiteSpace" : false
    }, {
      "id" : "s0-t23",
      "begin" : 104,
      "end" : 109,
      "text" : "vista",
      "whiteSpace" : false
    }, {
      "id" : "s0-t24",
      "begin" : 110,
      "end" : 111,
      "text" : "o",
      "whiteSpace" : false
    }, {
      "id" : "s0-t25",
      "begin" : 112,
      "end" : 119,
      "text" : "contido",
      "whiteSpace" : false
    }, {
      "id" : "s0-t26",
      "begin" : 120,
      "end" : 122,
      "text" : "no",
      "whiteSpace" : false
    }, {
      "id" : "s0-t27",
      "begin" : 123,
      "end" : 129,
      "text" : "ofício",
      "whiteSpace" : false
    }, {
      "id" : "s0-t28",
      "begin" : 130,
      "end" : 131,
      "text" : "n",
      "whiteSpace" : false
    }, {
      "id" : "s0-t29",
      "begin" : 131,
      "end" : 132,
      "text" : "°",
      "whiteSpace" : false
    }, {
      "id" : "s0-t30",
      "begin" : 133,
      "end" : 141,
      "text" : "589/2021",
      "whiteSpace" : false
    }, {
      "id" : "s0-t31",
      "begin" : 142,
      "end" : 143,
      "text" : "-",
      "whiteSpace" : false
    }, {
      "id" : "s0-t32",
      "begin" : 144,
      "end" : 147,
      "text" : "GSF",
      "whiteSpace" : false
    }, {
      "id" : "s0-t33",
      "begin" : 147,
      "end" : 148,
      "text" : ",",
      "whiteSpace" : false
    } ]
  }, {
    "id" : "s1",
    "begin" : 150,
    "end" : 382,
    "text" : "R E S O L V E:\nExonerar CAROLINA DE ARAÚJO CAVALCANTI, CPF nº ***.902.214-**, do cargo de provimento em comissão de Chefe de Setor \nda Unidade Jurídica, símbolo “CAA-3”, da Secretaria de Finanças, a contar de 01 de dezembro de 2021.",
    "tokens" : [ {
      "id" : "s1-t0",
      "begin" : 150,
      "end" : 151,
      "text" : "R",
      "whiteSpace" : false
    }, {
      "id" : "s1-t1",
      "begin" : 152,
      "end" : 153,
      "text" : "E",
      "whiteSpace" : false
    }, {
      "id" : "s1-t2",
      "begin" : 154,
      "end" : 155,
      "text" : "S",
      "whiteSpace" : false
    }, {
      "id" : "s1-t3",
      "begin" : 156,
      "end" : 157,
      "text" : "O",
      "whiteSpace" : false
    }, {
      "id" : "s1-t4",
      "begin" : 158,
      "end" : 159,
      "text" : "L",
      "whiteSpace" : false
    }, {
      "id" : "s1-t5",
      "begin" : 160,
      "end" : 161,
      "text" : "V",
      "whiteSpace" : false
    }, {
      "id" : "s1-t6",
      "begin" : 162,
      "end" : 163,
      "text" : "E",
      "whiteSpace" : false
    }, {
      "id" : "s1-t7",
      "begin" : 163,
      "end" : 164,
      "text" : ":",
      "whiteSpace" : false
    }, {
      "id" : "s1-t8",
      "begin" : 165,
      "end" : 173,
      "text" : "Exonerar",
      "whiteSpace" : false
    }, {
      "id" : "s1-t9",
      "begin" : 174,
      "end" : 182,
      "text" : "CAROLINA",
      "whiteSpace" : false
    }, {
      "id" : "s1-t10",
      "begin" : 183,
      "end" : 185,
      "text" : "DE",
      "whiteSpace" : false
    }, {
      "id" : "s1-t11",
      "begin" : 186,
      "end" : 192,
      "text" : "ARAÚJO",
      "whiteSpace" : false
    }, {
      "id" : "s1-t12",
      "begin" : 193,
      "end" : 203,
      "text" : "CAVALCANTI",
      "whiteSpace" : false
    }, {
      "id" : "s1-t13",
      "begin" : 203,
      "end" : 204,
      "text" : ",",
      "whiteSpace" : false
    }, {
      "id" : "s1-t14",
      "begin" : 205,
      "end" : 208,
      "text" : "CPF",
      "whiteSpace" : false
    }, {
      "id" : "s1-t15",
      "begin" : 209,
      "end" : 211,
      "text" : "nº",
      "whiteSpace" : false
    }, {
      "id" : "s1-t16",
      "begin" : 212,
      "end" : 215,
      "text" : "***",
      "whiteSpace" : false
    }, {
      "id" : "s1-t17",
      "begin" : 215,
      "end" : 223,
      "text" : ".902.214",
      "whiteSpace" : false
    }, {
      "id" : "s1-t18",
      "begin" : 223,
      "end" : 224,
      "text" : "-",
      "whiteSpace" : false
    }, {
      "id" : "s1-t19",
      "begin" : 224,
      "end" : 225,
      "text" : "*",
      "whiteSpace" : false
    }, {
      "id" : "s1-t20",
      "begin" : 225,
      "end" : 226,
      "text" : "*",
      "whiteSpace" : false
    }, {
      "id" : "s1-t21",
      "begin" : 226,
      "end" : 227,
      "text" : ",",
      "whiteSpace" : false
    }, {
      "id" : "s1-t22",
      "begin" : 228,
      "end" : 230,
      "text" : "do",
      "whiteSpace" : false
    }, {
      "id" : "s1-t23",
      "begin" : 231,
      "end" : 236,
      "text" : "cargo",
      "whiteSpace" : false
    }, {
      "id" : "s1-t24",
      "begin" : 237,
      "end" : 239,
      "text" : "de",
      "whiteSpace" : false
    }, {
      "id" : "s1-t25",
      "begin" : 240,
      "end" : 250,
      "text" : "provimento",
      "whiteSpace" : false
    }, {
      "id" : "s1-t26",
      "begin" : 251,
      "end" : 253,
      "text" : "em",
      "whiteSpace" : false
    }, {
      "id" : "s1-t27",
      "begin" : 254,
      "end" : 262,
      "text" : "comissão",
      "whiteSpace" : false
    }, {
      "id" : "s1-t28",
      "begin" : 263,
      "end" : 265,
      "text" : "de",
      "whiteSpace" : false
    }, {
      "id" : "s1-t29",
      "begin" : 266,
      "end" : 271,
      "text" : "Chefe",
      "whiteSpace" : false
    }, {
      "id" : "s1-t30",
      "begin" : 272,
      "end" : 274,
      "text" : "de",
      "whiteSpace" : false
    }, {
      "id" : "s1-t31",
      "begin" : 275,
      "end" : 280,
      "text" : "Setor",
      "whiteSpace" : false
    }, {
      "id" : "s1-t32",
      "begin" : 282,
      "end" : 284,
      "text" : "da",
      "whiteSpace" : false
    }, {
      "id" : "s1-t33",
      "begin" : 285,
      "end" : 292,
      "text" : "Unidade",
      "whiteSpace" : false
    }, {
      "id" : "s1-t34",
      "begin" : 293,
      "end" : 301,
      "text" : "Jurídica",
      "whiteSpace" : false
    }, {
      "id" : "s1-t35",
      "begin" : 301,
      "end" : 302,
      "text" : ",",
      "whiteSpace" : false
    }, {
      "id" : "s1-t36",
      "begin" : 303,
      "end" : 310,
      "text" : "símbolo",
      "whiteSpace" : false
    }, {
      "id" : "s1-t37",
      "begin" : 311,
      "end" : 312,
      "text" : "“",
      "whiteSpace" : false
    }, {
      "id" : "s1-t38",
      "begin" : 312,
      "end" : 317,
      "text" : "CAA-3",
      "whiteSpace" : false
    }, {
      "id" : "s1-t39",
      "begin" : 317,
      "end" : 318,
      "text" : "”",
      "whiteSpace" : false
    }, {
      "id" : "s1-t40",
      "begin" : 318,
      "end" : 319,
      "text" : ",",
      "whiteSpace" : false
    }, {
      "id" : "s1-t41",
      "begin" : 320,
      "end" : 322,
      "text" : "da",
      "whiteSpace" : false
    }, {
      "id" : "s1-t42",
      "begin" : 323,
      "end" : 333,
      "text" : "Secretaria",
      "whiteSpace" : false
    }, {
      "id" : "s1-t43",
      "begin" : 334,
      "end" : 336,
      "text" : "de",
      "whiteSpace" : false
    }, {
      "id" : "s1-t44",
      "begin" : 337,
      "end" : 345,
      "text" : "Finanças",
      "whiteSpace" : false
    }, {
      "id" : "s1-t45",
      "begin" : 345,
      "end" : 346,
      "text" : ",",
      "whiteSpace" : false
    }, {
      "id" : "s1-t46",
      "begin" : 347,
      "end" : 348,
      "text" : "a",
      "whiteSpace" : false
    }, {
      "id" : "s1-t47",
      "begin" : 349,
      "end" : 355,
      "text" : "contar",
      "whiteSpace" : false
    }, {
      "id" : "s1-t48",
      "begin" : 356,
      "end" : 358,
      "text" : "de",
      "whiteSpace" : false
    }, {
      "id" : "s1-t49",
      "begin" : 359,
      "end" : 361,
      "text" : "01",
      "whiteSpace" : false
    }, {
      "id" : "s1-t50",
      "begin" : 362,
      "end" : 364,
      "text" : "de",
      "whiteSpace" : false
    }, {
      "id" : "s1-t51",
      "begin" : 365,
      "end" : 373,
      "text" : "dezembro",
      "whiteSpace" : false
    }, {
      "id" : "s1-t52",
      "begin" : 374,
      "end" : 376,
      "text" : "de",
      "whiteSpace" : false
    }, {
      "id" : "s1-t53",
      "begin" : 377,
      "end" : 381,
      "text" : "2021",
      "whiteSpace" : false
    }, {
      "id" : "s1-t54",
      "begin" : 381,
      "end" : 382,
      "text" : ".",
      "whiteSpace" : false
    } ]
  } ],
  "mentions" : [ {
    "id" : "s0-m1",
    "properties" : {
      "SIRE_MENTION_ROLE" : "portaria",
      "SIRE_ENTITY_SUBTYPE" : "NONE",
      "SIRE_MENTION_TYPE" : "NONE",
      "SIRE_MENTION_CLASS" : "SPC"
    },
    "type" : "portaria",
    "begin" : 12,
    "end" : 16,
    "inCoref" : false
  }, {
    "id" : "s0-m2",
    "properties" : {
      "SIRE_MENTION_ROLE" : "dia",
      "SIRE_ENTITY_SUBTYPE" : "NONE",
      "SIRE_MENTION_TYPE" : "NONE",
      "SIRE_MENTION_CLASS" : "SPC"
    },
    "type" : "dia",
    "begin" : 20,
    "end" : 22,
    "inCoref" : false
  }, {
    "id" : "s0-m3",
    "properties" : {
      "SIRE_MENTION_ROLE" : "mes",
      "SIRE_ENTITY_SUBTYPE" : "NONE",
      "SIRE_MENTION_TYPE" : "NONE",
      "SIRE_MENTION_CLASS" : "SPC"
    },
    "type" : "mes",
    "begin" : 26,
    "end" : 34,
    "inCoref" : false
  }, {
    "id" : "s0-m4",
    "properties" : {
      "SIRE_MENTION_ROLE" : "ano",
      "SIRE_ENTITY_SUBTYPE" : "NONE",
      "SIRE_MENTION_TYPE" : "NONE",
      "SIRE_MENTION_CLASS" : "SPC"
    },
    "type" : "ano",
    "begin" : 38,
    "end" : 42,
    "inCoref" : false
  }, {
    "id" : "s1-m1",
    "properties" : {
      "SIRE_MENTION_ROLE" : "ato",
      "SIRE_ENTITY_SUBTYPE" : "NONE",
      "SIRE_MENTION_TYPE" : "NONE",
      "SIRE_MENTION_CLASS" : "SPC"
    },
    "type" : "ato",
    "begin" : 165,
    "end" : 173,
    "inCoref" : false
  }, {
    "id" : "s1-m2",
    "properties" : {
      "SIRE_MENTION_ROLE" : "nome",
      "SIRE_ENTITY_SUBTYPE" : "NONE",
      "SIRE_MENTION_TYPE" : "NONE",
      "SIRE_MENTION_CLASS" : "SPC"
    },
    "type" : "nome",
    "begin" : 174,
    "end" : 203,
    "inCoref" : false
  }, {
    "id" : "s1-m3",
    "properties" : {
      "SIRE_MENTION_ROLE" : "cargo",
      "SIRE_ENTITY_SUBTYPE" : "NONE",
      "SIRE_MENTION_TYPE" : "NONE",
      "SIRE_MENTION_CLASS" : "SPC"
    },
    "type" : "cargo",
    "begin" : 266,
    "end" : 301,
    "inCoref" : false
  } ],
  "relations" : [ ],
  "corefs" : [ ],
  "typeResolved" : true,
  "userResolved" : false
}