{
  "id" : "e854c6d0-6eec-11ec-8aab-63cd9c950ac0-4",
  "name" : "buffer_rec_exo_05.txt",
  "createdDate" : 0,
  "version" : 3,
  "text" : "PORTARIA Nº 1530 DE 01 DE DEZEMBRO DE 2021\nO PREFEITO DO RECIFE, no uso de suas atribuições, e tendo em vista o contido no ofício n° 1528/2021 - GAB/SESAU,\n\nR E S O L V E:\nExonerar VALÉRIA BARROS DE SOUZA TAVARES, CPF nº ***.592.004-**, do cargo de provimento em comissão de Chefe de Setor \nde Apoio Institucional, símbolo “CAA-3”, da Secretaria de Saúde, a contar de 03 de novembro de 2021.\n",
  "docLength" : 0,
  "language" : "PT",
  "status" : "IN_PROGRESS",
  "modifiedDate" : 1641583700808,
  "documentSet" : [ ],
  "preannotation" : [ ],
  "sentences" : [ {
    "id" : "s0",
    "begin" : 0,
    "end" : 155,
    "text" : "PORTARIA Nº 1530 DE 01 DE DEZEMBRO DE 2021\nO PREFEITO DO RECIFE, no uso de suas atribuições, e tendo em vista o contido no ofício n° 1528/2021 - GAB/SESAU,",
    "tokens" : [ {
      "id" : "s0-t0",
      "begin" : 0,
      "end" : 8,
      "text" : "PORTARIA",
      "whiteSpace" : false
    }, {
      "id" : "s0-t1",
      "begin" : 9,
      "end" : 11,
      "text" : "Nº",
      "whiteSpace" : false
    }, {
      "id" : "s0-t2",
      "begin" : 12,
      "end" : 16,
      "text" : "1530",
      "whiteSpace" : false
    }, {
      "id" : "s0-t3",
      "begin" : 17,
      "end" : 19,
      "text" : "DE",
      "whiteSpace" : false
    }, {
      "id" : "s0-t4",
      "begin" : 20,
      "end" : 22,
      "text" : "01",
      "whiteSpace" : false
    }, {
      "id" : "s0-t5",
      "begin" : 23,
      "end" : 25,
      "text" : "DE",
      "whiteSpace" : false
    }, {
      "id" : "s0-t6",
      "begin" : 26,
      "end" : 34,
      "text" : "DEZEMBRO",
      "whiteSpace" : false
    }, {
      "id" : "s0-t7",
      "begin" : 35,
      "end" : 37,
      "text" : "DE",
      "whiteSpace" : false
    }, {
      "id" : "s0-t8",
      "begin" : 38,
      "end" : 42,
      "text" : "2021",
      "whiteSpace" : false
    }, {
      "id" : "s0-t9",
      "begin" : 43,
      "end" : 44,
      "text" : "O",
      "whiteSpace" : false
    }, {
      "id" : "s0-t10",
      "begin" : 45,
      "end" : 53,
      "text" : "PREFEITO",
      "whiteSpace" : false
    }, {
      "id" : "s0-t11",
      "begin" : 54,
      "end" : 56,
      "text" : "DO",
      "whiteSpace" : false
    }, {
      "id" : "s0-t12",
      "begin" : 57,
      "end" : 63,
      "text" : "RECIFE",
      "whiteSpace" : false
    }, {
      "id" : "s0-t13",
      "begin" : 63,
      "end" : 64,
      "text" : ",",
      "whiteSpace" : false
    }, {
      "id" : "s0-t14",
      "begin" : 65,
      "end" : 67,
      "text" : "no",
      "whiteSpace" : false
    }, {
      "id" : "s0-t15",
      "begin" : 68,
      "end" : 71,
      "text" : "uso",
      "whiteSpace" : false
    }, {
      "id" : "s0-t16",
      "begin" : 72,
      "end" : 74,
      "text" : "de",
      "whiteSpace" : false
    }, {
      "id" : "s0-t17",
      "begin" : 75,
      "end" : 79,
      "text" : "suas",
      "whiteSpace" : false
    }, {
      "id" : "s0-t18",
      "begin" : 80,
      "end" : 91,
      "text" : "atribuições",
      "whiteSpace" : false
    }, {
      "id" : "s0-t19",
      "begin" : 91,
      "end" : 92,
      "text" : ",",
      "whiteSpace" : false
    }, {
      "id" : "s0-t20",
      "begin" : 93,
      "end" : 94,
      "text" : "e",
      "whiteSpace" : false
    }, {
      "id" : "s0-t21",
      "begin" : 95,
      "end" : 100,
      "text" : "tendo",
      "whiteSpace" : false
    }, {
      "id" : "s0-t22",
      "begin" : 101,
      "end" : 103,
      "text" : "em",
      "whiteSpace" : false
    }, {
      "id" : "s0-t23",
      "begin" : 104,
      "end" : 109,
      "text" : "vista",
      "whiteSpace" : false
    }, {
      "id" : "s0-t24",
      "begin" : 110,
      "end" : 111,
      "text" : "o",
      "whiteSpace" : false
    }, {
      "id" : "s0-t25",
      "begin" : 112,
      "end" : 119,
      "text" : "contido",
      "whiteSpace" : false
    }, {
      "id" : "s0-t26",
      "begin" : 120,
      "end" : 122,
      "text" : "no",
      "whiteSpace" : false
    }, {
      "id" : "s0-t27",
      "begin" : 123,
      "end" : 129,
      "text" : "ofício",
      "whiteSpace" : false
    }, {
      "id" : "s0-t28",
      "begin" : 130,
      "end" : 131,
      "text" : "n",
      "whiteSpace" : false
    }, {
      "id" : "s0-t29",
      "begin" : 131,
      "end" : 132,
      "text" : "°",
      "whiteSpace" : false
    }, {
      "id" : "s0-t30",
      "begin" : 133,
      "end" : 142,
      "text" : "1528/2021",
      "whiteSpace" : false
    }, {
      "id" : "s0-t31",
      "begin" : 143,
      "end" : 144,
      "text" : "-",
      "whiteSpace" : false
    }, {
      "id" : "s0-t32",
      "begin" : 145,
      "end" : 154,
      "text" : "GAB/SESAU",
      "whiteSpace" : false
    }, {
      "id" : "s0-t33",
      "begin" : 154,
      "end" : 155,
      "text" : ",",
      "whiteSpace" : false
    } ]
  }, {
    "id" : "s1",
    "begin" : 157,
    "end" : 391,
    "text" : "R E S O L V E:\nExonerar VALÉRIA BARROS DE SOUZA TAVARES, CPF nº ***.592.004-**, do cargo de provimento em comissão de Chefe de Setor \nde Apoio Institucional, símbolo “CAA-3”, da Secretaria de Saúde, a contar de 03 de novembro de 2021.",
    "tokens" : [ {
      "id" : "s1-t0",
      "begin" : 157,
      "end" : 158,
      "text" : "R",
      "whiteSpace" : false
    }, {
      "id" : "s1-t1",
      "begin" : 159,
      "end" : 160,
      "text" : "E",
      "whiteSpace" : false
    }, {
      "id" : "s1-t2",
      "begin" : 161,
      "end" : 162,
      "text" : "S",
      "whiteSpace" : false
    }, {
      "id" : "s1-t3",
      "begin" : 163,
      "end" : 164,
      "text" : "O",
      "whiteSpace" : false
    }, {
      "id" : "s1-t4",
      "begin" : 165,
      "end" : 166,
      "text" : "L",
      "whiteSpace" : false
    }, {
      "id" : "s1-t5",
      "begin" : 167,
      "end" : 168,
      "text" : "V",
      "whiteSpace" : false
    }, {
      "id" : "s1-t6",
      "begin" : 169,
      "end" : 170,
      "text" : "E",
      "whiteSpace" : false
    }, {
      "id" : "s1-t7",
      "begin" : 170,
      "end" : 171,
      "text" : ":",
      "whiteSpace" : false
    }, {
      "id" : "s1-t8",
      "begin" : 172,
      "end" : 180,
      "text" : "Exonerar",
      "whiteSpace" : false
    }, {
      "id" : "s1-t9",
      "begin" : 181,
      "end" : 188,
      "text" : "VALÉRIA",
      "whiteSpace" : false
    }, {
      "id" : "s1-t10",
      "begin" : 189,
      "end" : 195,
      "text" : "BARROS",
      "whiteSpace" : false
    }, {
      "id" : "s1-t11",
      "begin" : 196,
      "end" : 198,
      "text" : "DE",
      "whiteSpace" : false
    }, {
      "id" : "s1-t12",
      "begin" : 199,
      "end" : 204,
      "text" : "SOUZA",
      "whiteSpace" : false
    }, {
      "id" : "s1-t13",
      "begin" : 205,
      "end" : 212,
      "text" : "TAVARES",
      "whiteSpace" : false
    }, {
      "id" : "s1-t14",
      "begin" : 212,
      "end" : 213,
      "text" : ",",
      "whiteSpace" : false
    }, {
      "id" : "s1-t15",
      "begin" : 214,
      "end" : 217,
      "text" : "CPF",
      "whiteSpace" : false
    }, {
      "id" : "s1-t16",
      "begin" : 218,
      "end" : 220,
      "text" : "nº",
      "whiteSpace" : false
    }, {
      "id" : "s1-t17",
      "begin" : 221,
      "end" : 224,
      "text" : "***",
      "whiteSpace" : false
    }, {
      "id" : "s1-t18",
      "begin" : 224,
      "end" : 232,
      "text" : ".592.004",
      "whiteSpace" : false
    }, {
      "id" : "s1-t19",
      "begin" : 232,
      "end" : 233,
      "text" : "-",
      "whiteSpace" : false
    }, {
      "id" : "s1-t20",
      "begin" : 233,
      "end" : 234,
      "text" : "*",
      "whiteSpace" : false
    }, {
      "id" : "s1-t21",
      "begin" : 234,
      "end" : 235,
      "text" : "*",
      "whiteSpace" : false
    }, {
      "id" : "s1-t22",
      "begin" : 235,
      "end" : 236,
      "text" : ",",
      "whiteSpace" : false
    }, {
      "id" : "s1-t23",
      "begin" : 237,
      "end" : 239,
      "text" : "do",
      "whiteSpace" : false
    }, {
      "id" : "s1-t24",
      "begin" : 240,
      "end" : 245,
      "text" : "cargo",
      "whiteSpace" : false
    }, {
      "id" : "s1-t25",
      "begin" : 246,
      "end" : 248,
      "text" : "de",
      "whiteSpace" : false
    }, {
      "id" : "s1-t26",
      "begin" : 249,
      "end" : 259,
      "text" : "provimento",
      "whiteSpace" : false
    }, {
      "id" : "s1-t27",
      "begin" : 260,
      "end" : 262,
      "text" : "em",
      "whiteSpace" : false
    }, {
      "id" : "s1-t28",
      "begin" : 263,
      "end" : 271,
      "text" : "comissão",
      "whiteSpace" : false
    }, {
      "id" : "s1-t29",
      "begin" : 272,
      "end" : 274,
      "text" : "de",
      "whiteSpace" : false
    }, {
      "id" : "s1-t30",
      "begin" : 275,
      "end" : 280,
      "text" : "Chefe",
      "whiteSpace" : false
    }, {
      "id" : "s1-t31",
      "begin" : 281,
      "end" : 283,
      "text" : "de",
      "whiteSpace" : false
    }, {
      "id" : "s1-t32",
      "begin" : 284,
      "end" : 289,
      "text" : "Setor",
      "whiteSpace" : false
    }, {
      "id" : "s1-t33",
      "begin" : 291,
      "end" : 293,
      "text" : "de",
      "whiteSpace" : false
    }, {
      "id" : "s1-t34",
      "begin" : 294,
      "end" : 299,
      "text" : "Apoio",
      "whiteSpace" : false
    }, {
      "id" : "s1-t35",
      "begin" : 300,
      "end" : 313,
      "text" : "Institucional",
      "whiteSpace" : false
    }, {
      "id" : "s1-t36",
      "begin" : 313,
      "end" : 314,
      "text" : ",",
      "whiteSpace" : false
    }, {
      "id" : "s1-t37",
      "begin" : 315,
      "end" : 322,
      "text" : "símbolo",
      "whiteSpace" : false
    }, {
      "id" : "s1-t38",
      "begin" : 323,
      "end" : 324,
      "text" : "“",
      "whiteSpace" : false
    }, {
      "id" : "s1-t39",
      "begin" : 324,
      "end" : 329,
      "text" : "CAA-3",
      "whiteSpace" : false
    }, {
      "id" : "s1-t40",
      "begin" : 329,
      "end" : 330,
      "text" : "”",
      "whiteSpace" : false
    }, {
      "id" : "s1-t41",
      "begin" : 330,
      "end" : 331,
      "text" : ",",
      "whiteSpace" : false
    }, {
      "id" : "s1-t42",
      "begin" : 332,
      "end" : 334,
      "text" : "da",
      "whiteSpace" : false
    }, {
      "id" : "s1-t43",
      "begin" : 335,
      "end" : 345,
      "text" : "Secretaria",
      "whiteSpace" : false
    }, {
      "id" : "s1-t44",
      "begin" : 346,
      "end" : 348,
      "text" : "de",
      "whiteSpace" : false
    }, {
      "id" : "s1-t45",
      "begin" : 349,
      "end" : 354,
      "text" : "Saúde",
      "whiteSpace" : false
    }, {
      "id" : "s1-t46",
      "begin" : 354,
      "end" : 355,
      "text" : ",",
      "whiteSpace" : false
    }, {
      "id" : "s1-t47",
      "begin" : 356,
      "end" : 357,
      "text" : "a",
      "whiteSpace" : false
    }, {
      "id" : "s1-t48",
      "begin" : 358,
      "end" : 364,
      "text" : "contar",
      "whiteSpace" : false
    }, {
      "id" : "s1-t49",
      "begin" : 365,
      "end" : 367,
      "text" : "de",
      "whiteSpace" : false
    }, {
      "id" : "s1-t50",
      "begin" : 368,
      "end" : 370,
      "text" : "03",
      "whiteSpace" : false
    }, {
      "id" : "s1-t51",
      "begin" : 371,
      "end" : 373,
      "text" : "de",
      "whiteSpace" : false
    }, {
      "id" : "s1-t52",
      "begin" : 374,
      "end" : 382,
      "text" : "novembro",
      "whiteSpace" : false
    }, {
      "id" : "s1-t53",
      "begin" : 383,
      "end" : 385,
      "text" : "de",
      "whiteSpace" : false
    }, {
      "id" : "s1-t54",
      "begin" : 386,
      "end" : 390,
      "text" : "2021",
      "whiteSpace" : false
    }, {
      "id" : "s1-t55",
      "begin" : 390,
      "end" : 391,
      "text" : ".",
      "whiteSpace" : false
    } ]
  } ],
  "mentions" : [ {
    "id" : "s0-m1",
    "properties" : {
      "SIRE_MENTION_ROLE" : "portaria",
      "SIRE_ENTITY_SUBTYPE" : "NONE",
      "SIRE_MENTION_TYPE" : "NONE",
      "SIRE_MENTION_CLASS" : "SPC"
    },
    "type" : "portaria",
    "begin" : 12,
    "end" : 16,
    "inCoref" : false
  }, {
    "id" : "s0-m2",
    "properties" : {
      "SIRE_MENTION_ROLE" : "dia",
      "SIRE_ENTITY_SUBTYPE" : "NONE",
      "SIRE_MENTION_TYPE" : "NONE",
      "SIRE_MENTION_CLASS" : "SPC"
    },
    "type" : "dia",
    "begin" : 20,
    "end" : 22,
    "inCoref" : false
  }, {
    "id" : "s0-m3",
    "properties" : {
      "SIRE_MENTION_ROLE" : "mes",
      "SIRE_ENTITY_SUBTYPE" : "NONE",
      "SIRE_MENTION_TYPE" : "NONE",
      "SIRE_MENTION_CLASS" : "SPC"
    },
    "type" : "mes",
    "begin" : 26,
    "end" : 34,
    "inCoref" : false
  }, {
    "id" : "s0-m4",
    "properties" : {
      "SIRE_MENTION_ROLE" : "ano",
      "SIRE_ENTITY_SUBTYPE" : "NONE",
      "SIRE_MENTION_TYPE" : "NONE",
      "SIRE_MENTION_CLASS" : "SPC"
    },
    "type" : "ano",
    "begin" : 38,
    "end" : 42,
    "inCoref" : false
  }, {
    "id" : "s1-m1",
    "properties" : {
      "SIRE_MENTION_ROLE" : "ato",
      "SIRE_ENTITY_SUBTYPE" : "NONE",
      "SIRE_MENTION_TYPE" : "NONE",
      "SIRE_MENTION_CLASS" : "SPC"
    },
    "type" : "ato",
    "begin" : 172,
    "end" : 180,
    "inCoref" : false
  }, {
    "id" : "s1-m2",
    "properties" : {
      "SIRE_MENTION_ROLE" : "nome",
      "SIRE_ENTITY_SUBTYPE" : "NONE",
      "SIRE_MENTION_TYPE" : "NONE",
      "SIRE_MENTION_CLASS" : "SPC"
    },
    "type" : "nome",
    "begin" : 181,
    "end" : 212,
    "inCoref" : false
  }, {
    "id" : "s1-m3",
    "properties" : {
      "SIRE_MENTION_ROLE" : "cargo",
      "SIRE_ENTITY_SUBTYPE" : "NONE",
      "SIRE_MENTION_TYPE" : "NONE",
      "SIRE_MENTION_CLASS" : "SPC"
    },
    "type" : "cargo",
    "begin" : 275,
    "end" : 313,
    "inCoref" : false
  } ],
  "relations" : [ ],
  "corefs" : [ ],
  "typeResolved" : true,
  "userResolved" : false
}