{
  "id" : "e854c6d0-6eec-11ec-8aab-63cd9c950ac0-8",
  "name" : "buffer_rec_exo_09.txt",
  "createdDate" : 0,
  "version" : 3,
  "text" : "PORTARIA Nº 1570 DE 10 DE DEZEMBRO DE 2021\nO PREFEITO DO RECIFE, no uso de suas atribuições, e o contido no ofício n° 987/2021 - GAB/SEPUL,\n\nR E S O L V E:\nExonerar MARIANA ASFORA DE MEDEIROS, CPF: ***.117.914-**, do cargo de provimento em comissão de Secretária Executiva \nde Planejamento, símbolo “CDE-1”, da Secretaria de Política Urbana e Licenciamento, a contar de 01 de dezembro de 2021.\n",
  "docLength" : 0,
  "language" : "PT",
  "status" : "IN_PROGRESS",
  "modifiedDate" : 1641583958947,
  "documentSet" : [ ],
  "preannotation" : [ ],
  "sentences" : [ {
    "id" : "s0",
    "begin" : 0,
    "end" : 139,
    "text" : "PORTARIA Nº 1570 DE 10 DE DEZEMBRO DE 2021\nO PREFEITO DO RECIFE, no uso de suas atribuições, e o contido no ofício n° 987/2021 - GAB/SEPUL,",
    "tokens" : [ {
      "id" : "s0-t0",
      "begin" : 0,
      "end" : 8,
      "text" : "PORTARIA",
      "whiteSpace" : false
    }, {
      "id" : "s0-t1",
      "begin" : 9,
      "end" : 11,
      "text" : "Nº",
      "whiteSpace" : false
    }, {
      "id" : "s0-t2",
      "begin" : 12,
      "end" : 16,
      "text" : "1570",
      "whiteSpace" : false
    }, {
      "id" : "s0-t3",
      "begin" : 17,
      "end" : 19,
      "text" : "DE",
      "whiteSpace" : false
    }, {
      "id" : "s0-t4",
      "begin" : 20,
      "end" : 22,
      "text" : "10",
      "whiteSpace" : false
    }, {
      "id" : "s0-t5",
      "begin" : 23,
      "end" : 25,
      "text" : "DE",
      "whiteSpace" : false
    }, {
      "id" : "s0-t6",
      "begin" : 26,
      "end" : 34,
      "text" : "DEZEMBRO",
      "whiteSpace" : false
    }, {
      "id" : "s0-t7",
      "begin" : 35,
      "end" : 37,
      "text" : "DE",
      "whiteSpace" : false
    }, {
      "id" : "s0-t8",
      "begin" : 38,
      "end" : 42,
      "text" : "2021",
      "whiteSpace" : false
    }, {
      "id" : "s0-t9",
      "begin" : 43,
      "end" : 44,
      "text" : "O",
      "whiteSpace" : false
    }, {
      "id" : "s0-t10",
      "begin" : 45,
      "end" : 53,
      "text" : "PREFEITO",
      "whiteSpace" : false
    }, {
      "id" : "s0-t11",
      "begin" : 54,
      "end" : 56,
      "text" : "DO",
      "whiteSpace" : false
    }, {
      "id" : "s0-t12",
      "begin" : 57,
      "end" : 63,
      "text" : "RECIFE",
      "whiteSpace" : false
    }, {
      "id" : "s0-t13",
      "begin" : 63,
      "end" : 64,
      "text" : ",",
      "whiteSpace" : false
    }, {
      "id" : "s0-t14",
      "begin" : 65,
      "end" : 67,
      "text" : "no",
      "whiteSpace" : false
    }, {
      "id" : "s0-t15",
      "begin" : 68,
      "end" : 71,
      "text" : "uso",
      "whiteSpace" : false
    }, {
      "id" : "s0-t16",
      "begin" : 72,
      "end" : 74,
      "text" : "de",
      "whiteSpace" : false
    }, {
      "id" : "s0-t17",
      "begin" : 75,
      "end" : 79,
      "text" : "suas",
      "whiteSpace" : false
    }, {
      "id" : "s0-t18",
      "begin" : 80,
      "end" : 91,
      "text" : "atribuições",
      "whiteSpace" : false
    }, {
      "id" : "s0-t19",
      "begin" : 91,
      "end" : 92,
      "text" : ",",
      "whiteSpace" : false
    }, {
      "id" : "s0-t20",
      "begin" : 93,
      "end" : 94,
      "text" : "e",
      "whiteSpace" : false
    }, {
      "id" : "s0-t21",
      "begin" : 95,
      "end" : 96,
      "text" : "o",
      "whiteSpace" : false
    }, {
      "id" : "s0-t22",
      "begin" : 97,
      "end" : 104,
      "text" : "contido",
      "whiteSpace" : false
    }, {
      "id" : "s0-t23",
      "begin" : 105,
      "end" : 107,
      "text" : "no",
      "whiteSpace" : false
    }, {
      "id" : "s0-t24",
      "begin" : 108,
      "end" : 114,
      "text" : "ofício",
      "whiteSpace" : false
    }, {
      "id" : "s0-t25",
      "begin" : 115,
      "end" : 116,
      "text" : "n",
      "whiteSpace" : false
    }, {
      "id" : "s0-t26",
      "begin" : 116,
      "end" : 117,
      "text" : "°",
      "whiteSpace" : false
    }, {
      "id" : "s0-t27",
      "begin" : 118,
      "end" : 126,
      "text" : "987/2021",
      "whiteSpace" : false
    }, {
      "id" : "s0-t28",
      "begin" : 127,
      "end" : 128,
      "text" : "-",
      "whiteSpace" : false
    }, {
      "id" : "s0-t29",
      "begin" : 129,
      "end" : 138,
      "text" : "GAB/SEPUL",
      "whiteSpace" : false
    }, {
      "id" : "s0-t30",
      "begin" : 138,
      "end" : 139,
      "text" : ",",
      "whiteSpace" : false
    } ]
  }, {
    "id" : "s1",
    "begin" : 141,
    "end" : 393,
    "text" : "R E S O L V E:\nExonerar MARIANA ASFORA DE MEDEIROS, CPF: ***.117.914-**, do cargo de provimento em comissão de Secretária Executiva \nde Planejamento, símbolo “CDE-1”, da Secretaria de Política Urbana e Licenciamento, a contar de 01 de dezembro de 2021.",
    "tokens" : [ {
      "id" : "s1-t0",
      "begin" : 141,
      "end" : 142,
      "text" : "R",
      "whiteSpace" : false
    }, {
      "id" : "s1-t1",
      "begin" : 143,
      "end" : 144,
      "text" : "E",
      "whiteSpace" : false
    }, {
      "id" : "s1-t2",
      "begin" : 145,
      "end" : 146,
      "text" : "S",
      "whiteSpace" : false
    }, {
      "id" : "s1-t3",
      "begin" : 147,
      "end" : 148,
      "text" : "O",
      "whiteSpace" : false
    }, {
      "id" : "s1-t4",
      "begin" : 149,
      "end" : 150,
      "text" : "L",
      "whiteSpace" : false
    }, {
      "id" : "s1-t5",
      "begin" : 151,
      "end" : 152,
      "text" : "V",
      "whiteSpace" : false
    }, {
      "id" : "s1-t6",
      "begin" : 153,
      "end" : 154,
      "text" : "E",
      "whiteSpace" : false
    }, {
      "id" : "s1-t7",
      "begin" : 154,
      "end" : 155,
      "text" : ":",
      "whiteSpace" : false
    }, {
      "id" : "s1-t8",
      "begin" : 156,
      "end" : 164,
      "text" : "Exonerar",
      "whiteSpace" : false
    }, {
      "id" : "s1-t9",
      "begin" : 165,
      "end" : 172,
      "text" : "MARIANA",
      "whiteSpace" : false
    }, {
      "id" : "s1-t10",
      "begin" : 173,
      "end" : 179,
      "text" : "ASFORA",
      "whiteSpace" : false
    }, {
      "id" : "s1-t11",
      "begin" : 180,
      "end" : 182,
      "text" : "DE",
      "whiteSpace" : false
    }, {
      "id" : "s1-t12",
      "begin" : 183,
      "end" : 191,
      "text" : "MEDEIROS",
      "whiteSpace" : false
    }, {
      "id" : "s1-t13",
      "begin" : 191,
      "end" : 192,
      "text" : ",",
      "whiteSpace" : false
    }, {
      "id" : "s1-t14",
      "begin" : 193,
      "end" : 196,
      "text" : "CPF",
      "whiteSpace" : false
    }, {
      "id" : "s1-t15",
      "begin" : 196,
      "end" : 197,
      "text" : ":",
      "whiteSpace" : false
    }, {
      "id" : "s1-t16",
      "begin" : 198,
      "end" : 201,
      "text" : "***",
      "whiteSpace" : false
    }, {
      "id" : "s1-t17",
      "begin" : 201,
      "end" : 209,
      "text" : ".117.914",
      "whiteSpace" : false
    }, {
      "id" : "s1-t18",
      "begin" : 209,
      "end" : 210,
      "text" : "-",
      "whiteSpace" : false
    }, {
      "id" : "s1-t19",
      "begin" : 210,
      "end" : 211,
      "text" : "*",
      "whiteSpace" : false
    }, {
      "id" : "s1-t20",
      "begin" : 211,
      "end" : 212,
      "text" : "*",
      "whiteSpace" : false
    }, {
      "id" : "s1-t21",
      "begin" : 212,
      "end" : 213,
      "text" : ",",
      "whiteSpace" : false
    }, {
      "id" : "s1-t22",
      "begin" : 214,
      "end" : 216,
      "text" : "do",
      "whiteSpace" : false
    }, {
      "id" : "s1-t23",
      "begin" : 217,
      "end" : 222,
      "text" : "cargo",
      "whiteSpace" : false
    }, {
      "id" : "s1-t24",
      "begin" : 223,
      "end" : 225,
      "text" : "de",
      "whiteSpace" : false
    }, {
      "id" : "s1-t25",
      "begin" : 226,
      "end" : 236,
      "text" : "provimento",
      "whiteSpace" : false
    }, {
      "id" : "s1-t26",
      "begin" : 237,
      "end" : 239,
      "text" : "em",
      "whiteSpace" : false
    }, {
      "id" : "s1-t27",
      "begin" : 240,
      "end" : 248,
      "text" : "comissão",
      "whiteSpace" : false
    }, {
      "id" : "s1-t28",
      "begin" : 249,
      "end" : 251,
      "text" : "de",
      "whiteSpace" : false
    }, {
      "id" : "s1-t29",
      "begin" : 252,
      "end" : 262,
      "text" : "Secretária",
      "whiteSpace" : false
    }, {
      "id" : "s1-t30",
      "begin" : 263,
      "end" : 272,
      "text" : "Executiva",
      "whiteSpace" : false
    }, {
      "id" : "s1-t31",
      "begin" : 274,
      "end" : 276,
      "text" : "de",
      "whiteSpace" : false
    }, {
      "id" : "s1-t32",
      "begin" : 277,
      "end" : 289,
      "text" : "Planejamento",
      "whiteSpace" : false
    }, {
      "id" : "s1-t33",
      "begin" : 289,
      "end" : 290,
      "text" : ",",
      "whiteSpace" : false
    }, {
      "id" : "s1-t34",
      "begin" : 291,
      "end" : 298,
      "text" : "símbolo",
      "whiteSpace" : false
    }, {
      "id" : "s1-t35",
      "begin" : 299,
      "end" : 300,
      "text" : "“",
      "whiteSpace" : false
    }, {
      "id" : "s1-t36",
      "begin" : 300,
      "end" : 305,
      "text" : "CDE-1",
      "whiteSpace" : false
    }, {
      "id" : "s1-t37",
      "begin" : 305,
      "end" : 306,
      "text" : "”",
      "whiteSpace" : false
    }, {
      "id" : "s1-t38",
      "begin" : 306,
      "end" : 307,
      "text" : ",",
      "whiteSpace" : false
    }, {
      "id" : "s1-t39",
      "begin" : 308,
      "end" : 310,
      "text" : "da",
      "whiteSpace" : false
    }, {
      "id" : "s1-t40",
      "begin" : 311,
      "end" : 321,
      "text" : "Secretaria",
      "whiteSpace" : false
    }, {
      "id" : "s1-t41",
      "begin" : 322,
      "end" : 324,
      "text" : "de",
      "whiteSpace" : false
    }, {
      "id" : "s1-t42",
      "begin" : 325,
      "end" : 333,
      "text" : "Política",
      "whiteSpace" : false
    }, {
      "id" : "s1-t43",
      "begin" : 334,
      "end" : 340,
      "text" : "Urbana",
      "whiteSpace" : false
    }, {
      "id" : "s1-t44",
      "begin" : 341,
      "end" : 342,
      "text" : "e",
      "whiteSpace" : false
    }, {
      "id" : "s1-t45",
      "begin" : 343,
      "end" : 356,
      "text" : "Licenciamento",
      "whiteSpace" : false
    }, {
      "id" : "s1-t46",
      "begin" : 356,
      "end" : 357,
      "text" : ",",
      "whiteSpace" : false
    }, {
      "id" : "s1-t47",
      "begin" : 358,
      "end" : 359,
      "text" : "a",
      "whiteSpace" : false
    }, {
      "id" : "s1-t48",
      "begin" : 360,
      "end" : 366,
      "text" : "contar",
      "whiteSpace" : false
    }, {
      "id" : "s1-t49",
      "begin" : 367,
      "end" : 369,
      "text" : "de",
      "whiteSpace" : false
    }, {
      "id" : "s1-t50",
      "begin" : 370,
      "end" : 372,
      "text" : "01",
      "whiteSpace" : false
    }, {
      "id" : "s1-t51",
      "begin" : 373,
      "end" : 375,
      "text" : "de",
      "whiteSpace" : false
    }, {
      "id" : "s1-t52",
      "begin" : 376,
      "end" : 384,
      "text" : "dezembro",
      "whiteSpace" : false
    }, {
      "id" : "s1-t53",
      "begin" : 385,
      "end" : 387,
      "text" : "de",
      "whiteSpace" : false
    }, {
      "id" : "s1-t54",
      "begin" : 388,
      "end" : 392,
      "text" : "2021",
      "whiteSpace" : false
    }, {
      "id" : "s1-t55",
      "begin" : 392,
      "end" : 393,
      "text" : ".",
      "whiteSpace" : false
    } ]
  } ],
  "mentions" : [ {
    "id" : "s0-m1",
    "properties" : {
      "SIRE_MENTION_ROLE" : "portaria",
      "SIRE_ENTITY_SUBTYPE" : "NONE",
      "SIRE_MENTION_TYPE" : "NONE",
      "SIRE_MENTION_CLASS" : "SPC"
    },
    "type" : "portaria",
    "begin" : 12,
    "end" : 16,
    "inCoref" : false
  }, {
    "id" : "s0-m2",
    "properties" : {
      "SIRE_MENTION_ROLE" : "dia",
      "SIRE_ENTITY_SUBTYPE" : "NONE",
      "SIRE_MENTION_TYPE" : "NONE",
      "SIRE_MENTION_CLASS" : "SPC"
    },
    "type" : "dia",
    "begin" : 20,
    "end" : 22,
    "inCoref" : false
  }, {
    "id" : "s0-m3",
    "properties" : {
      "SIRE_MENTION_ROLE" : "mes",
      "SIRE_ENTITY_SUBTYPE" : "NONE",
      "SIRE_MENTION_TYPE" : "NONE",
      "SIRE_MENTION_CLASS" : "SPC"
    },
    "type" : "mes",
    "begin" : 26,
    "end" : 34,
    "inCoref" : false
  }, {
    "id" : "s0-m4",
    "properties" : {
      "SIRE_MENTION_ROLE" : "ano",
      "SIRE_ENTITY_SUBTYPE" : "NONE",
      "SIRE_MENTION_TYPE" : "NONE",
      "SIRE_MENTION_CLASS" : "SPC"
    },
    "type" : "ano",
    "begin" : 38,
    "end" : 42,
    "inCoref" : false
  }, {
    "id" : "s1-m1",
    "properties" : {
      "SIRE_MENTION_ROLE" : "ato",
      "SIRE_ENTITY_SUBTYPE" : "NONE",
      "SIRE_MENTION_TYPE" : "NONE",
      "SIRE_MENTION_CLASS" : "SPC"
    },
    "type" : "ato",
    "begin" : 156,
    "end" : 164,
    "inCoref" : false
  }, {
    "id" : "s1-m2",
    "properties" : {
      "SIRE_MENTION_ROLE" : "nome",
      "SIRE_ENTITY_SUBTYPE" : "NONE",
      "SIRE_MENTION_TYPE" : "NONE",
      "SIRE_MENTION_CLASS" : "SPC"
    },
    "type" : "nome",
    "begin" : 165,
    "end" : 191,
    "inCoref" : false
  }, {
    "id" : "s1-m3",
    "properties" : {
      "SIRE_MENTION_ROLE" : "cargo",
      "SIRE_ENTITY_SUBTYPE" : "NONE",
      "SIRE_MENTION_TYPE" : "NONE",
      "SIRE_MENTION_CLASS" : "SPC"
    },
    "type" : "cargo",
    "begin" : 252,
    "end" : 289,
    "inCoref" : false
  } ],
  "relations" : [ ],
  "corefs" : [ ],
  "typeResolved" : true,
  "userResolved" : false
}