{
  "id" : "e854c6d0-6eec-11ec-8aab-63cd9c950ac0-1",
  "name" : "buffer_rec_exo_02.txt",
  "createdDate" : 0,
  "version" : 3,
  "text" : "PORTARIA Nº 1527 DE 01 DE DEZEMBRO DE 2021\nO PREFEITO DO RECIFE, no uso de suas atribuições, e o contido no ofício n° 384/2021 – SEPLAGTD/GAB,\n\nR E S O L V E:\nExonerar MARIANA ALVES ARAÚJO, CPF nº. ***. 470.334-**, do cargo de provimento em comissão de Gerente do Escritório de \nGerenciamento de Processos, símbolo \"CDA-5”, da Secretaria de Planejamento, Gestão e Transformação Digital, a contar de 01 de \ndezembro de 2021.\n",
  "docLength" : 0,
  "language" : "PT",
  "status" : "IN_PROGRESS",
  "modifiedDate" : 1641580842290,
  "documentSet" : [ ],
  "preannotation" : [ ],
  "sentences" : [ {
    "id" : "s0",
    "begin" : 0,
    "end" : 142,
    "text" : "PORTARIA Nº 1527 DE 01 DE DEZEMBRO DE 2021\nO PREFEITO DO RECIFE, no uso de suas atribuições, e o contido no ofício n° 384/2021 – SEPLAGTD/GAB,",
    "tokens" : [ {
      "id" : "s0-t0",
      "begin" : 0,
      "end" : 8,
      "text" : "PORTARIA",
      "whiteSpace" : false
    }, {
      "id" : "s0-t1",
      "begin" : 9,
      "end" : 11,
      "text" : "Nº",
      "whiteSpace" : false
    }, {
      "id" : "s0-t2",
      "begin" : 12,
      "end" : 16,
      "text" : "1527",
      "whiteSpace" : false
    }, {
      "id" : "s0-t3",
      "begin" : 17,
      "end" : 19,
      "text" : "DE",
      "whiteSpace" : false
    }, {
      "id" : "s0-t4",
      "begin" : 20,
      "end" : 22,
      "text" : "01",
      "whiteSpace" : false
    }, {
      "id" : "s0-t5",
      "begin" : 23,
      "end" : 25,
      "text" : "DE",
      "whiteSpace" : false
    }, {
      "id" : "s0-t6",
      "begin" : 26,
      "end" : 34,
      "text" : "DEZEMBRO",
      "whiteSpace" : false
    }, {
      "id" : "s0-t7",
      "begin" : 35,
      "end" : 37,
      "text" : "DE",
      "whiteSpace" : false
    }, {
      "id" : "s0-t8",
      "begin" : 38,
      "end" : 42,
      "text" : "2021",
      "whiteSpace" : false
    }, {
      "id" : "s0-t9",
      "begin" : 43,
      "end" : 44,
      "text" : "O",
      "whiteSpace" : false
    }, {
      "id" : "s0-t10",
      "begin" : 45,
      "end" : 53,
      "text" : "PREFEITO",
      "whiteSpace" : false
    }, {
      "id" : "s0-t11",
      "begin" : 54,
      "end" : 56,
      "text" : "DO",
      "whiteSpace" : false
    }, {
      "id" : "s0-t12",
      "begin" : 57,
      "end" : 63,
      "text" : "RECIFE",
      "whiteSpace" : false
    }, {
      "id" : "s0-t13",
      "begin" : 63,
      "end" : 64,
      "text" : ",",
      "whiteSpace" : false
    }, {
      "id" : "s0-t14",
      "begin" : 65,
      "end" : 67,
      "text" : "no",
      "whiteSpace" : false
    }, {
      "id" : "s0-t15",
      "begin" : 68,
      "end" : 71,
      "text" : "uso",
      "whiteSpace" : false
    }, {
      "id" : "s0-t16",
      "begin" : 72,
      "end" : 74,
      "text" : "de",
      "whiteSpace" : false
    }, {
      "id" : "s0-t17",
      "begin" : 75,
      "end" : 79,
      "text" : "suas",
      "whiteSpace" : false
    }, {
      "id" : "s0-t18",
      "begin" : 80,
      "end" : 91,
      "text" : "atribuições",
      "whiteSpace" : false
    }, {
      "id" : "s0-t19",
      "begin" : 91,
      "end" : 92,
      "text" : ",",
      "whiteSpace" : false
    }, {
      "id" : "s0-t20",
      "begin" : 93,
      "end" : 94,
      "text" : "e",
      "whiteSpace" : false
    }, {
      "id" : "s0-t21",
      "begin" : 95,
      "end" : 96,
      "text" : "o",
      "whiteSpace" : false
    }, {
      "id" : "s0-t22",
      "begin" : 97,
      "end" : 104,
      "text" : "contido",
      "whiteSpace" : false
    }, {
      "id" : "s0-t23",
      "begin" : 105,
      "end" : 107,
      "text" : "no",
      "whiteSpace" : false
    }, {
      "id" : "s0-t24",
      "begin" : 108,
      "end" : 114,
      "text" : "ofício",
      "whiteSpace" : false
    }, {
      "id" : "s0-t25",
      "begin" : 115,
      "end" : 116,
      "text" : "n",
      "whiteSpace" : false
    }, {
      "id" : "s0-t26",
      "begin" : 116,
      "end" : 117,
      "text" : "°",
      "whiteSpace" : false
    }, {
      "id" : "s0-t27",
      "begin" : 118,
      "end" : 126,
      "text" : "384/2021",
      "whiteSpace" : false
    }, {
      "id" : "s0-t28",
      "begin" : 127,
      "end" : 128,
      "text" : "–",
      "whiteSpace" : false
    }, {
      "id" : "s0-t29",
      "begin" : 129,
      "end" : 141,
      "text" : "SEPLAGTD/GAB",
      "whiteSpace" : false
    }, {
      "id" : "s0-t30",
      "begin" : 141,
      "end" : 142,
      "text" : ",",
      "whiteSpace" : false
    } ]
  }, {
    "id" : "s1",
    "begin" : 144,
    "end" : 197,
    "text" : "R E S O L V E:\nExonerar MARIANA ALVES ARAÚJO, CPF nº.",
    "tokens" : [ {
      "id" : "s1-t0",
      "begin" : 144,
      "end" : 145,
      "text" : "R",
      "whiteSpace" : false
    }, {
      "id" : "s1-t1",
      "begin" : 146,
      "end" : 147,
      "text" : "E",
      "whiteSpace" : false
    }, {
      "id" : "s1-t2",
      "begin" : 148,
      "end" : 149,
      "text" : "S",
      "whiteSpace" : false
    }, {
      "id" : "s1-t3",
      "begin" : 150,
      "end" : 151,
      "text" : "O",
      "whiteSpace" : false
    }, {
      "id" : "s1-t4",
      "begin" : 152,
      "end" : 153,
      "text" : "L",
      "whiteSpace" : false
    }, {
      "id" : "s1-t5",
      "begin" : 154,
      "end" : 155,
      "text" : "V",
      "whiteSpace" : false
    }, {
      "id" : "s1-t6",
      "begin" : 156,
      "end" : 157,
      "text" : "E",
      "whiteSpace" : false
    }, {
      "id" : "s1-t7",
      "begin" : 157,
      "end" : 158,
      "text" : ":",
      "whiteSpace" : false
    }, {
      "id" : "s1-t8",
      "begin" : 159,
      "end" : 167,
      "text" : "Exonerar",
      "whiteSpace" : false
    }, {
      "id" : "s1-t9",
      "begin" : 168,
      "end" : 175,
      "text" : "MARIANA",
      "whiteSpace" : false
    }, {
      "id" : "s1-t10",
      "begin" : 176,
      "end" : 181,
      "text" : "ALVES",
      "whiteSpace" : false
    }, {
      "id" : "s1-t11",
      "begin" : 182,
      "end" : 188,
      "text" : "ARAÚJO",
      "whiteSpace" : false
    }, {
      "id" : "s1-t12",
      "begin" : 188,
      "end" : 189,
      "text" : ",",
      "whiteSpace" : false
    }, {
      "id" : "s1-t13",
      "begin" : 190,
      "end" : 193,
      "text" : "CPF",
      "whiteSpace" : false
    }, {
      "id" : "s1-t14",
      "begin" : 194,
      "end" : 196,
      "text" : "nº",
      "whiteSpace" : false
    }, {
      "id" : "s1-t15",
      "begin" : 196,
      "end" : 197,
      "text" : ".",
      "whiteSpace" : false
    } ]
  }, {
    "id" : "s2",
    "begin" : 198,
    "end" : 202,
    "text" : "***.",
    "tokens" : [ {
      "id" : "s2-t0",
      "begin" : 198,
      "end" : 201,
      "text" : "***",
      "whiteSpace" : false
    }, {
      "id" : "s2-t1",
      "begin" : 201,
      "end" : 202,
      "text" : ".",
      "whiteSpace" : false
    } ]
  }, {
    "id" : "s3",
    "begin" : 203,
    "end" : 423,
    "text" : "470.334-**, do cargo de provimento em comissão de Gerente do Escritório de \nGerenciamento de Processos, símbolo \"CDA-5”, da Secretaria de Planejamento, Gestão e Transformação Digital, a contar de 01 de \ndezembro de 2021.",
    "tokens" : [ {
      "id" : "s3-t0",
      "begin" : 203,
      "end" : 210,
      "text" : "470.334",
      "whiteSpace" : false
    }, {
      "id" : "s3-t1",
      "begin" : 210,
      "end" : 211,
      "text" : "-",
      "whiteSpace" : false
    }, {
      "id" : "s3-t2",
      "begin" : 211,
      "end" : 212,
      "text" : "*",
      "whiteSpace" : false
    }, {
      "id" : "s3-t3",
      "begin" : 212,
      "end" : 213,
      "text" : "*",
      "whiteSpace" : false
    }, {
      "id" : "s3-t4",
      "begin" : 213,
      "end" : 214,
      "text" : ",",
      "whiteSpace" : false
    }, {
      "id" : "s3-t5",
      "begin" : 215,
      "end" : 217,
      "text" : "do",
      "whiteSpace" : false
    }, {
      "id" : "s3-t6",
      "begin" : 218,
      "end" : 223,
      "text" : "cargo",
      "whiteSpace" : false
    }, {
      "id" : "s3-t7",
      "begin" : 224,
      "end" : 226,
      "text" : "de",
      "whiteSpace" : false
    }, {
      "id" : "s3-t8",
      "begin" : 227,
      "end" : 237,
      "text" : "provimento",
      "whiteSpace" : false
    }, {
      "id" : "s3-t9",
      "begin" : 238,
      "end" : 240,
      "text" : "em",
      "whiteSpace" : false
    }, {
      "id" : "s3-t10",
      "begin" : 241,
      "end" : 249,
      "text" : "comissão",
      "whiteSpace" : false
    }, {
      "id" : "s3-t11",
      "begin" : 250,
      "end" : 252,
      "text" : "de",
      "whiteSpace" : false
    }, {
      "id" : "s3-t12",
      "begin" : 253,
      "end" : 260,
      "text" : "Gerente",
      "whiteSpace" : false
    }, {
      "id" : "s3-t13",
      "begin" : 261,
      "end" : 263,
      "text" : "do",
      "whiteSpace" : false
    }, {
      "id" : "s3-t14",
      "begin" : 264,
      "end" : 274,
      "text" : "Escritório",
      "whiteSpace" : false
    }, {
      "id" : "s3-t15",
      "begin" : 275,
      "end" : 277,
      "text" : "de",
      "whiteSpace" : false
    }, {
      "id" : "s3-t16",
      "begin" : 279,
      "end" : 292,
      "text" : "Gerenciamento",
      "whiteSpace" : false
    }, {
      "id" : "s3-t17",
      "begin" : 293,
      "end" : 295,
      "text" : "de",
      "whiteSpace" : false
    }, {
      "id" : "s3-t18",
      "begin" : 296,
      "end" : 305,
      "text" : "Processos",
      "whiteSpace" : false
    }, {
      "id" : "s3-t19",
      "begin" : 305,
      "end" : 306,
      "text" : ",",
      "whiteSpace" : false
    }, {
      "id" : "s3-t20",
      "begin" : 307,
      "end" : 314,
      "text" : "símbolo",
      "whiteSpace" : false
    }, {
      "id" : "s3-t21",
      "begin" : 315,
      "end" : 316,
      "text" : "\"",
      "whiteSpace" : false
    }, {
      "id" : "s3-t22",
      "begin" : 316,
      "end" : 321,
      "text" : "CDA-5",
      "whiteSpace" : false
    }, {
      "id" : "s3-t23",
      "begin" : 321,
      "end" : 322,
      "text" : "”",
      "whiteSpace" : false
    }, {
      "id" : "s3-t24",
      "begin" : 322,
      "end" : 323,
      "text" : ",",
      "whiteSpace" : false
    }, {
      "id" : "s3-t25",
      "begin" : 324,
      "end" : 326,
      "text" : "da",
      "whiteSpace" : false
    }, {
      "id" : "s3-t26",
      "begin" : 327,
      "end" : 337,
      "text" : "Secretaria",
      "whiteSpace" : false
    }, {
      "id" : "s3-t27",
      "begin" : 338,
      "end" : 340,
      "text" : "de",
      "whiteSpace" : false
    }, {
      "id" : "s3-t28",
      "begin" : 341,
      "end" : 353,
      "text" : "Planejamento",
      "whiteSpace" : false
    }, {
      "id" : "s3-t29",
      "begin" : 353,
      "end" : 354,
      "text" : ",",
      "whiteSpace" : false
    }, {
      "id" : "s3-t30",
      "begin" : 355,
      "end" : 361,
      "text" : "Gestão",
      "whiteSpace" : false
    }, {
      "id" : "s3-t31",
      "begin" : 362,
      "end" : 363,
      "text" : "e",
      "whiteSpace" : false
    }, {
      "id" : "s3-t32",
      "begin" : 364,
      "end" : 377,
      "text" : "Transformação",
      "whiteSpace" : false
    }, {
      "id" : "s3-t33",
      "begin" : 378,
      "end" : 385,
      "text" : "Digital",
      "whiteSpace" : false
    }, {
      "id" : "s3-t34",
      "begin" : 385,
      "end" : 386,
      "text" : ",",
      "whiteSpace" : false
    }, {
      "id" : "s3-t35",
      "begin" : 387,
      "end" : 388,
      "text" : "a",
      "whiteSpace" : false
    }, {
      "id" : "s3-t36",
      "begin" : 389,
      "end" : 395,
      "text" : "contar",
      "whiteSpace" : false
    }, {
      "id" : "s3-t37",
      "begin" : 396,
      "end" : 398,
      "text" : "de",
      "whiteSpace" : false
    }, {
      "id" : "s3-t38",
      "begin" : 399,
      "end" : 401,
      "text" : "01",
      "whiteSpace" : false
    }, {
      "id" : "s3-t39",
      "begin" : 402,
      "end" : 404,
      "text" : "de",
      "whiteSpace" : false
    }, {
      "id" : "s3-t40",
      "begin" : 406,
      "end" : 414,
      "text" : "dezembro",
      "whiteSpace" : false
    }, {
      "id" : "s3-t41",
      "begin" : 415,
      "end" : 417,
      "text" : "de",
      "whiteSpace" : false
    }, {
      "id" : "s3-t42",
      "begin" : 418,
      "end" : 422,
      "text" : "2021",
      "whiteSpace" : false
    }, {
      "id" : "s3-t43",
      "begin" : 422,
      "end" : 423,
      "text" : ".",
      "whiteSpace" : false
    } ]
  } ],
  "mentions" : [ {
    "id" : "s0-m1",
    "properties" : {
      "SIRE_MENTION_ROLE" : "portaria",
      "SIRE_ENTITY_SUBTYPE" : "NONE",
      "SIRE_MENTION_TYPE" : "NONE",
      "SIRE_MENTION_CLASS" : "SPC"
    },
    "type" : "portaria",
    "begin" : 12,
    "end" : 16,
    "inCoref" : false
  }, {
    "id" : "s0-m2",
    "properties" : {
      "SIRE_MENTION_ROLE" : "dia",
      "SIRE_ENTITY_SUBTYPE" : "NONE",
      "SIRE_MENTION_TYPE" : "NONE",
      "SIRE_MENTION_CLASS" : "SPC"
    },
    "type" : "dia",
    "begin" : 20,
    "end" : 22,
    "inCoref" : false
  }, {
    "id" : "s0-m3",
    "properties" : {
      "SIRE_MENTION_ROLE" : "mes",
      "SIRE_ENTITY_SUBTYPE" : "NONE",
      "SIRE_MENTION_TYPE" : "NONE",
      "SIRE_MENTION_CLASS" : "SPC"
    },
    "type" : "mes",
    "begin" : 26,
    "end" : 34,
    "inCoref" : false
  }, {
    "id" : "s0-m4",
    "properties" : {
      "SIRE_MENTION_ROLE" : "ano",
      "SIRE_ENTITY_SUBTYPE" : "NONE",
      "SIRE_MENTION_TYPE" : "NONE",
      "SIRE_MENTION_CLASS" : "SPC"
    },
    "type" : "ano",
    "begin" : 38,
    "end" : 42,
    "inCoref" : false
  }, {
    "id" : "s1-m1",
    "properties" : {
      "SIRE_MENTION_ROLE" : "ato",
      "SIRE_ENTITY_SUBTYPE" : "NONE",
      "SIRE_MENTION_TYPE" : "NONE",
      "SIRE_MENTION_CLASS" : "SPC"
    },
    "type" : "ato",
    "begin" : 159,
    "end" : 167,
    "inCoref" : false
  }, {
    "id" : "s1-m2",
    "properties" : {
      "SIRE_MENTION_ROLE" : "nome",
      "SIRE_ENTITY_SUBTYPE" : "NONE",
      "SIRE_MENTION_TYPE" : "NONE",
      "SIRE_MENTION_CLASS" : "SPC"
    },
    "type" : "nome",
    "begin" : 168,
    "end" : 188,
    "inCoref" : false
  }, {
    "id" : "s3-m1",
    "properties" : {
      "SIRE_MENTION_ROLE" : "cargo",
      "SIRE_ENTITY_SUBTYPE" : "NONE",
      "SIRE_MENTION_TYPE" : "NONE",
      "SIRE_MENTION_CLASS" : "SPC"
    },
    "type" : "cargo",
    "begin" : 253,
    "end" : 305,
    "inCoref" : false
  } ],
  "relations" : [ ],
  "corefs" : [ ],
  "typeResolved" : true,
  "userResolved" : false
}