{
  "id" : "e854c6d0-6eec-11ec-8aab-63cd9c950ac0-3",
  "name" : "buffer_rec_exo_04.txt",
  "createdDate" : 0,
  "version" : 3,
  "text" : "PORTARIA Nº 1528 DE 01 DE DEZEMBRO DE 2021\nO PREFEITO DO RECIFE, no uso de suas atribuições, tendo em vista o contido no Ofício nº 378/2021 – SEPLAGTD/GAB.\n\nR E S O L V E:\nExonerar MÁRCIA CANUTO MENDES, CPF nº ***.327.704-**, do cargo de provimento em comissão de Chefe da Divisão de Análise \nde Projetos de Obras e Serviços de Engenharia, símbolo \"CAA-2\", da Secretaria de Planejamento, Gestão e Transformação Digital, \na contar de 01 de dezembro de 2021.\n",
  "docLength" : 0,
  "language" : "PT",
  "status" : "IN_PROGRESS",
  "modifiedDate" : 1641583091869,
  "documentSet" : [ ],
  "preannotation" : [ ],
  "sentences" : [ {
    "id" : "s0",
    "begin" : 0,
    "end" : 155,
    "text" : "PORTARIA Nº 1528 DE 01 DE DEZEMBRO DE 2021\nO PREFEITO DO RECIFE, no uso de suas atribuições, tendo em vista o contido no Ofício nº 378/2021 – SEPLAGTD/GAB.",
    "tokens" : [ {
      "id" : "s0-t0",
      "begin" : 0,
      "end" : 8,
      "text" : "PORTARIA",
      "whiteSpace" : false
    }, {
      "id" : "s0-t1",
      "begin" : 9,
      "end" : 11,
      "text" : "Nº",
      "whiteSpace" : false
    }, {
      "id" : "s0-t2",
      "begin" : 12,
      "end" : 16,
      "text" : "1528",
      "whiteSpace" : false
    }, {
      "id" : "s0-t3",
      "begin" : 17,
      "end" : 19,
      "text" : "DE",
      "whiteSpace" : false
    }, {
      "id" : "s0-t4",
      "begin" : 20,
      "end" : 22,
      "text" : "01",
      "whiteSpace" : false
    }, {
      "id" : "s0-t5",
      "begin" : 23,
      "end" : 25,
      "text" : "DE",
      "whiteSpace" : false
    }, {
      "id" : "s0-t6",
      "begin" : 26,
      "end" : 34,
      "text" : "DEZEMBRO",
      "whiteSpace" : false
    }, {
      "id" : "s0-t7",
      "begin" : 35,
      "end" : 37,
      "text" : "DE",
      "whiteSpace" : false
    }, {
      "id" : "s0-t8",
      "begin" : 38,
      "end" : 42,
      "text" : "2021",
      "whiteSpace" : false
    }, {
      "id" : "s0-t9",
      "begin" : 43,
      "end" : 44,
      "text" : "O",
      "whiteSpace" : false
    }, {
      "id" : "s0-t10",
      "begin" : 45,
      "end" : 53,
      "text" : "PREFEITO",
      "whiteSpace" : false
    }, {
      "id" : "s0-t11",
      "begin" : 54,
      "end" : 56,
      "text" : "DO",
      "whiteSpace" : false
    }, {
      "id" : "s0-t12",
      "begin" : 57,
      "end" : 63,
      "text" : "RECIFE",
      "whiteSpace" : false
    }, {
      "id" : "s0-t13",
      "begin" : 63,
      "end" : 64,
      "text" : ",",
      "whiteSpace" : false
    }, {
      "id" : "s0-t14",
      "begin" : 65,
      "end" : 67,
      "text" : "no",
      "whiteSpace" : false
    }, {
      "id" : "s0-t15",
      "begin" : 68,
      "end" : 71,
      "text" : "uso",
      "whiteSpace" : false
    }, {
      "id" : "s0-t16",
      "begin" : 72,
      "end" : 74,
      "text" : "de",
      "whiteSpace" : false
    }, {
      "id" : "s0-t17",
      "begin" : 75,
      "end" : 79,
      "text" : "suas",
      "whiteSpace" : false
    }, {
      "id" : "s0-t18",
      "begin" : 80,
      "end" : 91,
      "text" : "atribuições",
      "whiteSpace" : false
    }, {
      "id" : "s0-t19",
      "begin" : 91,
      "end" : 92,
      "text" : ",",
      "whiteSpace" : false
    }, {
      "id" : "s0-t20",
      "begin" : 93,
      "end" : 98,
      "text" : "tendo",
      "whiteSpace" : false
    }, {
      "id" : "s0-t21",
      "begin" : 99,
      "end" : 101,
      "text" : "em",
      "whiteSpace" : false
    }, {
      "id" : "s0-t22",
      "begin" : 102,
      "end" : 107,
      "text" : "vista",
      "whiteSpace" : false
    }, {
      "id" : "s0-t23",
      "begin" : 108,
      "end" : 109,
      "text" : "o",
      "whiteSpace" : false
    }, {
      "id" : "s0-t24",
      "begin" : 110,
      "end" : 117,
      "text" : "contido",
      "whiteSpace" : false
    }, {
      "id" : "s0-t25",
      "begin" : 118,
      "end" : 120,
      "text" : "no",
      "whiteSpace" : false
    }, {
      "id" : "s0-t26",
      "begin" : 121,
      "end" : 127,
      "text" : "Ofício",
      "whiteSpace" : false
    }, {
      "id" : "s0-t27",
      "begin" : 128,
      "end" : 130,
      "text" : "nº",
      "whiteSpace" : false
    }, {
      "id" : "s0-t28",
      "begin" : 131,
      "end" : 139,
      "text" : "378/2021",
      "whiteSpace" : false
    }, {
      "id" : "s0-t29",
      "begin" : 140,
      "end" : 141,
      "text" : "–",
      "whiteSpace" : false
    }, {
      "id" : "s0-t30",
      "begin" : 142,
      "end" : 154,
      "text" : "SEPLAGTD/GAB",
      "whiteSpace" : false
    }, {
      "id" : "s0-t31",
      "begin" : 154,
      "end" : 155,
      "text" : ".",
      "whiteSpace" : false
    } ]
  }, {
    "id" : "s1",
    "begin" : 157,
    "end" : 456,
    "text" : "R E S O L V E:\nExonerar MÁRCIA CANUTO MENDES, CPF nº ***.327.704-**, do cargo de provimento em comissão de Chefe da Divisão de Análise \nde Projetos de Obras e Serviços de Engenharia, símbolo \"CAA-2\", da Secretaria de Planejamento, Gestão e Transformação Digital, \na contar de 01 de dezembro de 2021.",
    "tokens" : [ {
      "id" : "s1-t0",
      "begin" : 157,
      "end" : 158,
      "text" : "R",
      "whiteSpace" : false
    }, {
      "id" : "s1-t1",
      "begin" : 159,
      "end" : 160,
      "text" : "E",
      "whiteSpace" : false
    }, {
      "id" : "s1-t2",
      "begin" : 161,
      "end" : 162,
      "text" : "S",
      "whiteSpace" : false
    }, {
      "id" : "s1-t3",
      "begin" : 163,
      "end" : 164,
      "text" : "O",
      "whiteSpace" : false
    }, {
      "id" : "s1-t4",
      "begin" : 165,
      "end" : 166,
      "text" : "L",
      "whiteSpace" : false
    }, {
      "id" : "s1-t5",
      "begin" : 167,
      "end" : 168,
      "text" : "V",
      "whiteSpace" : false
    }, {
      "id" : "s1-t6",
      "begin" : 169,
      "end" : 170,
      "text" : "E",
      "whiteSpace" : false
    }, {
      "id" : "s1-t7",
      "begin" : 170,
      "end" : 171,
      "text" : ":",
      "whiteSpace" : false
    }, {
      "id" : "s1-t8",
      "begin" : 172,
      "end" : 180,
      "text" : "Exonerar",
      "whiteSpace" : false
    }, {
      "id" : "s1-t9",
      "begin" : 181,
      "end" : 187,
      "text" : "MÁRCIA",
      "whiteSpace" : false
    }, {
      "id" : "s1-t10",
      "begin" : 188,
      "end" : 194,
      "text" : "CANUTO",
      "whiteSpace" : false
    }, {
      "id" : "s1-t11",
      "begin" : 195,
      "end" : 201,
      "text" : "MENDES",
      "whiteSpace" : false
    }, {
      "id" : "s1-t12",
      "begin" : 201,
      "end" : 202,
      "text" : ",",
      "whiteSpace" : false
    }, {
      "id" : "s1-t13",
      "begin" : 203,
      "end" : 206,
      "text" : "CPF",
      "whiteSpace" : false
    }, {
      "id" : "s1-t14",
      "begin" : 207,
      "end" : 209,
      "text" : "nº",
      "whiteSpace" : false
    }, {
      "id" : "s1-t15",
      "begin" : 210,
      "end" : 213,
      "text" : "***",
      "whiteSpace" : false
    }, {
      "id" : "s1-t16",
      "begin" : 213,
      "end" : 221,
      "text" : ".327.704",
      "whiteSpace" : false
    }, {
      "id" : "s1-t17",
      "begin" : 221,
      "end" : 222,
      "text" : "-",
      "whiteSpace" : false
    }, {
      "id" : "s1-t18",
      "begin" : 222,
      "end" : 223,
      "text" : "*",
      "whiteSpace" : false
    }, {
      "id" : "s1-t19",
      "begin" : 223,
      "end" : 224,
      "text" : "*",
      "whiteSpace" : false
    }, {
      "id" : "s1-t20",
      "begin" : 224,
      "end" : 225,
      "text" : ",",
      "whiteSpace" : false
    }, {
      "id" : "s1-t21",
      "begin" : 226,
      "end" : 228,
      "text" : "do",
      "whiteSpace" : false
    }, {
      "id" : "s1-t22",
      "begin" : 229,
      "end" : 234,
      "text" : "cargo",
      "whiteSpace" : false
    }, {
      "id" : "s1-t23",
      "begin" : 235,
      "end" : 237,
      "text" : "de",
      "whiteSpace" : false
    }, {
      "id" : "s1-t24",
      "begin" : 238,
      "end" : 248,
      "text" : "provimento",
      "whiteSpace" : false
    }, {
      "id" : "s1-t25",
      "begin" : 249,
      "end" : 251,
      "text" : "em",
      "whiteSpace" : false
    }, {
      "id" : "s1-t26",
      "begin" : 252,
      "end" : 260,
      "text" : "comissão",
      "whiteSpace" : false
    }, {
      "id" : "s1-t27",
      "begin" : 261,
      "end" : 263,
      "text" : "de",
      "whiteSpace" : false
    }, {
      "id" : "s1-t28",
      "begin" : 264,
      "end" : 269,
      "text" : "Chefe",
      "whiteSpace" : false
    }, {
      "id" : "s1-t29",
      "begin" : 270,
      "end" : 272,
      "text" : "da",
      "whiteSpace" : false
    }, {
      "id" : "s1-t30",
      "begin" : 273,
      "end" : 280,
      "text" : "Divisão",
      "whiteSpace" : false
    }, {
      "id" : "s1-t31",
      "begin" : 281,
      "end" : 283,
      "text" : "de",
      "whiteSpace" : false
    }, {
      "id" : "s1-t32",
      "begin" : 284,
      "end" : 291,
      "text" : "Análise",
      "whiteSpace" : false
    }, {
      "id" : "s1-t33",
      "begin" : 293,
      "end" : 295,
      "text" : "de",
      "whiteSpace" : false
    }, {
      "id" : "s1-t34",
      "begin" : 296,
      "end" : 304,
      "text" : "Projetos",
      "whiteSpace" : false
    }, {
      "id" : "s1-t35",
      "begin" : 305,
      "end" : 307,
      "text" : "de",
      "whiteSpace" : false
    }, {
      "id" : "s1-t36",
      "begin" : 308,
      "end" : 313,
      "text" : "Obras",
      "whiteSpace" : false
    }, {
      "id" : "s1-t37",
      "begin" : 314,
      "end" : 315,
      "text" : "e",
      "whiteSpace" : false
    }, {
      "id" : "s1-t38",
      "begin" : 316,
      "end" : 324,
      "text" : "Serviços",
      "whiteSpace" : false
    }, {
      "id" : "s1-t39",
      "begin" : 325,
      "end" : 327,
      "text" : "de",
      "whiteSpace" : false
    }, {
      "id" : "s1-t40",
      "begin" : 328,
      "end" : 338,
      "text" : "Engenharia",
      "whiteSpace" : false
    }, {
      "id" : "s1-t41",
      "begin" : 338,
      "end" : 339,
      "text" : ",",
      "whiteSpace" : false
    }, {
      "id" : "s1-t42",
      "begin" : 340,
      "end" : 347,
      "text" : "símbolo",
      "whiteSpace" : false
    }, {
      "id" : "s1-t43",
      "begin" : 348,
      "end" : 349,
      "text" : "\"",
      "whiteSpace" : false
    }, {
      "id" : "s1-t44",
      "begin" : 349,
      "end" : 354,
      "text" : "CAA-2",
      "whiteSpace" : false
    }, {
      "id" : "s1-t45",
      "begin" : 354,
      "end" : 355,
      "text" : "\"",
      "whiteSpace" : false
    }, {
      "id" : "s1-t46",
      "begin" : 355,
      "end" : 356,
      "text" : ",",
      "whiteSpace" : false
    }, {
      "id" : "s1-t47",
      "begin" : 357,
      "end" : 359,
      "text" : "da",
      "whiteSpace" : false
    }, {
      "id" : "s1-t48",
      "begin" : 360,
      "end" : 370,
      "text" : "Secretaria",
      "whiteSpace" : false
    }, {
      "id" : "s1-t49",
      "begin" : 371,
      "end" : 373,
      "text" : "de",
      "whiteSpace" : false
    }, {
      "id" : "s1-t50",
      "begin" : 374,
      "end" : 386,
      "text" : "Planejamento",
      "whiteSpace" : false
    }, {
      "id" : "s1-t51",
      "begin" : 386,
      "end" : 387,
      "text" : ",",
      "whiteSpace" : false
    }, {
      "id" : "s1-t52",
      "begin" : 388,
      "end" : 394,
      "text" : "Gestão",
      "whiteSpace" : false
    }, {
      "id" : "s1-t53",
      "begin" : 395,
      "end" : 396,
      "text" : "e",
      "whiteSpace" : false
    }, {
      "id" : "s1-t54",
      "begin" : 397,
      "end" : 410,
      "text" : "Transformação",
      "whiteSpace" : false
    }, {
      "id" : "s1-t55",
      "begin" : 411,
      "end" : 418,
      "text" : "Digital",
      "whiteSpace" : false
    }, {
      "id" : "s1-t56",
      "begin" : 418,
      "end" : 419,
      "text" : ",",
      "whiteSpace" : false
    }, {
      "id" : "s1-t57",
      "begin" : 421,
      "end" : 422,
      "text" : "a",
      "whiteSpace" : false
    }, {
      "id" : "s1-t58",
      "begin" : 423,
      "end" : 429,
      "text" : "contar",
      "whiteSpace" : false
    }, {
      "id" : "s1-t59",
      "begin" : 430,
      "end" : 432,
      "text" : "de",
      "whiteSpace" : false
    }, {
      "id" : "s1-t60",
      "begin" : 433,
      "end" : 435,
      "text" : "01",
      "whiteSpace" : false
    }, {
      "id" : "s1-t61",
      "begin" : 436,
      "end" : 438,
      "text" : "de",
      "whiteSpace" : false
    }, {
      "id" : "s1-t62",
      "begin" : 439,
      "end" : 447,
      "text" : "dezembro",
      "whiteSpace" : false
    }, {
      "id" : "s1-t63",
      "begin" : 448,
      "end" : 450,
      "text" : "de",
      "whiteSpace" : false
    }, {
      "id" : "s1-t64",
      "begin" : 451,
      "end" : 455,
      "text" : "2021",
      "whiteSpace" : false
    }, {
      "id" : "s1-t65",
      "begin" : 455,
      "end" : 456,
      "text" : ".",
      "whiteSpace" : false
    } ]
  } ],
  "mentions" : [ {
    "id" : "s0-m1",
    "properties" : {
      "SIRE_MENTION_ROLE" : "portaria",
      "SIRE_ENTITY_SUBTYPE" : "NONE",
      "SIRE_MENTION_TYPE" : "NONE",
      "SIRE_MENTION_CLASS" : "SPC"
    },
    "type" : "portaria",
    "begin" : 12,
    "end" : 16,
    "inCoref" : false
  }, {
    "id" : "s0-m2",
    "properties" : {
      "SIRE_MENTION_ROLE" : "dia",
      "SIRE_ENTITY_SUBTYPE" : "NONE",
      "SIRE_MENTION_TYPE" : "NONE",
      "SIRE_MENTION_CLASS" : "SPC"
    },
    "type" : "dia",
    "begin" : 20,
    "end" : 22,
    "inCoref" : false
  }, {
    "id" : "s0-m3",
    "properties" : {
      "SIRE_MENTION_ROLE" : "mes",
      "SIRE_ENTITY_SUBTYPE" : "NONE",
      "SIRE_MENTION_TYPE" : "NONE",
      "SIRE_MENTION_CLASS" : "SPC"
    },
    "type" : "mes",
    "begin" : 26,
    "end" : 34,
    "inCoref" : false
  }, {
    "id" : "s0-m4",
    "properties" : {
      "SIRE_MENTION_ROLE" : "ano",
      "SIRE_ENTITY_SUBTYPE" : "NONE",
      "SIRE_MENTION_TYPE" : "NONE",
      "SIRE_MENTION_CLASS" : "SPC"
    },
    "type" : "ano",
    "begin" : 38,
    "end" : 42,
    "inCoref" : false
  }, {
    "id" : "s1-m1",
    "properties" : {
      "SIRE_MENTION_ROLE" : "ato",
      "SIRE_ENTITY_SUBTYPE" : "NONE",
      "SIRE_MENTION_TYPE" : "NONE",
      "SIRE_MENTION_CLASS" : "SPC"
    },
    "type" : "ato",
    "begin" : 172,
    "end" : 180,
    "inCoref" : false
  }, {
    "id" : "s1-m2",
    "properties" : {
      "SIRE_MENTION_ROLE" : "nome",
      "SIRE_ENTITY_SUBTYPE" : "NONE",
      "SIRE_MENTION_TYPE" : "NONE",
      "SIRE_MENTION_CLASS" : "SPC"
    },
    "type" : "nome",
    "begin" : 181,
    "end" : 201,
    "inCoref" : false
  }, {
    "id" : "s1-m3",
    "properties" : {
      "SIRE_MENTION_ROLE" : "cargo",
      "SIRE_ENTITY_SUBTYPE" : "NONE",
      "SIRE_MENTION_TYPE" : "NONE",
      "SIRE_MENTION_CLASS" : "SPC"
    },
    "type" : "cargo",
    "begin" : 264,
    "end" : 338,
    "inCoref" : false
  } ],
  "relations" : [ ],
  "corefs" : [ ],
  "typeResolved" : true,
  "userResolved" : false
}