{
  "id" : "e854c6d0-6eec-11ec-8aab-63cd9c950ac0-9",
  "name" : "buffer_rec_exo_10.txt",
  "createdDate" : 0,
  "version" : 3,
  "text" : "PORTARIA Nº 1570 DE 10 DE DEZEMBRO DE 2021\nO PREFEITO DO RECIFE, no uso de suas atribuições, e o contido no ofício n° 987/2021 - GAB/SEPUL,\n\nR E S O L V E:\nExonerar JÉSSICA YALE CARNEIRO DA CUNHA, CPF: ***.611.634-**, do cargo de provimento em comissão de Gerente de Gestão \nde Instrumentos Urbanísticos, símbolo “CDA-5”, da Secretaria de Política Urbana e Licenciamento, a contar de 01 de dezembro de \n2021.\n",
  "docLength" : 0,
  "language" : "PT",
  "status" : "IN_PROGRESS",
  "modifiedDate" : 1641584026238,
  "documentSet" : [ ],
  "preannotation" : [ ],
  "sentences" : [ {
    "id" : "s0",
    "begin" : 0,
    "end" : 139,
    "text" : "PORTARIA Nº 1570 DE 10 DE DEZEMBRO DE 2021\nO PREFEITO DO RECIFE, no uso de suas atribuições, e o contido no ofício n° 987/2021 - GAB/SEPUL,",
    "tokens" : [ {
      "id" : "s0-t0",
      "begin" : 0,
      "end" : 8,
      "text" : "PORTARIA",
      "whiteSpace" : false
    }, {
      "id" : "s0-t1",
      "begin" : 9,
      "end" : 11,
      "text" : "Nº",
      "whiteSpace" : false
    }, {
      "id" : "s0-t2",
      "begin" : 12,
      "end" : 16,
      "text" : "1570",
      "whiteSpace" : false
    }, {
      "id" : "s0-t3",
      "begin" : 17,
      "end" : 19,
      "text" : "DE",
      "whiteSpace" : false
    }, {
      "id" : "s0-t4",
      "begin" : 20,
      "end" : 22,
      "text" : "10",
      "whiteSpace" : false
    }, {
      "id" : "s0-t5",
      "begin" : 23,
      "end" : 25,
      "text" : "DE",
      "whiteSpace" : false
    }, {
      "id" : "s0-t6",
      "begin" : 26,
      "end" : 34,
      "text" : "DEZEMBRO",
      "whiteSpace" : false
    }, {
      "id" : "s0-t7",
      "begin" : 35,
      "end" : 37,
      "text" : "DE",
      "whiteSpace" : false
    }, {
      "id" : "s0-t8",
      "begin" : 38,
      "end" : 42,
      "text" : "2021",
      "whiteSpace" : false
    }, {
      "id" : "s0-t9",
      "begin" : 43,
      "end" : 44,
      "text" : "O",
      "whiteSpace" : false
    }, {
      "id" : "s0-t10",
      "begin" : 45,
      "end" : 53,
      "text" : "PREFEITO",
      "whiteSpace" : false
    }, {
      "id" : "s0-t11",
      "begin" : 54,
      "end" : 56,
      "text" : "DO",
      "whiteSpace" : false
    }, {
      "id" : "s0-t12",
      "begin" : 57,
      "end" : 63,
      "text" : "RECIFE",
      "whiteSpace" : false
    }, {
      "id" : "s0-t13",
      "begin" : 63,
      "end" : 64,
      "text" : ",",
      "whiteSpace" : false
    }, {
      "id" : "s0-t14",
      "begin" : 65,
      "end" : 67,
      "text" : "no",
      "whiteSpace" : false
    }, {
      "id" : "s0-t15",
      "begin" : 68,
      "end" : 71,
      "text" : "uso",
      "whiteSpace" : false
    }, {
      "id" : "s0-t16",
      "begin" : 72,
      "end" : 74,
      "text" : "de",
      "whiteSpace" : false
    }, {
      "id" : "s0-t17",
      "begin" : 75,
      "end" : 79,
      "text" : "suas",
      "whiteSpace" : false
    }, {
      "id" : "s0-t18",
      "begin" : 80,
      "end" : 91,
      "text" : "atribuições",
      "whiteSpace" : false
    }, {
      "id" : "s0-t19",
      "begin" : 91,
      "end" : 92,
      "text" : ",",
      "whiteSpace" : false
    }, {
      "id" : "s0-t20",
      "begin" : 93,
      "end" : 94,
      "text" : "e",
      "whiteSpace" : false
    }, {
      "id" : "s0-t21",
      "begin" : 95,
      "end" : 96,
      "text" : "o",
      "whiteSpace" : false
    }, {
      "id" : "s0-t22",
      "begin" : 97,
      "end" : 104,
      "text" : "contido",
      "whiteSpace" : false
    }, {
      "id" : "s0-t23",
      "begin" : 105,
      "end" : 107,
      "text" : "no",
      "whiteSpace" : false
    }, {
      "id" : "s0-t24",
      "begin" : 108,
      "end" : 114,
      "text" : "ofício",
      "whiteSpace" : false
    }, {
      "id" : "s0-t25",
      "begin" : 115,
      "end" : 116,
      "text" : "n",
      "whiteSpace" : false
    }, {
      "id" : "s0-t26",
      "begin" : 116,
      "end" : 117,
      "text" : "°",
      "whiteSpace" : false
    }, {
      "id" : "s0-t27",
      "begin" : 118,
      "end" : 126,
      "text" : "987/2021",
      "whiteSpace" : false
    }, {
      "id" : "s0-t28",
      "begin" : 127,
      "end" : 128,
      "text" : "-",
      "whiteSpace" : false
    }, {
      "id" : "s0-t29",
      "begin" : 129,
      "end" : 138,
      "text" : "GAB/SEPUL",
      "whiteSpace" : false
    }, {
      "id" : "s0-t30",
      "begin" : 138,
      "end" : 139,
      "text" : ",",
      "whiteSpace" : false
    } ]
  }, {
    "id" : "s1",
    "begin" : 141,
    "end" : 408,
    "text" : "R E S O L V E:\nExonerar JÉSSICA YALE CARNEIRO DA CUNHA, CPF: ***.611.634-**, do cargo de provimento em comissão de Gerente de Gestão \nde Instrumentos Urbanísticos, símbolo “CDA-5”, da Secretaria de Política Urbana e Licenciamento, a contar de 01 de dezembro de \n2021.",
    "tokens" : [ {
      "id" : "s1-t0",
      "begin" : 141,
      "end" : 142,
      "text" : "R",
      "whiteSpace" : false
    }, {
      "id" : "s1-t1",
      "begin" : 143,
      "end" : 144,
      "text" : "E",
      "whiteSpace" : false
    }, {
      "id" : "s1-t2",
      "begin" : 145,
      "end" : 146,
      "text" : "S",
      "whiteSpace" : false
    }, {
      "id" : "s1-t3",
      "begin" : 147,
      "end" : 148,
      "text" : "O",
      "whiteSpace" : false
    }, {
      "id" : "s1-t4",
      "begin" : 149,
      "end" : 150,
      "text" : "L",
      "whiteSpace" : false
    }, {
      "id" : "s1-t5",
      "begin" : 151,
      "end" : 152,
      "text" : "V",
      "whiteSpace" : false
    }, {
      "id" : "s1-t6",
      "begin" : 153,
      "end" : 154,
      "text" : "E",
      "whiteSpace" : false
    }, {
      "id" : "s1-t7",
      "begin" : 154,
      "end" : 155,
      "text" : ":",
      "whiteSpace" : false
    }, {
      "id" : "s1-t8",
      "begin" : 156,
      "end" : 164,
      "text" : "Exonerar",
      "whiteSpace" : false
    }, {
      "id" : "s1-t9",
      "begin" : 165,
      "end" : 172,
      "text" : "JÉSSICA",
      "whiteSpace" : false
    }, {
      "id" : "s1-t10",
      "begin" : 173,
      "end" : 177,
      "text" : "YALE",
      "whiteSpace" : false
    }, {
      "id" : "s1-t11",
      "begin" : 178,
      "end" : 186,
      "text" : "CARNEIRO",
      "whiteSpace" : false
    }, {
      "id" : "s1-t12",
      "begin" : 187,
      "end" : 189,
      "text" : "DA",
      "whiteSpace" : false
    }, {
      "id" : "s1-t13",
      "begin" : 190,
      "end" : 195,
      "text" : "CUNHA",
      "whiteSpace" : false
    }, {
      "id" : "s1-t14",
      "begin" : 195,
      "end" : 196,
      "text" : ",",
      "whiteSpace" : false
    }, {
      "id" : "s1-t15",
      "begin" : 197,
      "end" : 200,
      "text" : "CPF",
      "whiteSpace" : false
    }, {
      "id" : "s1-t16",
      "begin" : 200,
      "end" : 201,
      "text" : ":",
      "whiteSpace" : false
    }, {
      "id" : "s1-t17",
      "begin" : 202,
      "end" : 205,
      "text" : "***",
      "whiteSpace" : false
    }, {
      "id" : "s1-t18",
      "begin" : 205,
      "end" : 213,
      "text" : ".611.634",
      "whiteSpace" : false
    }, {
      "id" : "s1-t19",
      "begin" : 213,
      "end" : 214,
      "text" : "-",
      "whiteSpace" : false
    }, {
      "id" : "s1-t20",
      "begin" : 214,
      "end" : 215,
      "text" : "*",
      "whiteSpace" : false
    }, {
      "id" : "s1-t21",
      "begin" : 215,
      "end" : 216,
      "text" : "*",
      "whiteSpace" : false
    }, {
      "id" : "s1-t22",
      "begin" : 216,
      "end" : 217,
      "text" : ",",
      "whiteSpace" : false
    }, {
      "id" : "s1-t23",
      "begin" : 218,
      "end" : 220,
      "text" : "do",
      "whiteSpace" : false
    }, {
      "id" : "s1-t24",
      "begin" : 221,
      "end" : 226,
      "text" : "cargo",
      "whiteSpace" : false
    }, {
      "id" : "s1-t25",
      "begin" : 227,
      "end" : 229,
      "text" : "de",
      "whiteSpace" : false
    }, {
      "id" : "s1-t26",
      "begin" : 230,
      "end" : 240,
      "text" : "provimento",
      "whiteSpace" : false
    }, {
      "id" : "s1-t27",
      "begin" : 241,
      "end" : 243,
      "text" : "em",
      "whiteSpace" : false
    }, {
      "id" : "s1-t28",
      "begin" : 244,
      "end" : 252,
      "text" : "comissão",
      "whiteSpace" : false
    }, {
      "id" : "s1-t29",
      "begin" : 253,
      "end" : 255,
      "text" : "de",
      "whiteSpace" : false
    }, {
      "id" : "s1-t30",
      "begin" : 256,
      "end" : 263,
      "text" : "Gerente",
      "whiteSpace" : false
    }, {
      "id" : "s1-t31",
      "begin" : 264,
      "end" : 266,
      "text" : "de",
      "whiteSpace" : false
    }, {
      "id" : "s1-t32",
      "begin" : 267,
      "end" : 273,
      "text" : "Gestão",
      "whiteSpace" : false
    }, {
      "id" : "s1-t33",
      "begin" : 275,
      "end" : 277,
      "text" : "de",
      "whiteSpace" : false
    }, {
      "id" : "s1-t34",
      "begin" : 278,
      "end" : 290,
      "text" : "Instrumentos",
      "whiteSpace" : false
    }, {
      "id" : "s1-t35",
      "begin" : 291,
      "end" : 303,
      "text" : "Urbanísticos",
      "whiteSpace" : false
    }, {
      "id" : "s1-t36",
      "begin" : 303,
      "end" : 304,
      "text" : ",",
      "whiteSpace" : false
    }, {
      "id" : "s1-t37",
      "begin" : 305,
      "end" : 312,
      "text" : "símbolo",
      "whiteSpace" : false
    }, {
      "id" : "s1-t38",
      "begin" : 313,
      "end" : 314,
      "text" : "“",
      "whiteSpace" : false
    }, {
      "id" : "s1-t39",
      "begin" : 314,
      "end" : 319,
      "text" : "CDA-5",
      "whiteSpace" : false
    }, {
      "id" : "s1-t40",
      "begin" : 319,
      "end" : 320,
      "text" : "”",
      "whiteSpace" : false
    }, {
      "id" : "s1-t41",
      "begin" : 320,
      "end" : 321,
      "text" : ",",
      "whiteSpace" : false
    }, {
      "id" : "s1-t42",
      "begin" : 322,
      "end" : 324,
      "text" : "da",
      "whiteSpace" : false
    }, {
      "id" : "s1-t43",
      "begin" : 325,
      "end" : 335,
      "text" : "Secretaria",
      "whiteSpace" : false
    }, {
      "id" : "s1-t44",
      "begin" : 336,
      "end" : 338,
      "text" : "de",
      "whiteSpace" : false
    }, {
      "id" : "s1-t45",
      "begin" : 339,
      "end" : 347,
      "text" : "Política",
      "whiteSpace" : false
    }, {
      "id" : "s1-t46",
      "begin" : 348,
      "end" : 354,
      "text" : "Urbana",
      "whiteSpace" : false
    }, {
      "id" : "s1-t47",
      "begin" : 355,
      "end" : 356,
      "text" : "e",
      "whiteSpace" : false
    }, {
      "id" : "s1-t48",
      "begin" : 357,
      "end" : 370,
      "text" : "Licenciamento",
      "whiteSpace" : false
    }, {
      "id" : "s1-t49",
      "begin" : 370,
      "end" : 371,
      "text" : ",",
      "whiteSpace" : false
    }, {
      "id" : "s1-t50",
      "begin" : 372,
      "end" : 373,
      "text" : "a",
      "whiteSpace" : false
    }, {
      "id" : "s1-t51",
      "begin" : 374,
      "end" : 380,
      "text" : "contar",
      "whiteSpace" : false
    }, {
      "id" : "s1-t52",
      "begin" : 381,
      "end" : 383,
      "text" : "de",
      "whiteSpace" : false
    }, {
      "id" : "s1-t53",
      "begin" : 384,
      "end" : 386,
      "text" : "01",
      "whiteSpace" : false
    }, {
      "id" : "s1-t54",
      "begin" : 387,
      "end" : 389,
      "text" : "de",
      "whiteSpace" : false
    }, {
      "id" : "s1-t55",
      "begin" : 390,
      "end" : 398,
      "text" : "dezembro",
      "whiteSpace" : false
    }, {
      "id" : "s1-t56",
      "begin" : 399,
      "end" : 401,
      "text" : "de",
      "whiteSpace" : false
    }, {
      "id" : "s1-t57",
      "begin" : 403,
      "end" : 407,
      "text" : "2021",
      "whiteSpace" : false
    }, {
      "id" : "s1-t58",
      "begin" : 407,
      "end" : 408,
      "text" : ".",
      "whiteSpace" : false
    } ]
  } ],
  "mentions" : [ {
    "id" : "s0-m1",
    "properties" : {
      "SIRE_MENTION_ROLE" : "portaria",
      "SIRE_ENTITY_SUBTYPE" : "NONE",
      "SIRE_MENTION_TYPE" : "NONE",
      "SIRE_MENTION_CLASS" : "SPC"
    },
    "type" : "portaria",
    "begin" : 12,
    "end" : 16,
    "inCoref" : false
  }, {
    "id" : "s0-m2",
    "properties" : {
      "SIRE_MENTION_ROLE" : "dia",
      "SIRE_ENTITY_SUBTYPE" : "NONE",
      "SIRE_MENTION_TYPE" : "NONE",
      "SIRE_MENTION_CLASS" : "SPC"
    },
    "type" : "dia",
    "begin" : 20,
    "end" : 22,
    "inCoref" : false
  }, {
    "id" : "s0-m3",
    "properties" : {
      "SIRE_MENTION_ROLE" : "mes",
      "SIRE_ENTITY_SUBTYPE" : "NONE",
      "SIRE_MENTION_TYPE" : "NONE",
      "SIRE_MENTION_CLASS" : "SPC"
    },
    "type" : "mes",
    "begin" : 26,
    "end" : 34,
    "inCoref" : false
  }, {
    "id" : "s0-m4",
    "properties" : {
      "SIRE_MENTION_ROLE" : "ano",
      "SIRE_ENTITY_SUBTYPE" : "NONE",
      "SIRE_MENTION_TYPE" : "NONE",
      "SIRE_MENTION_CLASS" : "SPC"
    },
    "type" : "ano",
    "begin" : 38,
    "end" : 42,
    "inCoref" : false
  }, {
    "id" : "s1-m1",
    "properties" : {
      "SIRE_MENTION_ROLE" : "ato",
      "SIRE_ENTITY_SUBTYPE" : "NONE",
      "SIRE_MENTION_TYPE" : "NONE",
      "SIRE_MENTION_CLASS" : "SPC"
    },
    "type" : "ato",
    "begin" : 156,
    "end" : 164,
    "inCoref" : false
  }, {
    "id" : "s1-m2",
    "properties" : {
      "SIRE_MENTION_ROLE" : "nome",
      "SIRE_ENTITY_SUBTYPE" : "NONE",
      "SIRE_MENTION_TYPE" : "NONE",
      "SIRE_MENTION_CLASS" : "SPC"
    },
    "type" : "nome",
    "begin" : 165,
    "end" : 195,
    "inCoref" : false
  }, {
    "id" : "s1-m3",
    "properties" : {
      "SIRE_MENTION_ROLE" : "cargo",
      "SIRE_ENTITY_SUBTYPE" : "NONE",
      "SIRE_MENTION_TYPE" : "NONE",
      "SIRE_MENTION_CLASS" : "SPC"
    },
    "type" : "cargo",
    "begin" : 256,
    "end" : 303,
    "inCoref" : false
  } ],
  "relations" : [ ],
  "corefs" : [ ],
  "typeResolved" : true,
  "userResolved" : false
}