{
  "id" : "e854c6d0-6eec-11ec-8aab-63cd9c950ac0-7",
  "name" : "buffer_rec_exo_08.txt",
  "createdDate" : 0,
  "version" : 3,
  "text" : "PORTARIA Nº 1537 DE 01 DE DEZEMBRO DE 2021\nO PREFEITO DO RECIFE, no uso de suas atribuições, e tendo em vista o contido no ofício n° 543/2021 - DPR/EMLURB,\n\nR E S O L V E:\nExonerar MARCELLA GOMES DE BARROS MONTEIRO, CPF nº ***.905.024-**, do cargo de provimento em comissão de Gestor \nda Unidade Socioambiental, símbolo “CAA-1”, da Autarquia de Manutenção e Limpeza Urbana - EMLURB, a contar de 30 de novem-\nbro de 2021.\n",
  "docLength" : 0,
  "language" : "PT",
  "status" : "IN_PROGRESS",
  "modifiedDate" : 1641583886600,
  "documentSet" : [ ],
  "preannotation" : [ ],
  "sentences" : [ {
    "id" : "s0",
    "begin" : 0,
    "end" : 155,
    "text" : "PORTARIA Nº 1537 DE 01 DE DEZEMBRO DE 2021\nO PREFEITO DO RECIFE, no uso de suas atribuições, e tendo em vista o contido no ofício n° 543/2021 - DPR/EMLURB,",
    "tokens" : [ {
      "id" : "s0-t0",
      "begin" : 0,
      "end" : 8,
      "text" : "PORTARIA",
      "whiteSpace" : false
    }, {
      "id" : "s0-t1",
      "begin" : 9,
      "end" : 11,
      "text" : "Nº",
      "whiteSpace" : false
    }, {
      "id" : "s0-t2",
      "begin" : 12,
      "end" : 16,
      "text" : "1537",
      "whiteSpace" : false
    }, {
      "id" : "s0-t3",
      "begin" : 17,
      "end" : 19,
      "text" : "DE",
      "whiteSpace" : false
    }, {
      "id" : "s0-t4",
      "begin" : 20,
      "end" : 22,
      "text" : "01",
      "whiteSpace" : false
    }, {
      "id" : "s0-t5",
      "begin" : 23,
      "end" : 25,
      "text" : "DE",
      "whiteSpace" : false
    }, {
      "id" : "s0-t6",
      "begin" : 26,
      "end" : 34,
      "text" : "DEZEMBRO",
      "whiteSpace" : false
    }, {
      "id" : "s0-t7",
      "begin" : 35,
      "end" : 37,
      "text" : "DE",
      "whiteSpace" : false
    }, {
      "id" : "s0-t8",
      "begin" : 38,
      "end" : 42,
      "text" : "2021",
      "whiteSpace" : false
    }, {
      "id" : "s0-t9",
      "begin" : 43,
      "end" : 44,
      "text" : "O",
      "whiteSpace" : false
    }, {
      "id" : "s0-t10",
      "begin" : 45,
      "end" : 53,
      "text" : "PREFEITO",
      "whiteSpace" : false
    }, {
      "id" : "s0-t11",
      "begin" : 54,
      "end" : 56,
      "text" : "DO",
      "whiteSpace" : false
    }, {
      "id" : "s0-t12",
      "begin" : 57,
      "end" : 63,
      "text" : "RECIFE",
      "whiteSpace" : false
    }, {
      "id" : "s0-t13",
      "begin" : 63,
      "end" : 64,
      "text" : ",",
      "whiteSpace" : false
    }, {
      "id" : "s0-t14",
      "begin" : 65,
      "end" : 67,
      "text" : "no",
      "whiteSpace" : false
    }, {
      "id" : "s0-t15",
      "begin" : 68,
      "end" : 71,
      "text" : "uso",
      "whiteSpace" : false
    }, {
      "id" : "s0-t16",
      "begin" : 72,
      "end" : 74,
      "text" : "de",
      "whiteSpace" : false
    }, {
      "id" : "s0-t17",
      "begin" : 75,
      "end" : 79,
      "text" : "suas",
      "whiteSpace" : false
    }, {
      "id" : "s0-t18",
      "begin" : 80,
      "end" : 91,
      "text" : "atribuições",
      "whiteSpace" : false
    }, {
      "id" : "s0-t19",
      "begin" : 91,
      "end" : 92,
      "text" : ",",
      "whiteSpace" : false
    }, {
      "id" : "s0-t20",
      "begin" : 93,
      "end" : 94,
      "text" : "e",
      "whiteSpace" : false
    }, {
      "id" : "s0-t21",
      "begin" : 95,
      "end" : 100,
      "text" : "tendo",
      "whiteSpace" : false
    }, {
      "id" : "s0-t22",
      "begin" : 101,
      "end" : 103,
      "text" : "em",
      "whiteSpace" : false
    }, {
      "id" : "s0-t23",
      "begin" : 104,
      "end" : 109,
      "text" : "vista",
      "whiteSpace" : false
    }, {
      "id" : "s0-t24",
      "begin" : 110,
      "end" : 111,
      "text" : "o",
      "whiteSpace" : false
    }, {
      "id" : "s0-t25",
      "begin" : 112,
      "end" : 119,
      "text" : "contido",
      "whiteSpace" : false
    }, {
      "id" : "s0-t26",
      "begin" : 120,
      "end" : 122,
      "text" : "no",
      "whiteSpace" : false
    }, {
      "id" : "s0-t27",
      "begin" : 123,
      "end" : 129,
      "text" : "ofício",
      "whiteSpace" : false
    }, {
      "id" : "s0-t28",
      "begin" : 130,
      "end" : 131,
      "text" : "n",
      "whiteSpace" : false
    }, {
      "id" : "s0-t29",
      "begin" : 131,
      "end" : 132,
      "text" : "°",
      "whiteSpace" : false
    }, {
      "id" : "s0-t30",
      "begin" : 133,
      "end" : 141,
      "text" : "543/2021",
      "whiteSpace" : false
    }, {
      "id" : "s0-t31",
      "begin" : 142,
      "end" : 143,
      "text" : "-",
      "whiteSpace" : false
    }, {
      "id" : "s0-t32",
      "begin" : 144,
      "end" : 154,
      "text" : "DPR/EMLURB",
      "whiteSpace" : false
    }, {
      "id" : "s0-t33",
      "begin" : 154,
      "end" : 155,
      "text" : ",",
      "whiteSpace" : false
    } ]
  }, {
    "id" : "s1",
    "begin" : 157,
    "end" : 420,
    "text" : "R E S O L V E:\nExonerar MARCELLA GOMES DE BARROS MONTEIRO, CPF nº ***.905.024-**, do cargo de provimento em comissão de Gestor \nda Unidade Socioambiental, símbolo “CAA-1”, da Autarquia de Manutenção e Limpeza Urbana - EMLURB, a contar de 30 de novem-\nbro de 2021.",
    "tokens" : [ {
      "id" : "s1-t0",
      "begin" : 157,
      "end" : 158,
      "text" : "R",
      "whiteSpace" : false
    }, {
      "id" : "s1-t1",
      "begin" : 159,
      "end" : 160,
      "text" : "E",
      "whiteSpace" : false
    }, {
      "id" : "s1-t2",
      "begin" : 161,
      "end" : 162,
      "text" : "S",
      "whiteSpace" : false
    }, {
      "id" : "s1-t3",
      "begin" : 163,
      "end" : 164,
      "text" : "O",
      "whiteSpace" : false
    }, {
      "id" : "s1-t4",
      "begin" : 165,
      "end" : 166,
      "text" : "L",
      "whiteSpace" : false
    }, {
      "id" : "s1-t5",
      "begin" : 167,
      "end" : 168,
      "text" : "V",
      "whiteSpace" : false
    }, {
      "id" : "s1-t6",
      "begin" : 169,
      "end" : 170,
      "text" : "E",
      "whiteSpace" : false
    }, {
      "id" : "s1-t7",
      "begin" : 170,
      "end" : 171,
      "text" : ":",
      "whiteSpace" : false
    }, {
      "id" : "s1-t8",
      "begin" : 172,
      "end" : 180,
      "text" : "Exonerar",
      "whiteSpace" : false
    }, {
      "id" : "s1-t9",
      "begin" : 181,
      "end" : 189,
      "text" : "MARCELLA",
      "whiteSpace" : false
    }, {
      "id" : "s1-t10",
      "begin" : 190,
      "end" : 195,
      "text" : "GOMES",
      "whiteSpace" : false
    }, {
      "id" : "s1-t11",
      "begin" : 196,
      "end" : 198,
      "text" : "DE",
      "whiteSpace" : false
    }, {
      "id" : "s1-t12",
      "begin" : 199,
      "end" : 205,
      "text" : "BARROS",
      "whiteSpace" : false
    }, {
      "id" : "s1-t13",
      "begin" : 206,
      "end" : 214,
      "text" : "MONTEIRO",
      "whiteSpace" : false
    }, {
      "id" : "s1-t14",
      "begin" : 214,
      "end" : 215,
      "text" : ",",
      "whiteSpace" : false
    }, {
      "id" : "s1-t15",
      "begin" : 216,
      "end" : 219,
      "text" : "CPF",
      "whiteSpace" : false
    }, {
      "id" : "s1-t16",
      "begin" : 220,
      "end" : 222,
      "text" : "nº",
      "whiteSpace" : false
    }, {
      "id" : "s1-t17",
      "begin" : 223,
      "end" : 226,
      "text" : "***",
      "whiteSpace" : false
    }, {
      "id" : "s1-t18",
      "begin" : 226,
      "end" : 234,
      "text" : ".905.024",
      "whiteSpace" : false
    }, {
      "id" : "s1-t19",
      "begin" : 234,
      "end" : 235,
      "text" : "-",
      "whiteSpace" : false
    }, {
      "id" : "s1-t20",
      "begin" : 235,
      "end" : 236,
      "text" : "*",
      "whiteSpace" : false
    }, {
      "id" : "s1-t21",
      "begin" : 236,
      "end" : 237,
      "text" : "*",
      "whiteSpace" : false
    }, {
      "id" : "s1-t22",
      "begin" : 237,
      "end" : 238,
      "text" : ",",
      "whiteSpace" : false
    }, {
      "id" : "s1-t23",
      "begin" : 239,
      "end" : 241,
      "text" : "do",
      "whiteSpace" : false
    }, {
      "id" : "s1-t24",
      "begin" : 242,
      "end" : 247,
      "text" : "cargo",
      "whiteSpace" : false
    }, {
      "id" : "s1-t25",
      "begin" : 248,
      "end" : 250,
      "text" : "de",
      "whiteSpace" : false
    }, {
      "id" : "s1-t26",
      "begin" : 251,
      "end" : 261,
      "text" : "provimento",
      "whiteSpace" : false
    }, {
      "id" : "s1-t27",
      "begin" : 262,
      "end" : 264,
      "text" : "em",
      "whiteSpace" : false
    }, {
      "id" : "s1-t28",
      "begin" : 265,
      "end" : 273,
      "text" : "comissão",
      "whiteSpace" : false
    }, {
      "id" : "s1-t29",
      "begin" : 274,
      "end" : 276,
      "text" : "de",
      "whiteSpace" : false
    }, {
      "id" : "s1-t30",
      "begin" : 277,
      "end" : 283,
      "text" : "Gestor",
      "whiteSpace" : false
    }, {
      "id" : "s1-t31",
      "begin" : 285,
      "end" : 287,
      "text" : "da",
      "whiteSpace" : false
    }, {
      "id" : "s1-t32",
      "begin" : 288,
      "end" : 295,
      "text" : "Unidade",
      "whiteSpace" : false
    }, {
      "id" : "s1-t33",
      "begin" : 296,
      "end" : 310,
      "text" : "Socioambiental",
      "whiteSpace" : false
    }, {
      "id" : "s1-t34",
      "begin" : 310,
      "end" : 311,
      "text" : ",",
      "whiteSpace" : false
    }, {
      "id" : "s1-t35",
      "begin" : 312,
      "end" : 319,
      "text" : "símbolo",
      "whiteSpace" : false
    }, {
      "id" : "s1-t36",
      "begin" : 320,
      "end" : 321,
      "text" : "“",
      "whiteSpace" : false
    }, {
      "id" : "s1-t37",
      "begin" : 321,
      "end" : 326,
      "text" : "CAA-1",
      "whiteSpace" : false
    }, {
      "id" : "s1-t38",
      "begin" : 326,
      "end" : 327,
      "text" : "”",
      "whiteSpace" : false
    }, {
      "id" : "s1-t39",
      "begin" : 327,
      "end" : 328,
      "text" : ",",
      "whiteSpace" : false
    }, {
      "id" : "s1-t40",
      "begin" : 329,
      "end" : 331,
      "text" : "da",
      "whiteSpace" : false
    }, {
      "id" : "s1-t41",
      "begin" : 332,
      "end" : 341,
      "text" : "Autarquia",
      "whiteSpace" : false
    }, {
      "id" : "s1-t42",
      "begin" : 342,
      "end" : 344,
      "text" : "de",
      "whiteSpace" : false
    }, {
      "id" : "s1-t43",
      "begin" : 345,
      "end" : 355,
      "text" : "Manutenção",
      "whiteSpace" : false
    }, {
      "id" : "s1-t44",
      "begin" : 356,
      "end" : 357,
      "text" : "e",
      "whiteSpace" : false
    }, {
      "id" : "s1-t45",
      "begin" : 358,
      "end" : 365,
      "text" : "Limpeza",
      "whiteSpace" : false
    }, {
      "id" : "s1-t46",
      "begin" : 366,
      "end" : 372,
      "text" : "Urbana",
      "whiteSpace" : false
    }, {
      "id" : "s1-t47",
      "begin" : 373,
      "end" : 374,
      "text" : "-",
      "whiteSpace" : false
    }, {
      "id" : "s1-t48",
      "begin" : 375,
      "end" : 381,
      "text" : "EMLURB",
      "whiteSpace" : false
    }, {
      "id" : "s1-t49",
      "begin" : 381,
      "end" : 382,
      "text" : ",",
      "whiteSpace" : false
    }, {
      "id" : "s1-t50",
      "begin" : 383,
      "end" : 384,
      "text" : "a",
      "whiteSpace" : false
    }, {
      "id" : "s1-t51",
      "begin" : 385,
      "end" : 391,
      "text" : "contar",
      "whiteSpace" : false
    }, {
      "id" : "s1-t52",
      "begin" : 392,
      "end" : 394,
      "text" : "de",
      "whiteSpace" : false
    }, {
      "id" : "s1-t53",
      "begin" : 395,
      "end" : 397,
      "text" : "30",
      "whiteSpace" : false
    }, {
      "id" : "s1-t54",
      "begin" : 398,
      "end" : 400,
      "text" : "de",
      "whiteSpace" : false
    }, {
      "id" : "s1-t55",
      "begin" : 401,
      "end" : 406,
      "text" : "novem",
      "whiteSpace" : false
    }, {
      "id" : "s1-t56",
      "begin" : 406,
      "end" : 407,
      "text" : "-",
      "whiteSpace" : false
    }, {
      "id" : "s1-t57",
      "begin" : 408,
      "end" : 411,
      "text" : "bro",
      "whiteSpace" : false
    }, {
      "id" : "s1-t58",
      "begin" : 412,
      "end" : 414,
      "text" : "de",
      "whiteSpace" : false
    }, {
      "id" : "s1-t59",
      "begin" : 415,
      "end" : 419,
      "text" : "2021",
      "whiteSpace" : false
    }, {
      "id" : "s1-t60",
      "begin" : 419,
      "end" : 420,
      "text" : ".",
      "whiteSpace" : false
    } ]
  } ],
  "mentions" : [ {
    "id" : "s0-m1",
    "properties" : {
      "SIRE_MENTION_ROLE" : "portaria",
      "SIRE_ENTITY_SUBTYPE" : "NONE",
      "SIRE_MENTION_TYPE" : "NONE",
      "SIRE_MENTION_CLASS" : "SPC"
    },
    "type" : "portaria",
    "begin" : 12,
    "end" : 16,
    "inCoref" : false
  }, {
    "id" : "s0-m2",
    "properties" : {
      "SIRE_MENTION_ROLE" : "dia",
      "SIRE_ENTITY_SUBTYPE" : "NONE",
      "SIRE_MENTION_TYPE" : "NONE",
      "SIRE_MENTION_CLASS" : "SPC"
    },
    "type" : "dia",
    "begin" : 20,
    "end" : 22,
    "inCoref" : false
  }, {
    "id" : "s0-m3",
    "properties" : {
      "SIRE_MENTION_ROLE" : "mes",
      "SIRE_ENTITY_SUBTYPE" : "NONE",
      "SIRE_MENTION_TYPE" : "NONE",
      "SIRE_MENTION_CLASS" : "SPC"
    },
    "type" : "mes",
    "begin" : 26,
    "end" : 34,
    "inCoref" : false
  }, {
    "id" : "s0-m4",
    "properties" : {
      "SIRE_MENTION_ROLE" : "ano",
      "SIRE_ENTITY_SUBTYPE" : "NONE",
      "SIRE_MENTION_TYPE" : "NONE",
      "SIRE_MENTION_CLASS" : "SPC"
    },
    "type" : "ano",
    "begin" : 38,
    "end" : 42,
    "inCoref" : false
  }, {
    "id" : "s1-m1",
    "properties" : {
      "SIRE_MENTION_ROLE" : "ato",
      "SIRE_ENTITY_SUBTYPE" : "NONE",
      "SIRE_MENTION_TYPE" : "NONE",
      "SIRE_MENTION_CLASS" : "SPC"
    },
    "type" : "ato",
    "begin" : 172,
    "end" : 180,
    "inCoref" : false
  }, {
    "id" : "s1-m2",
    "properties" : {
      "SIRE_MENTION_ROLE" : "nome",
      "SIRE_ENTITY_SUBTYPE" : "NONE",
      "SIRE_MENTION_TYPE" : "NONE",
      "SIRE_MENTION_CLASS" : "SPC"
    },
    "type" : "nome",
    "begin" : 181,
    "end" : 214,
    "inCoref" : false
  }, {
    "id" : "s1-m3",
    "properties" : {
      "SIRE_MENTION_ROLE" : "cargo",
      "SIRE_ENTITY_SUBTYPE" : "NONE",
      "SIRE_MENTION_TYPE" : "NONE",
      "SIRE_MENTION_CLASS" : "SPC"
    },
    "type" : "cargo",
    "begin" : 277,
    "end" : 310,
    "inCoref" : false
  } ],
  "relations" : [ ],
  "corefs" : [ ],
  "typeResolved" : true,
  "userResolved" : false
}