{
  "id" : "e854c6d0-6eec-11ec-8aab-63cd9c950ac0-5",
  "name" : "buffer_rec_exo_06.txt",
  "createdDate" : 0,
  "version" : 3,
  "text" : "PORTARIA Nº 1533 DE 01 DE DEZEMBRO DE 2021\nO PREFEITO DO RECIFE, no uso de suas atribuições, e tendo em vista o contido no ofício n° 737/2021 - GAB/FCCR,\n\nR E S O L V E:\nExonerar MAÍRA LIMA BRANDÃO, CPF nº ***.733.624-**, do cargo de provimento em comissão de Gerente da Rádio Frei Caneca, \nsímbolo “CDA-5”, da Fundação de Cultura Cidade do Recife - FCCR, a contar de 01 de novembro de 2021.\n",
  "docLength" : 0,
  "language" : "PT",
  "status" : "IN_PROGRESS",
  "modifiedDate" : 1641583743603,
  "documentSet" : [ ],
  "preannotation" : [ ],
  "sentences" : [ {
    "id" : "s0",
    "begin" : 0,
    "end" : 153,
    "text" : "PORTARIA Nº 1533 DE 01 DE DEZEMBRO DE 2021\nO PREFEITO DO RECIFE, no uso de suas atribuições, e tendo em vista o contido no ofício n° 737/2021 - GAB/FCCR,",
    "tokens" : [ {
      "id" : "s0-t0",
      "begin" : 0,
      "end" : 8,
      "text" : "PORTARIA",
      "whiteSpace" : false
    }, {
      "id" : "s0-t1",
      "begin" : 9,
      "end" : 11,
      "text" : "Nº",
      "whiteSpace" : false
    }, {
      "id" : "s0-t2",
      "begin" : 12,
      "end" : 16,
      "text" : "1533",
      "whiteSpace" : false
    }, {
      "id" : "s0-t3",
      "begin" : 17,
      "end" : 19,
      "text" : "DE",
      "whiteSpace" : false
    }, {
      "id" : "s0-t4",
      "begin" : 20,
      "end" : 22,
      "text" : "01",
      "whiteSpace" : false
    }, {
      "id" : "s0-t5",
      "begin" : 23,
      "end" : 25,
      "text" : "DE",
      "whiteSpace" : false
    }, {
      "id" : "s0-t6",
      "begin" : 26,
      "end" : 34,
      "text" : "DEZEMBRO",
      "whiteSpace" : false
    }, {
      "id" : "s0-t7",
      "begin" : 35,
      "end" : 37,
      "text" : "DE",
      "whiteSpace" : false
    }, {
      "id" : "s0-t8",
      "begin" : 38,
      "end" : 42,
      "text" : "2021",
      "whiteSpace" : false
    }, {
      "id" : "s0-t9",
      "begin" : 43,
      "end" : 44,
      "text" : "O",
      "whiteSpace" : false
    }, {
      "id" : "s0-t10",
      "begin" : 45,
      "end" : 53,
      "text" : "PREFEITO",
      "whiteSpace" : false
    }, {
      "id" : "s0-t11",
      "begin" : 54,
      "end" : 56,
      "text" : "DO",
      "whiteSpace" : false
    }, {
      "id" : "s0-t12",
      "begin" : 57,
      "end" : 63,
      "text" : "RECIFE",
      "whiteSpace" : false
    }, {
      "id" : "s0-t13",
      "begin" : 63,
      "end" : 64,
      "text" : ",",
      "whiteSpace" : false
    }, {
      "id" : "s0-t14",
      "begin" : 65,
      "end" : 67,
      "text" : "no",
      "whiteSpace" : false
    }, {
      "id" : "s0-t15",
      "begin" : 68,
      "end" : 71,
      "text" : "uso",
      "whiteSpace" : false
    }, {
      "id" : "s0-t16",
      "begin" : 72,
      "end" : 74,
      "text" : "de",
      "whiteSpace" : false
    }, {
      "id" : "s0-t17",
      "begin" : 75,
      "end" : 79,
      "text" : "suas",
      "whiteSpace" : false
    }, {
      "id" : "s0-t18",
      "begin" : 80,
      "end" : 91,
      "text" : "atribuições",
      "whiteSpace" : false
    }, {
      "id" : "s0-t19",
      "begin" : 91,
      "end" : 92,
      "text" : ",",
      "whiteSpace" : false
    }, {
      "id" : "s0-t20",
      "begin" : 93,
      "end" : 94,
      "text" : "e",
      "whiteSpace" : false
    }, {
      "id" : "s0-t21",
      "begin" : 95,
      "end" : 100,
      "text" : "tendo",
      "whiteSpace" : false
    }, {
      "id" : "s0-t22",
      "begin" : 101,
      "end" : 103,
      "text" : "em",
      "whiteSpace" : false
    }, {
      "id" : "s0-t23",
      "begin" : 104,
      "end" : 109,
      "text" : "vista",
      "whiteSpace" : false
    }, {
      "id" : "s0-t24",
      "begin" : 110,
      "end" : 111,
      "text" : "o",
      "whiteSpace" : false
    }, {
      "id" : "s0-t25",
      "begin" : 112,
      "end" : 119,
      "text" : "contido",
      "whiteSpace" : false
    }, {
      "id" : "s0-t26",
      "begin" : 120,
      "end" : 122,
      "text" : "no",
      "whiteSpace" : false
    }, {
      "id" : "s0-t27",
      "begin" : 123,
      "end" : 129,
      "text" : "ofício",
      "whiteSpace" : false
    }, {
      "id" : "s0-t28",
      "begin" : 130,
      "end" : 131,
      "text" : "n",
      "whiteSpace" : false
    }, {
      "id" : "s0-t29",
      "begin" : 131,
      "end" : 132,
      "text" : "°",
      "whiteSpace" : false
    }, {
      "id" : "s0-t30",
      "begin" : 133,
      "end" : 141,
      "text" : "737/2021",
      "whiteSpace" : false
    }, {
      "id" : "s0-t31",
      "begin" : 142,
      "end" : 143,
      "text" : "-",
      "whiteSpace" : false
    }, {
      "id" : "s0-t32",
      "begin" : 144,
      "end" : 152,
      "text" : "GAB/FCCR",
      "whiteSpace" : false
    }, {
      "id" : "s0-t33",
      "begin" : 152,
      "end" : 153,
      "text" : ",",
      "whiteSpace" : false
    } ]
  }, {
    "id" : "s1",
    "begin" : 155,
    "end" : 391,
    "text" : "R E S O L V E:\nExonerar MAÍRA LIMA BRANDÃO, CPF nº ***.733.624-**, do cargo de provimento em comissão de Gerente da Rádio Frei Caneca, \nsímbolo “CDA-5”, da Fundação de Cultura Cidade do Recife - FCCR, a contar de 01 de novembro de 2021.",
    "tokens" : [ {
      "id" : "s1-t0",
      "begin" : 155,
      "end" : 156,
      "text" : "R",
      "whiteSpace" : false
    }, {
      "id" : "s1-t1",
      "begin" : 157,
      "end" : 158,
      "text" : "E",
      "whiteSpace" : false
    }, {
      "id" : "s1-t2",
      "begin" : 159,
      "end" : 160,
      "text" : "S",
      "whiteSpace" : false
    }, {
      "id" : "s1-t3",
      "begin" : 161,
      "end" : 162,
      "text" : "O",
      "whiteSpace" : false
    }, {
      "id" : "s1-t4",
      "begin" : 163,
      "end" : 164,
      "text" : "L",
      "whiteSpace" : false
    }, {
      "id" : "s1-t5",
      "begin" : 165,
      "end" : 166,
      "text" : "V",
      "whiteSpace" : false
    }, {
      "id" : "s1-t6",
      "begin" : 167,
      "end" : 168,
      "text" : "E",
      "whiteSpace" : false
    }, {
      "id" : "s1-t7",
      "begin" : 168,
      "end" : 169,
      "text" : ":",
      "whiteSpace" : false
    }, {
      "id" : "s1-t8",
      "begin" : 170,
      "end" : 178,
      "text" : "Exonerar",
      "whiteSpace" : false
    }, {
      "id" : "s1-t9",
      "begin" : 179,
      "end" : 184,
      "text" : "MAÍRA",
      "whiteSpace" : false
    }, {
      "id" : "s1-t10",
      "begin" : 185,
      "end" : 189,
      "text" : "LIMA",
      "whiteSpace" : false
    }, {
      "id" : "s1-t11",
      "begin" : 190,
      "end" : 197,
      "text" : "BRANDÃO",
      "whiteSpace" : false
    }, {
      "id" : "s1-t12",
      "begin" : 197,
      "end" : 198,
      "text" : ",",
      "whiteSpace" : false
    }, {
      "id" : "s1-t13",
      "begin" : 199,
      "end" : 202,
      "text" : "CPF",
      "whiteSpace" : false
    }, {
      "id" : "s1-t14",
      "begin" : 203,
      "end" : 205,
      "text" : "nº",
      "whiteSpace" : false
    }, {
      "id" : "s1-t15",
      "begin" : 206,
      "end" : 209,
      "text" : "***",
      "whiteSpace" : false
    }, {
      "id" : "s1-t16",
      "begin" : 209,
      "end" : 217,
      "text" : ".733.624",
      "whiteSpace" : false
    }, {
      "id" : "s1-t17",
      "begin" : 217,
      "end" : 218,
      "text" : "-",
      "whiteSpace" : false
    }, {
      "id" : "s1-t18",
      "begin" : 218,
      "end" : 219,
      "text" : "*",
      "whiteSpace" : false
    }, {
      "id" : "s1-t19",
      "begin" : 219,
      "end" : 220,
      "text" : "*",
      "whiteSpace" : false
    }, {
      "id" : "s1-t20",
      "begin" : 220,
      "end" : 221,
      "text" : ",",
      "whiteSpace" : false
    }, {
      "id" : "s1-t21",
      "begin" : 222,
      "end" : 224,
      "text" : "do",
      "whiteSpace" : false
    }, {
      "id" : "s1-t22",
      "begin" : 225,
      "end" : 230,
      "text" : "cargo",
      "whiteSpace" : false
    }, {
      "id" : "s1-t23",
      "begin" : 231,
      "end" : 233,
      "text" : "de",
      "whiteSpace" : false
    }, {
      "id" : "s1-t24",
      "begin" : 234,
      "end" : 244,
      "text" : "provimento",
      "whiteSpace" : false
    }, {
      "id" : "s1-t25",
      "begin" : 245,
      "end" : 247,
      "text" : "em",
      "whiteSpace" : false
    }, {
      "id" : "s1-t26",
      "begin" : 248,
      "end" : 256,
      "text" : "comissão",
      "whiteSpace" : false
    }, {
      "id" : "s1-t27",
      "begin" : 257,
      "end" : 259,
      "text" : "de",
      "whiteSpace" : false
    }, {
      "id" : "s1-t28",
      "begin" : 260,
      "end" : 267,
      "text" : "Gerente",
      "whiteSpace" : false
    }, {
      "id" : "s1-t29",
      "begin" : 268,
      "end" : 270,
      "text" : "da",
      "whiteSpace" : false
    }, {
      "id" : "s1-t30",
      "begin" : 271,
      "end" : 276,
      "text" : "Rádio",
      "whiteSpace" : false
    }, {
      "id" : "s1-t31",
      "begin" : 277,
      "end" : 281,
      "text" : "Frei",
      "whiteSpace" : false
    }, {
      "id" : "s1-t32",
      "begin" : 282,
      "end" : 288,
      "text" : "Caneca",
      "whiteSpace" : false
    }, {
      "id" : "s1-t33",
      "begin" : 288,
      "end" : 289,
      "text" : ",",
      "whiteSpace" : false
    }, {
      "id" : "s1-t34",
      "begin" : 291,
      "end" : 298,
      "text" : "símbolo",
      "whiteSpace" : false
    }, {
      "id" : "s1-t35",
      "begin" : 299,
      "end" : 300,
      "text" : "“",
      "whiteSpace" : false
    }, {
      "id" : "s1-t36",
      "begin" : 300,
      "end" : 305,
      "text" : "CDA-5",
      "whiteSpace" : false
    }, {
      "id" : "s1-t37",
      "begin" : 305,
      "end" : 306,
      "text" : "”",
      "whiteSpace" : false
    }, {
      "id" : "s1-t38",
      "begin" : 306,
      "end" : 307,
      "text" : ",",
      "whiteSpace" : false
    }, {
      "id" : "s1-t39",
      "begin" : 308,
      "end" : 310,
      "text" : "da",
      "whiteSpace" : false
    }, {
      "id" : "s1-t40",
      "begin" : 311,
      "end" : 319,
      "text" : "Fundação",
      "whiteSpace" : false
    }, {
      "id" : "s1-t41",
      "begin" : 320,
      "end" : 322,
      "text" : "de",
      "whiteSpace" : false
    }, {
      "id" : "s1-t42",
      "begin" : 323,
      "end" : 330,
      "text" : "Cultura",
      "whiteSpace" : false
    }, {
      "id" : "s1-t43",
      "begin" : 331,
      "end" : 337,
      "text" : "Cidade",
      "whiteSpace" : false
    }, {
      "id" : "s1-t44",
      "begin" : 338,
      "end" : 340,
      "text" : "do",
      "whiteSpace" : false
    }, {
      "id" : "s1-t45",
      "begin" : 341,
      "end" : 347,
      "text" : "Recife",
      "whiteSpace" : false
    }, {
      "id" : "s1-t46",
      "begin" : 348,
      "end" : 349,
      "text" : "-",
      "whiteSpace" : false
    }, {
      "id" : "s1-t47",
      "begin" : 350,
      "end" : 354,
      "text" : "FCCR",
      "whiteSpace" : false
    }, {
      "id" : "s1-t48",
      "begin" : 354,
      "end" : 355,
      "text" : ",",
      "whiteSpace" : false
    }, {
      "id" : "s1-t49",
      "begin" : 356,
      "end" : 357,
      "text" : "a",
      "whiteSpace" : false
    }, {
      "id" : "s1-t50",
      "begin" : 358,
      "end" : 364,
      "text" : "contar",
      "whiteSpace" : false
    }, {
      "id" : "s1-t51",
      "begin" : 365,
      "end" : 367,
      "text" : "de",
      "whiteSpace" : false
    }, {
      "id" : "s1-t52",
      "begin" : 368,
      "end" : 370,
      "text" : "01",
      "whiteSpace" : false
    }, {
      "id" : "s1-t53",
      "begin" : 371,
      "end" : 373,
      "text" : "de",
      "whiteSpace" : false
    }, {
      "id" : "s1-t54",
      "begin" : 374,
      "end" : 382,
      "text" : "novembro",
      "whiteSpace" : false
    }, {
      "id" : "s1-t55",
      "begin" : 383,
      "end" : 385,
      "text" : "de",
      "whiteSpace" : false
    }, {
      "id" : "s1-t56",
      "begin" : 386,
      "end" : 390,
      "text" : "2021",
      "whiteSpace" : false
    }, {
      "id" : "s1-t57",
      "begin" : 390,
      "end" : 391,
      "text" : ".",
      "whiteSpace" : false
    } ]
  } ],
  "mentions" : [ {
    "id" : "s0-m1",
    "properties" : {
      "SIRE_MENTION_ROLE" : "portaria",
      "SIRE_ENTITY_SUBTYPE" : "NONE",
      "SIRE_MENTION_TYPE" : "NONE",
      "SIRE_MENTION_CLASS" : "SPC"
    },
    "type" : "portaria",
    "begin" : 12,
    "end" : 16,
    "inCoref" : false
  }, {
    "id" : "s0-m2",
    "properties" : {
      "SIRE_MENTION_ROLE" : "dia",
      "SIRE_ENTITY_SUBTYPE" : "NONE",
      "SIRE_MENTION_TYPE" : "NONE",
      "SIRE_MENTION_CLASS" : "SPC"
    },
    "type" : "dia",
    "begin" : 20,
    "end" : 22,
    "inCoref" : false
  }, {
    "id" : "s0-m3",
    "properties" : {
      "SIRE_MENTION_ROLE" : "mes",
      "SIRE_ENTITY_SUBTYPE" : "NONE",
      "SIRE_MENTION_TYPE" : "NONE",
      "SIRE_MENTION_CLASS" : "SPC"
    },
    "type" : "mes",
    "begin" : 26,
    "end" : 34,
    "inCoref" : false
  }, {
    "id" : "s0-m4",
    "properties" : {
      "SIRE_MENTION_ROLE" : "ano",
      "SIRE_ENTITY_SUBTYPE" : "NONE",
      "SIRE_MENTION_TYPE" : "NONE",
      "SIRE_MENTION_CLASS" : "SPC"
    },
    "type" : "ano",
    "begin" : 38,
    "end" : 42,
    "inCoref" : false
  }, {
    "id" : "s1-m1",
    "properties" : {
      "SIRE_MENTION_ROLE" : "ato",
      "SIRE_ENTITY_SUBTYPE" : "NONE",
      "SIRE_MENTION_TYPE" : "NONE",
      "SIRE_MENTION_CLASS" : "SPC"
    },
    "type" : "ato",
    "begin" : 170,
    "end" : 178,
    "inCoref" : false
  }, {
    "id" : "s1-m2",
    "properties" : {
      "SIRE_MENTION_ROLE" : "nome",
      "SIRE_ENTITY_SUBTYPE" : "NONE",
      "SIRE_MENTION_TYPE" : "NONE",
      "SIRE_MENTION_CLASS" : "SPC"
    },
    "type" : "nome",
    "begin" : 179,
    "end" : 197,
    "inCoref" : false
  }, {
    "id" : "s1-m3",
    "properties" : {
      "SIRE_MENTION_ROLE" : "cargo",
      "SIRE_ENTITY_SUBTYPE" : "NONE",
      "SIRE_MENTION_TYPE" : "NONE",
      "SIRE_MENTION_CLASS" : "SPC"
    },
    "type" : "cargo",
    "begin" : 260,
    "end" : 288,
    "inCoref" : false
  } ],
  "relations" : [ ],
  "corefs" : [ ],
  "typeResolved" : true,
  "userResolved" : false
}