{
  "id" : "ed03c910-7022-11ec-85e7-8327690ca1b0-0",
  "name" : "buffer_rio_nom_01.txt",
  "createdDate" : 0,
  "version" : 3,
  "text" : "RESOLUÇÃO “P” Nº 761 DE 22 DE FEVEREIRO DE 2013\nO SECRETÁRIO CHEFE DA SECRETARIA MUNICIPAL DA CASA CI-\nVIL, no uso das atribuições que lhe são conferidas pela legislação em vigor,\n\nRESOLVE\nNomear ANDREA DA SILVA GALLO DE CASTRO, matrícula 11/114.447-6, \nAgente Auxiliar de Administração, para exercer o Cargo em Comissão de \nAssessor de Gestão Institucional, símbolo DAS-08, código 030123, da Co-\nordenadoria Especial de Gestão Institucional, da Secretaria Municipal da \nCasa Civil.\n",
  "docLength" : 0,
  "language" : "PT",
  "status" : "IN_PROGRESS",
  "modifiedDate" : 1641605633585,
  "documentSet" : [ ],
  "preannotation" : [ ],
  "sentences" : [ {
    "id" : "s0",
    "begin" : 0,
    "end" : 179,
    "text" : "RESOLUÇÃO “P” Nº 761 DE 22 DE FEVEREIRO DE 2013\nO SECRETÁRIO CHEFE DA SECRETARIA MUNICIPAL DA CASA CI-\nVIL, no uso das atribuições que lhe são conferidas pela legislação em vigor,",
    "tokens" : [ {
      "id" : "s0-t0",
      "begin" : 0,
      "end" : 9,
      "text" : "RESOLUÇÃO",
      "whiteSpace" : false
    }, {
      "id" : "s0-t1",
      "begin" : 10,
      "end" : 11,
      "text" : "“",
      "whiteSpace" : false
    }, {
      "id" : "s0-t2",
      "begin" : 11,
      "end" : 12,
      "text" : "P",
      "whiteSpace" : false
    }, {
      "id" : "s0-t3",
      "begin" : 12,
      "end" : 13,
      "text" : "”",
      "whiteSpace" : false
    }, {
      "id" : "s0-t4",
      "begin" : 14,
      "end" : 16,
      "text" : "Nº",
      "whiteSpace" : false
    }, {
      "id" : "s0-t5",
      "begin" : 17,
      "end" : 20,
      "text" : "761",
      "whiteSpace" : false
    }, {
      "id" : "s0-t6",
      "begin" : 21,
      "end" : 23,
      "text" : "DE",
      "whiteSpace" : false
    }, {
      "id" : "s0-t7",
      "begin" : 24,
      "end" : 26,
      "text" : "22",
      "whiteSpace" : false
    }, {
      "id" : "s0-t8",
      "begin" : 27,
      "end" : 29,
      "text" : "DE",
      "whiteSpace" : false
    }, {
      "id" : "s0-t9",
      "begin" : 30,
      "end" : 39,
      "text" : "FEVEREIRO",
      "whiteSpace" : false
    }, {
      "id" : "s0-t10",
      "begin" : 40,
      "end" : 42,
      "text" : "DE",
      "whiteSpace" : false
    }, {
      "id" : "s0-t11",
      "begin" : 43,
      "end" : 47,
      "text" : "2013",
      "whiteSpace" : false
    }, {
      "id" : "s0-t12",
      "begin" : 48,
      "end" : 49,
      "text" : "O",
      "whiteSpace" : false
    }, {
      "id" : "s0-t13",
      "begin" : 50,
      "end" : 60,
      "text" : "SECRETÁRIO",
      "whiteSpace" : false
    }, {
      "id" : "s0-t14",
      "begin" : 61,
      "end" : 66,
      "text" : "CHEFE",
      "whiteSpace" : false
    }, {
      "id" : "s0-t15",
      "begin" : 67,
      "end" : 69,
      "text" : "DA",
      "whiteSpace" : false
    }, {
      "id" : "s0-t16",
      "begin" : 70,
      "end" : 80,
      "text" : "SECRETARIA",
      "whiteSpace" : false
    }, {
      "id" : "s0-t17",
      "begin" : 81,
      "end" : 90,
      "text" : "MUNICIPAL",
      "whiteSpace" : false
    }, {
      "id" : "s0-t18",
      "begin" : 91,
      "end" : 93,
      "text" : "DA",
      "whiteSpace" : false
    }, {
      "id" : "s0-t19",
      "begin" : 94,
      "end" : 98,
      "text" : "CASA",
      "whiteSpace" : false
    }, {
      "id" : "s0-t20",
      "begin" : 99,
      "end" : 101,
      "text" : "CI",
      "whiteSpace" : false
    }, {
      "id" : "s0-t21",
      "begin" : 101,
      "end" : 102,
      "text" : "-",
      "whiteSpace" : false
    }, {
      "id" : "s0-t22",
      "begin" : 103,
      "end" : 106,
      "text" : "VIL",
      "whiteSpace" : false
    }, {
      "id" : "s0-t23",
      "begin" : 106,
      "end" : 107,
      "text" : ",",
      "whiteSpace" : false
    }, {
      "id" : "s0-t24",
      "begin" : 108,
      "end" : 110,
      "text" : "no",
      "whiteSpace" : false
    }, {
      "id" : "s0-t25",
      "begin" : 111,
      "end" : 114,
      "text" : "uso",
      "whiteSpace" : false
    }, {
      "id" : "s0-t26",
      "begin" : 115,
      "end" : 118,
      "text" : "das",
      "whiteSpace" : false
    }, {
      "id" : "s0-t27",
      "begin" : 119,
      "end" : 130,
      "text" : "atribuições",
      "whiteSpace" : false
    }, {
      "id" : "s0-t28",
      "begin" : 131,
      "end" : 134,
      "text" : "que",
      "whiteSpace" : false
    }, {
      "id" : "s0-t29",
      "begin" : 135,
      "end" : 138,
      "text" : "lhe",
      "whiteSpace" : false
    }, {
      "id" : "s0-t30",
      "begin" : 139,
      "end" : 142,
      "text" : "são",
      "whiteSpace" : false
    }, {
      "id" : "s0-t31",
      "begin" : 143,
      "end" : 153,
      "text" : "conferidas",
      "whiteSpace" : false
    }, {
      "id" : "s0-t32",
      "begin" : 154,
      "end" : 158,
      "text" : "pela",
      "whiteSpace" : false
    }, {
      "id" : "s0-t33",
      "begin" : 159,
      "end" : 169,
      "text" : "legislação",
      "whiteSpace" : false
    }, {
      "id" : "s0-t34",
      "begin" : 170,
      "end" : 172,
      "text" : "em",
      "whiteSpace" : false
    }, {
      "id" : "s0-t35",
      "begin" : 173,
      "end" : 178,
      "text" : "vigor",
      "whiteSpace" : false
    }, {
      "id" : "s0-t36",
      "begin" : 178,
      "end" : 179,
      "text" : ",",
      "whiteSpace" : false
    } ]
  }, {
    "id" : "s1",
    "begin" : 181,
    "end" : 482,
    "text" : "RESOLVE\nNomear ANDREA DA SILVA GALLO DE CASTRO, matrícula 11/114.447-6, \nAgente Auxiliar de Administração, para exercer o Cargo em Comissão de \nAssessor de Gestão Institucional, símbolo DAS-08, código 030123, da Co-\nordenadoria Especial de Gestão Institucional, da Secretaria Municipal da \nCasa Civil.",
    "tokens" : [ {
      "id" : "s1-t0",
      "begin" : 181,
      "end" : 188,
      "text" : "RESOLVE",
      "whiteSpace" : false
    }, {
      "id" : "s1-t1",
      "begin" : 189,
      "end" : 195,
      "text" : "Nomear",
      "whiteSpace" : false
    }, {
      "id" : "s1-t2",
      "begin" : 196,
      "end" : 202,
      "text" : "ANDREA",
      "whiteSpace" : false
    }, {
      "id" : "s1-t3",
      "begin" : 203,
      "end" : 205,
      "text" : "DA",
      "whiteSpace" : false
    }, {
      "id" : "s1-t4",
      "begin" : 206,
      "end" : 211,
      "text" : "SILVA",
      "whiteSpace" : false
    }, {
      "id" : "s1-t5",
      "begin" : 212,
      "end" : 217,
      "text" : "GALLO",
      "whiteSpace" : false
    }, {
      "id" : "s1-t6",
      "begin" : 218,
      "end" : 220,
      "text" : "DE",
      "whiteSpace" : false
    }, {
      "id" : "s1-t7",
      "begin" : 221,
      "end" : 227,
      "text" : "CASTRO",
      "whiteSpace" : false
    }, {
      "id" : "s1-t8",
      "begin" : 227,
      "end" : 228,
      "text" : ",",
      "whiteSpace" : false
    }, {
      "id" : "s1-t9",
      "begin" : 229,
      "end" : 238,
      "text" : "matrícula",
      "whiteSpace" : false
    }, {
      "id" : "s1-t10",
      "begin" : 239,
      "end" : 241,
      "text" : "11",
      "whiteSpace" : false
    }, {
      "id" : "s1-t11",
      "begin" : 241,
      "end" : 251,
      "text" : "/114.447-6",
      "whiteSpace" : false
    }, {
      "id" : "s1-t12",
      "begin" : 251,
      "end" : 252,
      "text" : ",",
      "whiteSpace" : false
    }, {
      "id" : "s1-t13",
      "begin" : 254,
      "end" : 260,
      "text" : "Agente",
      "whiteSpace" : false
    }, {
      "id" : "s1-t14",
      "begin" : 261,
      "end" : 269,
      "text" : "Auxiliar",
      "whiteSpace" : false
    }, {
      "id" : "s1-t15",
      "begin" : 270,
      "end" : 272,
      "text" : "de",
      "whiteSpace" : false
    }, {
      "id" : "s1-t16",
      "begin" : 273,
      "end" : 286,
      "text" : "Administração",
      "whiteSpace" : false
    }, {
      "id" : "s1-t17",
      "begin" : 286,
      "end" : 287,
      "text" : ",",
      "whiteSpace" : false
    }, {
      "id" : "s1-t18",
      "begin" : 288,
      "end" : 292,
      "text" : "para",
      "whiteSpace" : false
    }, {
      "id" : "s1-t19",
      "begin" : 293,
      "end" : 300,
      "text" : "exercer",
      "whiteSpace" : false
    }, {
      "id" : "s1-t20",
      "begin" : 301,
      "end" : 302,
      "text" : "o",
      "whiteSpace" : false
    }, {
      "id" : "s1-t21",
      "begin" : 303,
      "end" : 308,
      "text" : "Cargo",
      "whiteSpace" : false
    }, {
      "id" : "s1-t22",
      "begin" : 309,
      "end" : 311,
      "text" : "em",
      "whiteSpace" : false
    }, {
      "id" : "s1-t23",
      "begin" : 312,
      "end" : 320,
      "text" : "Comissão",
      "whiteSpace" : false
    }, {
      "id" : "s1-t24",
      "begin" : 321,
      "end" : 323,
      "text" : "de",
      "whiteSpace" : false
    }, {
      "id" : "s1-t25",
      "begin" : 325,
      "end" : 333,
      "text" : "Assessor",
      "whiteSpace" : false
    }, {
      "id" : "s1-t26",
      "begin" : 334,
      "end" : 336,
      "text" : "de",
      "whiteSpace" : false
    }, {
      "id" : "s1-t27",
      "begin" : 337,
      "end" : 343,
      "text" : "Gestão",
      "whiteSpace" : false
    }, {
      "id" : "s1-t28",
      "begin" : 344,
      "end" : 357,
      "text" : "Institucional",
      "whiteSpace" : false
    }, {
      "id" : "s1-t29",
      "begin" : 357,
      "end" : 358,
      "text" : ",",
      "whiteSpace" : false
    }, {
      "id" : "s1-t30",
      "begin" : 359,
      "end" : 366,
      "text" : "símbolo",
      "whiteSpace" : false
    }, {
      "id" : "s1-t31",
      "begin" : 367,
      "end" : 373,
      "text" : "DAS-08",
      "whiteSpace" : false
    }, {
      "id" : "s1-t32",
      "begin" : 373,
      "end" : 374,
      "text" : ",",
      "whiteSpace" : false
    }, {
      "id" : "s1-t33",
      "begin" : 375,
      "end" : 381,
      "text" : "código",
      "whiteSpace" : false
    }, {
      "id" : "s1-t34",
      "begin" : 382,
      "end" : 388,
      "text" : "030123",
      "whiteSpace" : false
    }, {
      "id" : "s1-t35",
      "begin" : 388,
      "end" : 389,
      "text" : ",",
      "whiteSpace" : false
    }, {
      "id" : "s1-t36",
      "begin" : 390,
      "end" : 392,
      "text" : "da",
      "whiteSpace" : false
    }, {
      "id" : "s1-t37",
      "begin" : 393,
      "end" : 395,
      "text" : "Co",
      "whiteSpace" : false
    }, {
      "id" : "s1-t38",
      "begin" : 395,
      "end" : 396,
      "text" : "-",
      "whiteSpace" : false
    }, {
      "id" : "s1-t39",
      "begin" : 397,
      "end" : 408,
      "text" : "ordenadoria",
      "whiteSpace" : false
    }, {
      "id" : "s1-t40",
      "begin" : 409,
      "end" : 417,
      "text" : "Especial",
      "whiteSpace" : false
    }, {
      "id" : "s1-t41",
      "begin" : 418,
      "end" : 420,
      "text" : "de",
      "whiteSpace" : false
    }, {
      "id" : "s1-t42",
      "begin" : 421,
      "end" : 427,
      "text" : "Gestão",
      "whiteSpace" : false
    }, {
      "id" : "s1-t43",
      "begin" : 428,
      "end" : 441,
      "text" : "Institucional",
      "whiteSpace" : false
    }, {
      "id" : "s1-t44",
      "begin" : 441,
      "end" : 442,
      "text" : ",",
      "whiteSpace" : false
    }, {
      "id" : "s1-t45",
      "begin" : 443,
      "end" : 445,
      "text" : "da",
      "whiteSpace" : false
    }, {
      "id" : "s1-t46",
      "begin" : 446,
      "end" : 456,
      "text" : "Secretaria",
      "whiteSpace" : false
    }, {
      "id" : "s1-t47",
      "begin" : 457,
      "end" : 466,
      "text" : "Municipal",
      "whiteSpace" : false
    }, {
      "id" : "s1-t48",
      "begin" : 467,
      "end" : 469,
      "text" : "da",
      "whiteSpace" : false
    }, {
      "id" : "s1-t49",
      "begin" : 471,
      "end" : 475,
      "text" : "Casa",
      "whiteSpace" : false
    }, {
      "id" : "s1-t50",
      "begin" : 476,
      "end" : 481,
      "text" : "Civil",
      "whiteSpace" : false
    }, {
      "id" : "s1-t51",
      "begin" : 481,
      "end" : 482,
      "text" : ".",
      "whiteSpace" : false
    } ]
  } ],
  "mentions" : [ {
    "id" : "s0-m1",
    "properties" : {
      "SIRE_MENTION_ROLE" : "portaria",
      "SIRE_ENTITY_SUBTYPE" : "NONE",
      "SIRE_MENTION_TYPE" : "NONE",
      "SIRE_MENTION_CLASS" : "SPC"
    },
    "type" : "portaria",
    "begin" : 17,
    "end" : 20,
    "inCoref" : false
  }, {
    "id" : "s0-m2",
    "properties" : {
      "SIRE_MENTION_ROLE" : "dia",
      "SIRE_ENTITY_SUBTYPE" : "NONE",
      "SIRE_MENTION_TYPE" : "NONE",
      "SIRE_MENTION_CLASS" : "SPC"
    },
    "type" : "dia",
    "begin" : 24,
    "end" : 26,
    "inCoref" : false
  }, {
    "id" : "s0-m3",
    "properties" : {
      "SIRE_MENTION_ROLE" : "mes",
      "SIRE_ENTITY_SUBTYPE" : "NONE",
      "SIRE_MENTION_TYPE" : "NONE",
      "SIRE_MENTION_CLASS" : "SPC"
    },
    "type" : "mes",
    "begin" : 30,
    "end" : 39,
    "inCoref" : false
  }, {
    "id" : "s0-m4",
    "properties" : {
      "SIRE_MENTION_ROLE" : "ano",
      "SIRE_ENTITY_SUBTYPE" : "NONE",
      "SIRE_MENTION_TYPE" : "NONE",
      "SIRE_MENTION_CLASS" : "SPC"
    },
    "type" : "ano",
    "begin" : 43,
    "end" : 47,
    "inCoref" : false
  }, {
    "id" : "s1-m1",
    "properties" : {
      "SIRE_MENTION_ROLE" : "ato",
      "SIRE_ENTITY_SUBTYPE" : "NONE",
      "SIRE_MENTION_TYPE" : "NONE",
      "SIRE_MENTION_CLASS" : "SPC"
    },
    "type" : "ato",
    "begin" : 189,
    "end" : 195,
    "inCoref" : false
  }, {
    "id" : "s1-m2",
    "properties" : {
      "SIRE_MENTION_ROLE" : "nome",
      "SIRE_ENTITY_SUBTYPE" : "NONE",
      "SIRE_MENTION_TYPE" : "NONE",
      "SIRE_MENTION_CLASS" : "SPC"
    },
    "type" : "nome",
    "begin" : 196,
    "end" : 227,
    "inCoref" : false
  }, {
    "id" : "s1-m3",
    "properties" : {
      "SIRE_MENTION_ROLE" : "cargo",
      "SIRE_ENTITY_SUBTYPE" : "NONE",
      "SIRE_MENTION_TYPE" : "NONE",
      "SIRE_MENTION_CLASS" : "SPC"
    },
    "type" : "cargo",
    "begin" : 325,
    "end" : 357,
    "inCoref" : false
  } ],
  "relations" : [ ],
  "corefs" : [ ],
  "typeResolved" : true,
  "userResolved" : false
}