{
  "id" : "ed03c910-7022-11ec-85e7-8327690ca1b0-9",
  "name" : "buffer_rio_nom_10.txt",
  "createdDate" : 0,
  "version" : 3,
  "text" : "RESOLUÇÕES SME “P” DE 22 DE FEVEREIRO DE 2013.\n\nA SECRETÁRIA MUNICIPAL DE EDUCAÇÃO, no uso das atribuições \nque lhe são conferidas pela legislação em vigor, tendo em vista o que \nconsta dos processos, considerando os termos do Decreto nº 30.344, de \n1º de janeiro de 2009 e do Decreto nº 31.619, de 18 de dezembro de \n2009, em conformidade com o Decreto nº 14.202, de 18 de setembro de \n1995 e com a Resolução SME nº 659, de 16 de julho de 1998,\n\nRESOLVE:\n\nnº 431 - Nomear ANDRÉA VIEIRA DE PAULA CARMO, PROFES-\nSOR II, matrícula 10/162796-7, para exercer o Cargo em Comis-\nsão de GERENTE III da Gerência de Recursos Humanos, símbolo \nDAS-06, código 031225, setor 10725 da 3ª Coordenadoria Regio-\nnal de Educação, da Secretaria Municipal de Educação, em vaga \ndecorrente da exoneração de ANGELA MARIA SOARES FONSECA \nHERMES, e considerá-la dispensada da Função Gratificada de AS-\nSISTENTE II, símbolo DAI-06, código 005758, setor 1604 da 3ª Coor-\ndenadoria Regional de Educação, desta Secretaria. (ref. ao processo \nn° 07/03/000290/2013).\n",
  "docLength" : 0,
  "language" : "PT",
  "status" : "IN_PROGRESS",
  "modifiedDate" : 1641951464764,
  "documentSet" : [ ],
  "preannotation" : [ ],
  "sentences" : [ {
    "id" : "s0",
    "begin" : 0,
    "end" : 46,
    "text" : "RESOLUÇÕES SME “P” DE 22 DE FEVEREIRO DE 2013.",
    "tokens" : [ {
      "id" : "s0-t0",
      "begin" : 0,
      "end" : 10,
      "text" : "RESOLUÇÕES",
      "whiteSpace" : false
    }, {
      "id" : "s0-t1",
      "begin" : 11,
      "end" : 14,
      "text" : "SME",
      "whiteSpace" : false
    }, {
      "id" : "s0-t2",
      "begin" : 15,
      "end" : 16,
      "text" : "“",
      "whiteSpace" : false
    }, {
      "id" : "s0-t3",
      "begin" : 16,
      "end" : 17,
      "text" : "P",
      "whiteSpace" : false
    }, {
      "id" : "s0-t4",
      "begin" : 17,
      "end" : 18,
      "text" : "”",
      "whiteSpace" : false
    }, {
      "id" : "s0-t5",
      "begin" : 19,
      "end" : 21,
      "text" : "DE",
      "whiteSpace" : false
    }, {
      "id" : "s0-t6",
      "begin" : 22,
      "end" : 24,
      "text" : "22",
      "whiteSpace" : false
    }, {
      "id" : "s0-t7",
      "begin" : 25,
      "end" : 27,
      "text" : "DE",
      "whiteSpace" : false
    }, {
      "id" : "s0-t8",
      "begin" : 28,
      "end" : 37,
      "text" : "FEVEREIRO",
      "whiteSpace" : false
    }, {
      "id" : "s0-t9",
      "begin" : 38,
      "end" : 40,
      "text" : "DE",
      "whiteSpace" : false
    }, {
      "id" : "s0-t10",
      "begin" : 41,
      "end" : 45,
      "text" : "2013",
      "whiteSpace" : false
    }, {
      "id" : "s0-t11",
      "begin" : 45,
      "end" : 46,
      "text" : ".",
      "whiteSpace" : false
    } ]
  }, {
    "id" : "s1",
    "begin" : 48,
    "end" : 445,
    "text" : "A SECRETÁRIA MUNICIPAL DE EDUCAÇÃO, no uso das atribuições \nque lhe são conferidas pela legislação em vigor, tendo em vista o que \nconsta dos processos, considerando os termos do Decreto nº 30.344, de \n1º de janeiro de 2009 e do Decreto nº 31.619, de 18 de dezembro de \n2009, em conformidade com o Decreto nº 14.202, de 18 de setembro de \n1995 e com a Resolução SME nº 659, de 16 de julho de 1998,",
    "tokens" : [ {
      "id" : "s1-t0",
      "begin" : 48,
      "end" : 49,
      "text" : "A",
      "whiteSpace" : false
    }, {
      "id" : "s1-t1",
      "begin" : 50,
      "end" : 60,
      "text" : "SECRETÁRIA",
      "whiteSpace" : false
    }, {
      "id" : "s1-t2",
      "begin" : 61,
      "end" : 70,
      "text" : "MUNICIPAL",
      "whiteSpace" : false
    }, {
      "id" : "s1-t3",
      "begin" : 71,
      "end" : 73,
      "text" : "DE",
      "whiteSpace" : false
    }, {
      "id" : "s1-t4",
      "begin" : 74,
      "end" : 82,
      "text" : "EDUCAÇÃO",
      "whiteSpace" : false
    }, {
      "id" : "s1-t5",
      "begin" : 82,
      "end" : 83,
      "text" : ",",
      "whiteSpace" : false
    }, {
      "id" : "s1-t6",
      "begin" : 84,
      "end" : 86,
      "text" : "no",
      "whiteSpace" : false
    }, {
      "id" : "s1-t7",
      "begin" : 87,
      "end" : 90,
      "text" : "uso",
      "whiteSpace" : false
    }, {
      "id" : "s1-t8",
      "begin" : 91,
      "end" : 94,
      "text" : "das",
      "whiteSpace" : false
    }, {
      "id" : "s1-t9",
      "begin" : 95,
      "end" : 106,
      "text" : "atribuições",
      "whiteSpace" : false
    }, {
      "id" : "s1-t10",
      "begin" : 108,
      "end" : 111,
      "text" : "que",
      "whiteSpace" : false
    }, {
      "id" : "s1-t11",
      "begin" : 112,
      "end" : 115,
      "text" : "lhe",
      "whiteSpace" : false
    }, {
      "id" : "s1-t12",
      "begin" : 116,
      "end" : 119,
      "text" : "são",
      "whiteSpace" : false
    }, {
      "id" : "s1-t13",
      "begin" : 120,
      "end" : 130,
      "text" : "conferidas",
      "whiteSpace" : false
    }, {
      "id" : "s1-t14",
      "begin" : 131,
      "end" : 135,
      "text" : "pela",
      "whiteSpace" : false
    }, {
      "id" : "s1-t15",
      "begin" : 136,
      "end" : 146,
      "text" : "legislação",
      "whiteSpace" : false
    }, {
      "id" : "s1-t16",
      "begin" : 147,
      "end" : 149,
      "text" : "em",
      "whiteSpace" : false
    }, {
      "id" : "s1-t17",
      "begin" : 150,
      "end" : 155,
      "text" : "vigor",
      "whiteSpace" : false
    }, {
      "id" : "s1-t18",
      "begin" : 155,
      "end" : 156,
      "text" : ",",
      "whiteSpace" : false
    }, {
      "id" : "s1-t19",
      "begin" : 157,
      "end" : 162,
      "text" : "tendo",
      "whiteSpace" : false
    }, {
      "id" : "s1-t20",
      "begin" : 163,
      "end" : 165,
      "text" : "em",
      "whiteSpace" : false
    }, {
      "id" : "s1-t21",
      "begin" : 166,
      "end" : 171,
      "text" : "vista",
      "whiteSpace" : false
    }, {
      "id" : "s1-t22",
      "begin" : 172,
      "end" : 173,
      "text" : "o",
      "whiteSpace" : false
    }, {
      "id" : "s1-t23",
      "begin" : 174,
      "end" : 177,
      "text" : "que",
      "whiteSpace" : false
    }, {
      "id" : "s1-t24",
      "begin" : 179,
      "end" : 185,
      "text" : "consta",
      "whiteSpace" : false
    }, {
      "id" : "s1-t25",
      "begin" : 186,
      "end" : 189,
      "text" : "dos",
      "whiteSpace" : false
    }, {
      "id" : "s1-t26",
      "begin" : 190,
      "end" : 199,
      "text" : "processos",
      "whiteSpace" : false
    }, {
      "id" : "s1-t27",
      "begin" : 199,
      "end" : 200,
      "text" : ",",
      "whiteSpace" : false
    }, {
      "id" : "s1-t28",
      "begin" : 201,
      "end" : 213,
      "text" : "considerando",
      "whiteSpace" : false
    }, {
      "id" : "s1-t29",
      "begin" : 214,
      "end" : 216,
      "text" : "os",
      "whiteSpace" : false
    }, {
      "id" : "s1-t30",
      "begin" : 217,
      "end" : 223,
      "text" : "termos",
      "whiteSpace" : false
    }, {
      "id" : "s1-t31",
      "begin" : 224,
      "end" : 226,
      "text" : "do",
      "whiteSpace" : false
    }, {
      "id" : "s1-t32",
      "begin" : 227,
      "end" : 234,
      "text" : "Decreto",
      "whiteSpace" : false
    }, {
      "id" : "s1-t33",
      "begin" : 235,
      "end" : 237,
      "text" : "nº",
      "whiteSpace" : false
    }, {
      "id" : "s1-t34",
      "begin" : 238,
      "end" : 244,
      "text" : "30.344",
      "whiteSpace" : false
    }, {
      "id" : "s1-t35",
      "begin" : 244,
      "end" : 245,
      "text" : ",",
      "whiteSpace" : false
    }, {
      "id" : "s1-t36",
      "begin" : 246,
      "end" : 248,
      "text" : "de",
      "whiteSpace" : false
    }, {
      "id" : "s1-t37",
      "begin" : 250,
      "end" : 252,
      "text" : "1º",
      "whiteSpace" : false
    }, {
      "id" : "s1-t38",
      "begin" : 253,
      "end" : 255,
      "text" : "de",
      "whiteSpace" : false
    }, {
      "id" : "s1-t39",
      "begin" : 256,
      "end" : 263,
      "text" : "janeiro",
      "whiteSpace" : false
    }, {
      "id" : "s1-t40",
      "begin" : 264,
      "end" : 266,
      "text" : "de",
      "whiteSpace" : false
    }, {
      "id" : "s1-t41",
      "begin" : 267,
      "end" : 271,
      "text" : "2009",
      "whiteSpace" : false
    }, {
      "id" : "s1-t42",
      "begin" : 272,
      "end" : 273,
      "text" : "e",
      "whiteSpace" : false
    }, {
      "id" : "s1-t43",
      "begin" : 274,
      "end" : 276,
      "text" : "do",
      "whiteSpace" : false
    }, {
      "id" : "s1-t44",
      "begin" : 277,
      "end" : 284,
      "text" : "Decreto",
      "whiteSpace" : false
    }, {
      "id" : "s1-t45",
      "begin" : 285,
      "end" : 287,
      "text" : "nº",
      "whiteSpace" : false
    }, {
      "id" : "s1-t46",
      "begin" : 288,
      "end" : 294,
      "text" : "31.619",
      "whiteSpace" : false
    }, {
      "id" : "s1-t47",
      "begin" : 294,
      "end" : 295,
      "text" : ",",
      "whiteSpace" : false
    }, {
      "id" : "s1-t48",
      "begin" : 296,
      "end" : 298,
      "text" : "de",
      "whiteSpace" : false
    }, {
      "id" : "s1-t49",
      "begin" : 299,
      "end" : 301,
      "text" : "18",
      "whiteSpace" : false
    }, {
      "id" : "s1-t50",
      "begin" : 302,
      "end" : 304,
      "text" : "de",
      "whiteSpace" : false
    }, {
      "id" : "s1-t51",
      "begin" : 305,
      "end" : 313,
      "text" : "dezembro",
      "whiteSpace" : false
    }, {
      "id" : "s1-t52",
      "begin" : 314,
      "end" : 316,
      "text" : "de",
      "whiteSpace" : false
    }, {
      "id" : "s1-t53",
      "begin" : 318,
      "end" : 322,
      "text" : "2009",
      "whiteSpace" : false
    }, {
      "id" : "s1-t54",
      "begin" : 322,
      "end" : 323,
      "text" : ",",
      "whiteSpace" : false
    }, {
      "id" : "s1-t55",
      "begin" : 324,
      "end" : 326,
      "text" : "em",
      "whiteSpace" : false
    }, {
      "id" : "s1-t56",
      "begin" : 327,
      "end" : 339,
      "text" : "conformidade",
      "whiteSpace" : false
    }, {
      "id" : "s1-t57",
      "begin" : 340,
      "end" : 343,
      "text" : "com",
      "whiteSpace" : false
    }, {
      "id" : "s1-t58",
      "begin" : 344,
      "end" : 345,
      "text" : "o",
      "whiteSpace" : false
    }, {
      "id" : "s1-t59",
      "begin" : 346,
      "end" : 353,
      "text" : "Decreto",
      "whiteSpace" : false
    }, {
      "id" : "s1-t60",
      "begin" : 354,
      "end" : 356,
      "text" : "nº",
      "whiteSpace" : false
    }, {
      "id" : "s1-t61",
      "begin" : 357,
      "end" : 363,
      "text" : "14.202",
      "whiteSpace" : false
    }, {
      "id" : "s1-t62",
      "begin" : 363,
      "end" : 364,
      "text" : ",",
      "whiteSpace" : false
    }, {
      "id" : "s1-t63",
      "begin" : 365,
      "end" : 367,
      "text" : "de",
      "whiteSpace" : false
    }, {
      "id" : "s1-t64",
      "begin" : 368,
      "end" : 370,
      "text" : "18",
      "whiteSpace" : false
    }, {
      "id" : "s1-t65",
      "begin" : 371,
      "end" : 373,
      "text" : "de",
      "whiteSpace" : false
    }, {
      "id" : "s1-t66",
      "begin" : 374,
      "end" : 382,
      "text" : "setembro",
      "whiteSpace" : false
    }, {
      "id" : "s1-t67",
      "begin" : 383,
      "end" : 385,
      "text" : "de",
      "whiteSpace" : false
    }, {
      "id" : "s1-t68",
      "begin" : 387,
      "end" : 391,
      "text" : "1995",
      "whiteSpace" : false
    }, {
      "id" : "s1-t69",
      "begin" : 392,
      "end" : 393,
      "text" : "e",
      "whiteSpace" : false
    }, {
      "id" : "s1-t70",
      "begin" : 394,
      "end" : 397,
      "text" : "com",
      "whiteSpace" : false
    }, {
      "id" : "s1-t71",
      "begin" : 398,
      "end" : 399,
      "text" : "a",
      "whiteSpace" : false
    }, {
      "id" : "s1-t72",
      "begin" : 400,
      "end" : 409,
      "text" : "Resolução",
      "whiteSpace" : false
    }, {
      "id" : "s1-t73",
      "begin" : 410,
      "end" : 413,
      "text" : "SME",
      "whiteSpace" : false
    }, {
      "id" : "s1-t74",
      "begin" : 414,
      "end" : 416,
      "text" : "nº",
      "whiteSpace" : false
    }, {
      "id" : "s1-t75",
      "begin" : 417,
      "end" : 420,
      "text" : "659",
      "whiteSpace" : false
    }, {
      "id" : "s1-t76",
      "begin" : 420,
      "end" : 421,
      "text" : ",",
      "whiteSpace" : false
    }, {
      "id" : "s1-t77",
      "begin" : 422,
      "end" : 424,
      "text" : "de",
      "whiteSpace" : false
    }, {
      "id" : "s1-t78",
      "begin" : 425,
      "end" : 427,
      "text" : "16",
      "whiteSpace" : false
    }, {
      "id" : "s1-t79",
      "begin" : 428,
      "end" : 430,
      "text" : "de",
      "whiteSpace" : false
    }, {
      "id" : "s1-t80",
      "begin" : 431,
      "end" : 436,
      "text" : "julho",
      "whiteSpace" : false
    }, {
      "id" : "s1-t81",
      "begin" : 437,
      "end" : 439,
      "text" : "de",
      "whiteSpace" : false
    }, {
      "id" : "s1-t82",
      "begin" : 440,
      "end" : 444,
      "text" : "1998",
      "whiteSpace" : false
    }, {
      "id" : "s1-t83",
      "begin" : 444,
      "end" : 445,
      "text" : ",",
      "whiteSpace" : false
    } ]
  }, {
    "id" : "s2",
    "begin" : 447,
    "end" : 455,
    "text" : "RESOLVE:",
    "tokens" : [ {
      "id" : "s2-t0",
      "begin" : 447,
      "end" : 454,
      "text" : "RESOLVE",
      "whiteSpace" : false
    }, {
      "id" : "s2-t1",
      "begin" : 454,
      "end" : 455,
      "text" : ":",
      "whiteSpace" : false
    } ]
  }, {
    "id" : "s3",
    "begin" : 457,
    "end" : 995,
    "text" : "nº 431 - Nomear ANDRÉA VIEIRA DE PAULA CARMO, PROFES-\nSOR II, matrícula 10/162796-7, para exercer o Cargo em Comis-\nsão de GERENTE III da Gerência de Recursos Humanos, símbolo \nDAS-06, código 031225, setor 10725 da 3ª Coordenadoria Regio-\nnal de Educação, da Secretaria Municipal de Educação, em vaga \ndecorrente da exoneração de ANGELA MARIA SOARES FONSECA \nHERMES, e considerá-la dispensada da Função Gratificada de AS-\nSISTENTE II, símbolo DAI-06, código 005758, setor 1604 da 3ª Coor-\ndenadoria Regional de Educação, desta Secretaria.",
    "tokens" : [ {
      "id" : "s3-t0",
      "begin" : 457,
      "end" : 459,
      "text" : "nº",
      "whiteSpace" : false
    }, {
      "id" : "s3-t1",
      "begin" : 460,
      "end" : 463,
      "text" : "431",
      "whiteSpace" : false
    }, {
      "id" : "s3-t2",
      "begin" : 464,
      "end" : 465,
      "text" : "-",
      "whiteSpace" : false
    }, {
      "id" : "s3-t3",
      "begin" : 466,
      "end" : 472,
      "text" : "Nomear",
      "whiteSpace" : false
    }, {
      "id" : "s3-t4",
      "begin" : 473,
      "end" : 479,
      "text" : "ANDRÉA",
      "whiteSpace" : false
    }, {
      "id" : "s3-t5",
      "begin" : 480,
      "end" : 486,
      "text" : "VIEIRA",
      "whiteSpace" : false
    }, {
      "id" : "s3-t6",
      "begin" : 487,
      "end" : 489,
      "text" : "DE",
      "whiteSpace" : false
    }, {
      "id" : "s3-t7",
      "begin" : 490,
      "end" : 495,
      "text" : "PAULA",
      "whiteSpace" : false
    }, {
      "id" : "s3-t8",
      "begin" : 496,
      "end" : 501,
      "text" : "CARMO",
      "whiteSpace" : false
    }, {
      "id" : "s3-t9",
      "begin" : 501,
      "end" : 502,
      "text" : ",",
      "whiteSpace" : false
    }, {
      "id" : "s3-t10",
      "begin" : 503,
      "end" : 509,
      "text" : "PROFES",
      "whiteSpace" : false
    }, {
      "id" : "s3-t11",
      "begin" : 509,
      "end" : 510,
      "text" : "-",
      "whiteSpace" : false
    }, {
      "id" : "s3-t12",
      "begin" : 511,
      "end" : 514,
      "text" : "SOR",
      "whiteSpace" : false
    }, {
      "id" : "s3-t13",
      "begin" : 515,
      "end" : 517,
      "text" : "II",
      "whiteSpace" : false
    }, {
      "id" : "s3-t14",
      "begin" : 517,
      "end" : 518,
      "text" : ",",
      "whiteSpace" : false
    }, {
      "id" : "s3-t15",
      "begin" : 519,
      "end" : 528,
      "text" : "matrícula",
      "whiteSpace" : false
    }, {
      "id" : "s3-t16",
      "begin" : 529,
      "end" : 531,
      "text" : "10",
      "whiteSpace" : false
    }, {
      "id" : "s3-t17",
      "begin" : 531,
      "end" : 540,
      "text" : "/162796-7",
      "whiteSpace" : false
    }, {
      "id" : "s3-t18",
      "begin" : 540,
      "end" : 541,
      "text" : ",",
      "whiteSpace" : false
    }, {
      "id" : "s3-t19",
      "begin" : 542,
      "end" : 546,
      "text" : "para",
      "whiteSpace" : false
    }, {
      "id" : "s3-t20",
      "begin" : 547,
      "end" : 554,
      "text" : "exercer",
      "whiteSpace" : false
    }, {
      "id" : "s3-t21",
      "begin" : 555,
      "end" : 556,
      "text" : "o",
      "whiteSpace" : false
    }, {
      "id" : "s3-t22",
      "begin" : 557,
      "end" : 562,
      "text" : "Cargo",
      "whiteSpace" : false
    }, {
      "id" : "s3-t23",
      "begin" : 563,
      "end" : 565,
      "text" : "em",
      "whiteSpace" : false
    }, {
      "id" : "s3-t24",
      "begin" : 566,
      "end" : 571,
      "text" : "Comis",
      "whiteSpace" : false
    }, {
      "id" : "s3-t25",
      "begin" : 571,
      "end" : 572,
      "text" : "-",
      "whiteSpace" : false
    }, {
      "id" : "s3-t26",
      "begin" : 573,
      "end" : 576,
      "text" : "são",
      "whiteSpace" : false
    }, {
      "id" : "s3-t27",
      "begin" : 577,
      "end" : 579,
      "text" : "de",
      "whiteSpace" : false
    }, {
      "id" : "s3-t28",
      "begin" : 580,
      "end" : 587,
      "text" : "GERENTE",
      "whiteSpace" : false
    }, {
      "id" : "s3-t29",
      "begin" : 588,
      "end" : 591,
      "text" : "III",
      "whiteSpace" : false
    }, {
      "id" : "s3-t30",
      "begin" : 592,
      "end" : 594,
      "text" : "da",
      "whiteSpace" : false
    }, {
      "id" : "s3-t31",
      "begin" : 595,
      "end" : 603,
      "text" : "Gerência",
      "whiteSpace" : false
    }, {
      "id" : "s3-t32",
      "begin" : 604,
      "end" : 606,
      "text" : "de",
      "whiteSpace" : false
    }, {
      "id" : "s3-t33",
      "begin" : 607,
      "end" : 615,
      "text" : "Recursos",
      "whiteSpace" : false
    }, {
      "id" : "s3-t34",
      "begin" : 616,
      "end" : 623,
      "text" : "Humanos",
      "whiteSpace" : false
    }, {
      "id" : "s3-t35",
      "begin" : 623,
      "end" : 624,
      "text" : ",",
      "whiteSpace" : false
    }, {
      "id" : "s3-t36",
      "begin" : 625,
      "end" : 632,
      "text" : "símbolo",
      "whiteSpace" : false
    }, {
      "id" : "s3-t37",
      "begin" : 634,
      "end" : 640,
      "text" : "DAS-06",
      "whiteSpace" : false
    }, {
      "id" : "s3-t38",
      "begin" : 640,
      "end" : 641,
      "text" : ",",
      "whiteSpace" : false
    }, {
      "id" : "s3-t39",
      "begin" : 642,
      "end" : 648,
      "text" : "código",
      "whiteSpace" : false
    }, {
      "id" : "s3-t40",
      "begin" : 649,
      "end" : 655,
      "text" : "031225",
      "whiteSpace" : false
    }, {
      "id" : "s3-t41",
      "begin" : 655,
      "end" : 656,
      "text" : ",",
      "whiteSpace" : false
    }, {
      "id" : "s3-t42",
      "begin" : 657,
      "end" : 662,
      "text" : "setor",
      "whiteSpace" : false
    }, {
      "id" : "s3-t43",
      "begin" : 663,
      "end" : 668,
      "text" : "10725",
      "whiteSpace" : false
    }, {
      "id" : "s3-t44",
      "begin" : 669,
      "end" : 671,
      "text" : "da",
      "whiteSpace" : false
    }, {
      "id" : "s3-t45",
      "begin" : 672,
      "end" : 674,
      "text" : "3ª",
      "whiteSpace" : false
    }, {
      "id" : "s3-t46",
      "begin" : 675,
      "end" : 688,
      "text" : "Coordenadoria",
      "whiteSpace" : false
    }, {
      "id" : "s3-t47",
      "begin" : 689,
      "end" : 694,
      "text" : "Regio",
      "whiteSpace" : false
    }, {
      "id" : "s3-t48",
      "begin" : 694,
      "end" : 695,
      "text" : "-",
      "whiteSpace" : false
    }, {
      "id" : "s3-t49",
      "begin" : 696,
      "end" : 699,
      "text" : "nal",
      "whiteSpace" : false
    }, {
      "id" : "s3-t50",
      "begin" : 700,
      "end" : 702,
      "text" : "de",
      "whiteSpace" : false
    }, {
      "id" : "s3-t51",
      "begin" : 703,
      "end" : 711,
      "text" : "Educação",
      "whiteSpace" : false
    }, {
      "id" : "s3-t52",
      "begin" : 711,
      "end" : 712,
      "text" : ",",
      "whiteSpace" : false
    }, {
      "id" : "s3-t53",
      "begin" : 713,
      "end" : 715,
      "text" : "da",
      "whiteSpace" : false
    }, {
      "id" : "s3-t54",
      "begin" : 716,
      "end" : 726,
      "text" : "Secretaria",
      "whiteSpace" : false
    }, {
      "id" : "s3-t55",
      "begin" : 727,
      "end" : 736,
      "text" : "Municipal",
      "whiteSpace" : false
    }, {
      "id" : "s3-t56",
      "begin" : 737,
      "end" : 739,
      "text" : "de",
      "whiteSpace" : false
    }, {
      "id" : "s3-t57",
      "begin" : 740,
      "end" : 748,
      "text" : "Educação",
      "whiteSpace" : false
    }, {
      "id" : "s3-t58",
      "begin" : 748,
      "end" : 749,
      "text" : ",",
      "whiteSpace" : false
    }, {
      "id" : "s3-t59",
      "begin" : 750,
      "end" : 752,
      "text" : "em",
      "whiteSpace" : false
    }, {
      "id" : "s3-t60",
      "begin" : 753,
      "end" : 757,
      "text" : "vaga",
      "whiteSpace" : false
    }, {
      "id" : "s3-t61",
      "begin" : 759,
      "end" : 769,
      "text" : "decorrente",
      "whiteSpace" : false
    }, {
      "id" : "s3-t62",
      "begin" : 770,
      "end" : 772,
      "text" : "da",
      "whiteSpace" : false
    }, {
      "id" : "s3-t63",
      "begin" : 773,
      "end" : 783,
      "text" : "exoneração",
      "whiteSpace" : false
    }, {
      "id" : "s3-t64",
      "begin" : 784,
      "end" : 786,
      "text" : "de",
      "whiteSpace" : false
    }, {
      "id" : "s3-t65",
      "begin" : 787,
      "end" : 793,
      "text" : "ANGELA",
      "whiteSpace" : false
    }, {
      "id" : "s3-t66",
      "begin" : 794,
      "end" : 799,
      "text" : "MARIA",
      "whiteSpace" : false
    }, {
      "id" : "s3-t67",
      "begin" : 800,
      "end" : 806,
      "text" : "SOARES",
      "whiteSpace" : false
    }, {
      "id" : "s3-t68",
      "begin" : 807,
      "end" : 814,
      "text" : "FONSECA",
      "whiteSpace" : false
    }, {
      "id" : "s3-t69",
      "begin" : 816,
      "end" : 822,
      "text" : "HERMES",
      "whiteSpace" : false
    }, {
      "id" : "s3-t70",
      "begin" : 822,
      "end" : 823,
      "text" : ",",
      "whiteSpace" : false
    }, {
      "id" : "s3-t71",
      "begin" : 824,
      "end" : 825,
      "text" : "e",
      "whiteSpace" : false
    }, {
      "id" : "s3-t72",
      "begin" : 826,
      "end" : 838,
      "text" : "considerá-la",
      "whiteSpace" : false
    }, {
      "id" : "s3-t73",
      "begin" : 839,
      "end" : 849,
      "text" : "dispensada",
      "whiteSpace" : false
    }, {
      "id" : "s3-t74",
      "begin" : 850,
      "end" : 852,
      "text" : "da",
      "whiteSpace" : false
    }, {
      "id" : "s3-t75",
      "begin" : 853,
      "end" : 859,
      "text" : "Função",
      "whiteSpace" : false
    }, {
      "id" : "s3-t76",
      "begin" : 860,
      "end" : 871,
      "text" : "Gratificada",
      "whiteSpace" : false
    }, {
      "id" : "s3-t77",
      "begin" : 872,
      "end" : 874,
      "text" : "de",
      "whiteSpace" : false
    }, {
      "id" : "s3-t78",
      "begin" : 875,
      "end" : 877,
      "text" : "AS",
      "whiteSpace" : false
    }, {
      "id" : "s3-t79",
      "begin" : 877,
      "end" : 878,
      "text" : "-",
      "whiteSpace" : false
    }, {
      "id" : "s3-t80",
      "begin" : 879,
      "end" : 887,
      "text" : "SISTENTE",
      "whiteSpace" : false
    }, {
      "id" : "s3-t81",
      "begin" : 888,
      "end" : 890,
      "text" : "II",
      "whiteSpace" : false
    }, {
      "id" : "s3-t82",
      "begin" : 890,
      "end" : 891,
      "text" : ",",
      "whiteSpace" : false
    }, {
      "id" : "s3-t83",
      "begin" : 892,
      "end" : 899,
      "text" : "símbolo",
      "whiteSpace" : false
    }, {
      "id" : "s3-t84",
      "begin" : 900,
      "end" : 906,
      "text" : "DAI-06",
      "whiteSpace" : false
    }, {
      "id" : "s3-t85",
      "begin" : 906,
      "end" : 907,
      "text" : ",",
      "whiteSpace" : false
    }, {
      "id" : "s3-t86",
      "begin" : 908,
      "end" : 914,
      "text" : "código",
      "whiteSpace" : false
    }, {
      "id" : "s3-t87",
      "begin" : 915,
      "end" : 921,
      "text" : "005758",
      "whiteSpace" : false
    }, {
      "id" : "s3-t88",
      "begin" : 921,
      "end" : 922,
      "text" : ",",
      "whiteSpace" : false
    }, {
      "id" : "s3-t89",
      "begin" : 923,
      "end" : 928,
      "text" : "setor",
      "whiteSpace" : false
    }, {
      "id" : "s3-t90",
      "begin" : 929,
      "end" : 933,
      "text" : "1604",
      "whiteSpace" : false
    }, {
      "id" : "s3-t91",
      "begin" : 934,
      "end" : 936,
      "text" : "da",
      "whiteSpace" : false
    }, {
      "id" : "s3-t92",
      "begin" : 937,
      "end" : 939,
      "text" : "3ª",
      "whiteSpace" : false
    }, {
      "id" : "s3-t93",
      "begin" : 940,
      "end" : 944,
      "text" : "Coor",
      "whiteSpace" : false
    }, {
      "id" : "s3-t94",
      "begin" : 944,
      "end" : 945,
      "text" : "-",
      "whiteSpace" : false
    }, {
      "id" : "s3-t95",
      "begin" : 946,
      "end" : 955,
      "text" : "denadoria",
      "whiteSpace" : false
    }, {
      "id" : "s3-t96",
      "begin" : 956,
      "end" : 964,
      "text" : "Regional",
      "whiteSpace" : false
    }, {
      "id" : "s3-t97",
      "begin" : 965,
      "end" : 967,
      "text" : "de",
      "whiteSpace" : false
    }, {
      "id" : "s3-t98",
      "begin" : 968,
      "end" : 976,
      "text" : "Educação",
      "whiteSpace" : false
    }, {
      "id" : "s3-t99",
      "begin" : 976,
      "end" : 977,
      "text" : ",",
      "whiteSpace" : false
    }, {
      "id" : "s3-t100",
      "begin" : 978,
      "end" : 983,
      "text" : "desta",
      "whiteSpace" : false
    }, {
      "id" : "s3-t101",
      "begin" : 984,
      "end" : 994,
      "text" : "Secretaria",
      "whiteSpace" : false
    }, {
      "id" : "s3-t102",
      "begin" : 994,
      "end" : 995,
      "text" : ".",
      "whiteSpace" : false
    } ]
  }, {
    "id" : "s4",
    "begin" : 996,
    "end" : 1037,
    "text" : "(ref. ao processo \nn° 07/03/000290/2013).",
    "tokens" : [ {
      "id" : "s4-t0",
      "begin" : 996,
      "end" : 997,
      "text" : "(",
      "whiteSpace" : false
    }, {
      "id" : "s4-t1",
      "begin" : 997,
      "end" : 1001,
      "text" : "ref.",
      "whiteSpace" : false
    }, {
      "id" : "s4-t2",
      "begin" : 1002,
      "end" : 1004,
      "text" : "ao",
      "whiteSpace" : false
    }, {
      "id" : "s4-t3",
      "begin" : 1005,
      "end" : 1013,
      "text" : "processo",
      "whiteSpace" : false
    }, {
      "id" : "s4-t4",
      "begin" : 1015,
      "end" : 1016,
      "text" : "n",
      "whiteSpace" : false
    }, {
      "id" : "s4-t5",
      "begin" : 1016,
      "end" : 1017,
      "text" : "°",
      "whiteSpace" : false
    }, {
      "id" : "s4-t6",
      "begin" : 1018,
      "end" : 1035,
      "text" : "07/03/000290/2013",
      "whiteSpace" : false
    }, {
      "id" : "s4-t7",
      "begin" : 1035,
      "end" : 1036,
      "text" : ")",
      "whiteSpace" : false
    }, {
      "id" : "s4-t8",
      "begin" : 1036,
      "end" : 1037,
      "text" : ".",
      "whiteSpace" : false
    } ]
  } ],
  "mentions" : [ {
    "id" : "s0-m1",
    "properties" : {
      "SIRE_MENTION_ROLE" : "dia",
      "SIRE_ENTITY_SUBTYPE" : "NONE",
      "SIRE_MENTION_TYPE" : "NONE",
      "SIRE_MENTION_CLASS" : "SPC"
    },
    "type" : "dia",
    "begin" : 22,
    "end" : 24,
    "inCoref" : false
  }, {
    "id" : "s0-m2",
    "properties" : {
      "SIRE_MENTION_ROLE" : "mes",
      "SIRE_ENTITY_SUBTYPE" : "NONE",
      "SIRE_MENTION_TYPE" : "NONE",
      "SIRE_MENTION_CLASS" : "SPC"
    },
    "type" : "mes",
    "begin" : 28,
    "end" : 37,
    "inCoref" : false
  }, {
    "id" : "s0-m3",
    "properties" : {
      "SIRE_MENTION_ROLE" : "ano",
      "SIRE_ENTITY_SUBTYPE" : "NONE",
      "SIRE_MENTION_TYPE" : "NONE",
      "SIRE_MENTION_CLASS" : "SPC"
    },
    "type" : "ano",
    "begin" : 41,
    "end" : 45,
    "inCoref" : false
  }, {
    "id" : "s3-m2",
    "properties" : {
      "SIRE_MENTION_ROLE" : "portaria",
      "SIRE_ENTITY_SUBTYPE" : "NONE",
      "SIRE_MENTION_TYPE" : "NONE",
      "SIRE_MENTION_CLASS" : "SPC"
    },
    "type" : "portaria",
    "begin" : 460,
    "end" : 463,
    "inCoref" : false
  }, {
    "id" : "s3-m3",
    "properties" : {
      "SIRE_MENTION_ROLE" : "ato",
      "SIRE_ENTITY_SUBTYPE" : "NONE",
      "SIRE_MENTION_TYPE" : "NONE",
      "SIRE_MENTION_CLASS" : "SPC"
    },
    "type" : "ato",
    "begin" : 466,
    "end" : 472,
    "inCoref" : false
  }, {
    "id" : "s3-m4",
    "properties" : {
      "SIRE_MENTION_ROLE" : "nome",
      "SIRE_ENTITY_SUBTYPE" : "NONE",
      "SIRE_MENTION_TYPE" : "NONE",
      "SIRE_MENTION_CLASS" : "SPC"
    },
    "type" : "nome",
    "begin" : 473,
    "end" : 501,
    "inCoref" : false
  }, {
    "id" : "s3-m5",
    "properties" : {
      "SIRE_MENTION_ROLE" : "cargo",
      "SIRE_ENTITY_SUBTYPE" : "NONE",
      "SIRE_MENTION_TYPE" : "NONE",
      "SIRE_MENTION_CLASS" : "SPC"
    },
    "type" : "cargo",
    "begin" : 580,
    "end" : 591,
    "inCoref" : false
  }, {
    "id" : "s3-m6",
    "properties" : {
      "SIRE_MENTION_ROLE" : "ato",
      "SIRE_ENTITY_SUBTYPE" : "NONE",
      "SIRE_MENTION_TYPE" : "NONE",
      "SIRE_MENTION_CLASS" : "SPC"
    },
    "type" : "ato",
    "begin" : 773,
    "end" : 783,
    "inCoref" : false
  }, {
    "id" : "s3-m7",
    "properties" : {
      "SIRE_MENTION_ROLE" : "nome",
      "SIRE_ENTITY_SUBTYPE" : "NONE",
      "SIRE_MENTION_TYPE" : "NONE",
      "SIRE_MENTION_CLASS" : "SPC"
    },
    "type" : "nome",
    "begin" : 787,
    "end" : 822,
    "inCoref" : false
  }, {
    "id" : "s3-m8",
    "properties" : {
      "SIRE_MENTION_ROLE" : "cargo",
      "SIRE_ENTITY_SUBTYPE" : "NONE",
      "SIRE_MENTION_TYPE" : "NONE",
      "SIRE_MENTION_CLASS" : "SPC"
    },
    "type" : "cargo",
    "begin" : 875,
    "end" : 890,
    "inCoref" : false
  } ],
  "relations" : [ ],
  "corefs" : [ ],
  "typeResolved" : true,
  "userResolved" : false
}