{
  "id" : "ed03c910-7022-11ec-85e7-8327690ca1b0-6",
  "name" : "buffer_rio_nom_07.txt",
  "createdDate" : 0,
  "version" : 3,
  "text" : "RESOLUÇÃO “P” N.º 701 DE 6 DE FEVEREIRO DE 2013*\nO SECRETÁRIO CHEFE DA SECRETARIA MUNICIPAL DA CASA CI-\nVIL, no uso das atribuições que lhe são conferidas pela legislação em vigor,\n\nRESOLVE\nNomear yURI ROSÁRIO DUARTE, matrícula 11/255.847-6, Analista de \nPlanejamento e Orçamento, para exercer o Cargo em Comissão de Geren-\nte I, símbolo DAS-08, código 038135, da Gerência de Análise e Acompa-\nnhamento de Despesa, da Administração Setorial, da Secretaria Especial \nde Abastecimento e Segurança Alimentar, mantida sua vinculação com o \nSistema Municipal de Orçamento.\n",
  "docLength" : 0,
  "language" : "PT",
  "status" : "IN_PROGRESS",
  "modifiedDate" : 1641605827913,
  "documentSet" : [ ],
  "preannotation" : [ ],
  "sentences" : [ {
    "id" : "s0",
    "begin" : 0,
    "end" : 180,
    "text" : "RESOLUÇÃO “P” N.º 701 DE 6 DE FEVEREIRO DE 2013*\nO SECRETÁRIO CHEFE DA SECRETARIA MUNICIPAL DA CASA CI-\nVIL, no uso das atribuições que lhe são conferidas pela legislação em vigor,",
    "tokens" : [ {
      "id" : "s0-t0",
      "begin" : 0,
      "end" : 9,
      "text" : "RESOLUÇÃO",
      "whiteSpace" : false
    }, {
      "id" : "s0-t1",
      "begin" : 10,
      "end" : 11,
      "text" : "“",
      "whiteSpace" : false
    }, {
      "id" : "s0-t2",
      "begin" : 11,
      "end" : 12,
      "text" : "P",
      "whiteSpace" : false
    }, {
      "id" : "s0-t3",
      "begin" : 12,
      "end" : 13,
      "text" : "”",
      "whiteSpace" : false
    }, {
      "id" : "s0-t4",
      "begin" : 14,
      "end" : 16,
      "text" : "N.",
      "whiteSpace" : false
    }, {
      "id" : "s0-t5",
      "begin" : 16,
      "end" : 17,
      "text" : "º",
      "whiteSpace" : false
    }, {
      "id" : "s0-t6",
      "begin" : 18,
      "end" : 21,
      "text" : "701",
      "whiteSpace" : false
    }, {
      "id" : "s0-t7",
      "begin" : 22,
      "end" : 24,
      "text" : "DE",
      "whiteSpace" : false
    }, {
      "id" : "s0-t8",
      "begin" : 25,
      "end" : 26,
      "text" : "6",
      "whiteSpace" : false
    }, {
      "id" : "s0-t9",
      "begin" : 27,
      "end" : 29,
      "text" : "DE",
      "whiteSpace" : false
    }, {
      "id" : "s0-t10",
      "begin" : 30,
      "end" : 39,
      "text" : "FEVEREIRO",
      "whiteSpace" : false
    }, {
      "id" : "s0-t11",
      "begin" : 40,
      "end" : 42,
      "text" : "DE",
      "whiteSpace" : false
    }, {
      "id" : "s0-t12",
      "begin" : 43,
      "end" : 47,
      "text" : "2013",
      "whiteSpace" : false
    }, {
      "id" : "s0-t13",
      "begin" : 47,
      "end" : 48,
      "text" : "*",
      "whiteSpace" : false
    }, {
      "id" : "s0-t14",
      "begin" : 49,
      "end" : 50,
      "text" : "O",
      "whiteSpace" : false
    }, {
      "id" : "s0-t15",
      "begin" : 51,
      "end" : 61,
      "text" : "SECRETÁRIO",
      "whiteSpace" : false
    }, {
      "id" : "s0-t16",
      "begin" : 62,
      "end" : 67,
      "text" : "CHEFE",
      "whiteSpace" : false
    }, {
      "id" : "s0-t17",
      "begin" : 68,
      "end" : 70,
      "text" : "DA",
      "whiteSpace" : false
    }, {
      "id" : "s0-t18",
      "begin" : 71,
      "end" : 81,
      "text" : "SECRETARIA",
      "whiteSpace" : false
    }, {
      "id" : "s0-t19",
      "begin" : 82,
      "end" : 91,
      "text" : "MUNICIPAL",
      "whiteSpace" : false
    }, {
      "id" : "s0-t20",
      "begin" : 92,
      "end" : 94,
      "text" : "DA",
      "whiteSpace" : false
    }, {
      "id" : "s0-t21",
      "begin" : 95,
      "end" : 99,
      "text" : "CASA",
      "whiteSpace" : false
    }, {
      "id" : "s0-t22",
      "begin" : 100,
      "end" : 102,
      "text" : "CI",
      "whiteSpace" : false
    }, {
      "id" : "s0-t23",
      "begin" : 102,
      "end" : 103,
      "text" : "-",
      "whiteSpace" : false
    }, {
      "id" : "s0-t24",
      "begin" : 104,
      "end" : 107,
      "text" : "VIL",
      "whiteSpace" : false
    }, {
      "id" : "s0-t25",
      "begin" : 107,
      "end" : 108,
      "text" : ",",
      "whiteSpace" : false
    }, {
      "id" : "s0-t26",
      "begin" : 109,
      "end" : 111,
      "text" : "no",
      "whiteSpace" : false
    }, {
      "id" : "s0-t27",
      "begin" : 112,
      "end" : 115,
      "text" : "uso",
      "whiteSpace" : false
    }, {
      "id" : "s0-t28",
      "begin" : 116,
      "end" : 119,
      "text" : "das",
      "whiteSpace" : false
    }, {
      "id" : "s0-t29",
      "begin" : 120,
      "end" : 131,
      "text" : "atribuições",
      "whiteSpace" : false
    }, {
      "id" : "s0-t30",
      "begin" : 132,
      "end" : 135,
      "text" : "que",
      "whiteSpace" : false
    }, {
      "id" : "s0-t31",
      "begin" : 136,
      "end" : 139,
      "text" : "lhe",
      "whiteSpace" : false
    }, {
      "id" : "s0-t32",
      "begin" : 140,
      "end" : 143,
      "text" : "são",
      "whiteSpace" : false
    }, {
      "id" : "s0-t33",
      "begin" : 144,
      "end" : 154,
      "text" : "conferidas",
      "whiteSpace" : false
    }, {
      "id" : "s0-t34",
      "begin" : 155,
      "end" : 159,
      "text" : "pela",
      "whiteSpace" : false
    }, {
      "id" : "s0-t35",
      "begin" : 160,
      "end" : 170,
      "text" : "legislação",
      "whiteSpace" : false
    }, {
      "id" : "s0-t36",
      "begin" : 171,
      "end" : 173,
      "text" : "em",
      "whiteSpace" : false
    }, {
      "id" : "s0-t37",
      "begin" : 174,
      "end" : 179,
      "text" : "vigor",
      "whiteSpace" : false
    }, {
      "id" : "s0-t38",
      "begin" : 179,
      "end" : 180,
      "text" : ",",
      "whiteSpace" : false
    } ]
  }, {
    "id" : "s1",
    "begin" : 182,
    "end" : 567,
    "text" : "RESOLVE\nNomear yURI ROSÁRIO DUARTE, matrícula 11/255.847-6, Analista de \nPlanejamento e Orçamento, para exercer o Cargo em Comissão de Geren-\nte I, símbolo DAS-08, código 038135, da Gerência de Análise e Acompa-\nnhamento de Despesa, da Administração Setorial, da Secretaria Especial \nde Abastecimento e Segurança Alimentar, mantida sua vinculação com o \nSistema Municipal de Orçamento.",
    "tokens" : [ {
      "id" : "s1-t0",
      "begin" : 182,
      "end" : 189,
      "text" : "RESOLVE",
      "whiteSpace" : false
    }, {
      "id" : "s1-t1",
      "begin" : 190,
      "end" : 196,
      "text" : "Nomear",
      "whiteSpace" : false
    }, {
      "id" : "s1-t2",
      "begin" : 197,
      "end" : 201,
      "text" : "yURI",
      "whiteSpace" : false
    }, {
      "id" : "s1-t3",
      "begin" : 202,
      "end" : 209,
      "text" : "ROSÁRIO",
      "whiteSpace" : false
    }, {
      "id" : "s1-t4",
      "begin" : 210,
      "end" : 216,
      "text" : "DUARTE",
      "whiteSpace" : false
    }, {
      "id" : "s1-t5",
      "begin" : 216,
      "end" : 217,
      "text" : ",",
      "whiteSpace" : false
    }, {
      "id" : "s1-t6",
      "begin" : 218,
      "end" : 227,
      "text" : "matrícula",
      "whiteSpace" : false
    }, {
      "id" : "s1-t7",
      "begin" : 228,
      "end" : 230,
      "text" : "11",
      "whiteSpace" : false
    }, {
      "id" : "s1-t8",
      "begin" : 230,
      "end" : 240,
      "text" : "/255.847-6",
      "whiteSpace" : false
    }, {
      "id" : "s1-t9",
      "begin" : 240,
      "end" : 241,
      "text" : ",",
      "whiteSpace" : false
    }, {
      "id" : "s1-t10",
      "begin" : 242,
      "end" : 250,
      "text" : "Analista",
      "whiteSpace" : false
    }, {
      "id" : "s1-t11",
      "begin" : 251,
      "end" : 253,
      "text" : "de",
      "whiteSpace" : false
    }, {
      "id" : "s1-t12",
      "begin" : 255,
      "end" : 267,
      "text" : "Planejamento",
      "whiteSpace" : false
    }, {
      "id" : "s1-t13",
      "begin" : 268,
      "end" : 269,
      "text" : "e",
      "whiteSpace" : false
    }, {
      "id" : "s1-t14",
      "begin" : 270,
      "end" : 279,
      "text" : "Orçamento",
      "whiteSpace" : false
    }, {
      "id" : "s1-t15",
      "begin" : 279,
      "end" : 280,
      "text" : ",",
      "whiteSpace" : false
    }, {
      "id" : "s1-t16",
      "begin" : 281,
      "end" : 285,
      "text" : "para",
      "whiteSpace" : false
    }, {
      "id" : "s1-t17",
      "begin" : 286,
      "end" : 293,
      "text" : "exercer",
      "whiteSpace" : false
    }, {
      "id" : "s1-t18",
      "begin" : 294,
      "end" : 295,
      "text" : "o",
      "whiteSpace" : false
    }, {
      "id" : "s1-t19",
      "begin" : 296,
      "end" : 301,
      "text" : "Cargo",
      "whiteSpace" : false
    }, {
      "id" : "s1-t20",
      "begin" : 302,
      "end" : 304,
      "text" : "em",
      "whiteSpace" : false
    }, {
      "id" : "s1-t21",
      "begin" : 305,
      "end" : 313,
      "text" : "Comissão",
      "whiteSpace" : false
    }, {
      "id" : "s1-t22",
      "begin" : 314,
      "end" : 316,
      "text" : "de",
      "whiteSpace" : false
    }, {
      "id" : "s1-t23",
      "begin" : 317,
      "end" : 322,
      "text" : "Geren",
      "whiteSpace" : false
    }, {
      "id" : "s1-t24",
      "begin" : 322,
      "end" : 323,
      "text" : "-",
      "whiteSpace" : false
    }, {
      "id" : "s1-t25",
      "begin" : 324,
      "end" : 326,
      "text" : "te",
      "whiteSpace" : false
    }, {
      "id" : "s1-t26",
      "begin" : 327,
      "end" : 328,
      "text" : "I",
      "whiteSpace" : false
    }, {
      "id" : "s1-t27",
      "begin" : 328,
      "end" : 329,
      "text" : ",",
      "whiteSpace" : false
    }, {
      "id" : "s1-t28",
      "begin" : 330,
      "end" : 337,
      "text" : "símbolo",
      "whiteSpace" : false
    }, {
      "id" : "s1-t29",
      "begin" : 338,
      "end" : 344,
      "text" : "DAS-08",
      "whiteSpace" : false
    }, {
      "id" : "s1-t30",
      "begin" : 344,
      "end" : 345,
      "text" : ",",
      "whiteSpace" : false
    }, {
      "id" : "s1-t31",
      "begin" : 346,
      "end" : 352,
      "text" : "código",
      "whiteSpace" : false
    }, {
      "id" : "s1-t32",
      "begin" : 353,
      "end" : 359,
      "text" : "038135",
      "whiteSpace" : false
    }, {
      "id" : "s1-t33",
      "begin" : 359,
      "end" : 360,
      "text" : ",",
      "whiteSpace" : false
    }, {
      "id" : "s1-t34",
      "begin" : 361,
      "end" : 363,
      "text" : "da",
      "whiteSpace" : false
    }, {
      "id" : "s1-t35",
      "begin" : 364,
      "end" : 372,
      "text" : "Gerência",
      "whiteSpace" : false
    }, {
      "id" : "s1-t36",
      "begin" : 373,
      "end" : 375,
      "text" : "de",
      "whiteSpace" : false
    }, {
      "id" : "s1-t37",
      "begin" : 376,
      "end" : 383,
      "text" : "Análise",
      "whiteSpace" : false
    }, {
      "id" : "s1-t38",
      "begin" : 384,
      "end" : 385,
      "text" : "e",
      "whiteSpace" : false
    }, {
      "id" : "s1-t39",
      "begin" : 386,
      "end" : 392,
      "text" : "Acompa",
      "whiteSpace" : false
    }, {
      "id" : "s1-t40",
      "begin" : 392,
      "end" : 393,
      "text" : "-",
      "whiteSpace" : false
    }, {
      "id" : "s1-t41",
      "begin" : 394,
      "end" : 402,
      "text" : "nhamento",
      "whiteSpace" : false
    }, {
      "id" : "s1-t42",
      "begin" : 403,
      "end" : 405,
      "text" : "de",
      "whiteSpace" : false
    }, {
      "id" : "s1-t43",
      "begin" : 406,
      "end" : 413,
      "text" : "Despesa",
      "whiteSpace" : false
    }, {
      "id" : "s1-t44",
      "begin" : 413,
      "end" : 414,
      "text" : ",",
      "whiteSpace" : false
    }, {
      "id" : "s1-t45",
      "begin" : 415,
      "end" : 417,
      "text" : "da",
      "whiteSpace" : false
    }, {
      "id" : "s1-t46",
      "begin" : 418,
      "end" : 431,
      "text" : "Administração",
      "whiteSpace" : false
    }, {
      "id" : "s1-t47",
      "begin" : 432,
      "end" : 440,
      "text" : "Setorial",
      "whiteSpace" : false
    }, {
      "id" : "s1-t48",
      "begin" : 440,
      "end" : 441,
      "text" : ",",
      "whiteSpace" : false
    }, {
      "id" : "s1-t49",
      "begin" : 442,
      "end" : 444,
      "text" : "da",
      "whiteSpace" : false
    }, {
      "id" : "s1-t50",
      "begin" : 445,
      "end" : 455,
      "text" : "Secretaria",
      "whiteSpace" : false
    }, {
      "id" : "s1-t51",
      "begin" : 456,
      "end" : 464,
      "text" : "Especial",
      "whiteSpace" : false
    }, {
      "id" : "s1-t52",
      "begin" : 466,
      "end" : 468,
      "text" : "de",
      "whiteSpace" : false
    }, {
      "id" : "s1-t53",
      "begin" : 469,
      "end" : 482,
      "text" : "Abastecimento",
      "whiteSpace" : false
    }, {
      "id" : "s1-t54",
      "begin" : 483,
      "end" : 484,
      "text" : "e",
      "whiteSpace" : false
    }, {
      "id" : "s1-t55",
      "begin" : 485,
      "end" : 494,
      "text" : "Segurança",
      "whiteSpace" : false
    }, {
      "id" : "s1-t56",
      "begin" : 495,
      "end" : 504,
      "text" : "Alimentar",
      "whiteSpace" : false
    }, {
      "id" : "s1-t57",
      "begin" : 504,
      "end" : 505,
      "text" : ",",
      "whiteSpace" : false
    }, {
      "id" : "s1-t58",
      "begin" : 506,
      "end" : 513,
      "text" : "mantida",
      "whiteSpace" : false
    }, {
      "id" : "s1-t59",
      "begin" : 514,
      "end" : 517,
      "text" : "sua",
      "whiteSpace" : false
    }, {
      "id" : "s1-t60",
      "begin" : 518,
      "end" : 528,
      "text" : "vinculação",
      "whiteSpace" : false
    }, {
      "id" : "s1-t61",
      "begin" : 529,
      "end" : 532,
      "text" : "com",
      "whiteSpace" : false
    }, {
      "id" : "s1-t62",
      "begin" : 533,
      "end" : 534,
      "text" : "o",
      "whiteSpace" : false
    }, {
      "id" : "s1-t63",
      "begin" : 536,
      "end" : 543,
      "text" : "Sistema",
      "whiteSpace" : false
    }, {
      "id" : "s1-t64",
      "begin" : 544,
      "end" : 553,
      "text" : "Municipal",
      "whiteSpace" : false
    }, {
      "id" : "s1-t65",
      "begin" : 554,
      "end" : 556,
      "text" : "de",
      "whiteSpace" : false
    }, {
      "id" : "s1-t66",
      "begin" : 557,
      "end" : 566,
      "text" : "Orçamento",
      "whiteSpace" : false
    }, {
      "id" : "s1-t67",
      "begin" : 566,
      "end" : 567,
      "text" : ".",
      "whiteSpace" : false
    } ]
  } ],
  "mentions" : [ {
    "id" : "s0-m1",
    "properties" : {
      "SIRE_MENTION_ROLE" : "portaria",
      "SIRE_ENTITY_SUBTYPE" : "NONE",
      "SIRE_MENTION_TYPE" : "NONE",
      "SIRE_MENTION_CLASS" : "SPC"
    },
    "type" : "portaria",
    "begin" : 18,
    "end" : 21,
    "inCoref" : false
  }, {
    "id" : "s0-m2",
    "properties" : {
      "SIRE_MENTION_ROLE" : "dia",
      "SIRE_ENTITY_SUBTYPE" : "NONE",
      "SIRE_MENTION_TYPE" : "NONE",
      "SIRE_MENTION_CLASS" : "SPC"
    },
    "type" : "dia",
    "begin" : 25,
    "end" : 26,
    "inCoref" : false
  }, {
    "id" : "s0-m3",
    "properties" : {
      "SIRE_MENTION_ROLE" : "mes",
      "SIRE_ENTITY_SUBTYPE" : "NONE",
      "SIRE_MENTION_TYPE" : "NONE",
      "SIRE_MENTION_CLASS" : "SPC"
    },
    "type" : "mes",
    "begin" : 30,
    "end" : 39,
    "inCoref" : false
  }, {
    "id" : "s0-m4",
    "properties" : {
      "SIRE_MENTION_ROLE" : "ano",
      "SIRE_ENTITY_SUBTYPE" : "NONE",
      "SIRE_MENTION_TYPE" : "NONE",
      "SIRE_MENTION_CLASS" : "SPC"
    },
    "type" : "ano",
    "begin" : 43,
    "end" : 47,
    "inCoref" : false
  }, {
    "id" : "s1-m1",
    "properties" : {
      "SIRE_MENTION_ROLE" : "ato",
      "SIRE_ENTITY_SUBTYPE" : "NONE",
      "SIRE_MENTION_TYPE" : "NONE",
      "SIRE_MENTION_CLASS" : "SPC"
    },
    "type" : "ato",
    "begin" : 190,
    "end" : 196,
    "inCoref" : false
  }, {
    "id" : "s1-m2",
    "properties" : {
      "SIRE_MENTION_ROLE" : "nome",
      "SIRE_ENTITY_SUBTYPE" : "NONE",
      "SIRE_MENTION_TYPE" : "NONE",
      "SIRE_MENTION_CLASS" : "SPC"
    },
    "type" : "nome",
    "begin" : 197,
    "end" : 216,
    "inCoref" : false
  }, {
    "id" : "s1-m3",
    "properties" : {
      "SIRE_MENTION_ROLE" : "cargo",
      "SIRE_ENTITY_SUBTYPE" : "NONE",
      "SIRE_MENTION_TYPE" : "NONE",
      "SIRE_MENTION_CLASS" : "SPC"
    },
    "type" : "cargo",
    "begin" : 317,
    "end" : 328,
    "inCoref" : false
  } ],
  "relations" : [ ],
  "corefs" : [ ],
  "typeResolved" : true,
  "userResolved" : false
}