{
  "id" : "ed03c910-7022-11ec-85e7-8327690ca1b0-1",
  "name" : "buffer_rio_nom_02.txt",
  "createdDate" : 0,
  "version" : 3,
  "text" : "RESOLUÇÃO “P” Nº 762 DE 22 DE FEVEREIRO DE 2013\nO SECRETÁRIO CHEFE DA SECRETARIA MUNICIPAL DA CASA CI-\nVIL, no uso das atribuições que lhe são conferidas pela legislação em vigor,\n\nRESOLVE\nNomear PAULO HENRIQUE FERREIRA, para exercer o Cargo em Co-\nmissão de Gerente de Processo II, símbolo DAS-07, código 038283, da \nCoordenadoria Geral de Comunicação, da Secretaria Especial de Políticas \npara as Mulheres.\n",
  "docLength" : 0,
  "language" : "PT",
  "status" : "IN_PROGRESS",
  "modifiedDate" : 1641605690073,
  "documentSet" : [ ],
  "preannotation" : [ ],
  "sentences" : [ {
    "id" : "s0",
    "begin" : 0,
    "end" : 179,
    "text" : "RESOLUÇÃO “P” Nº 762 DE 22 DE FEVEREIRO DE 2013\nO SECRETÁRIO CHEFE DA SECRETARIA MUNICIPAL DA CASA CI-\nVIL, no uso das atribuições que lhe são conferidas pela legislação em vigor,",
    "tokens" : [ {
      "id" : "s0-t0",
      "begin" : 0,
      "end" : 9,
      "text" : "RESOLUÇÃO",
      "whiteSpace" : false
    }, {
      "id" : "s0-t1",
      "begin" : 10,
      "end" : 11,
      "text" : "“",
      "whiteSpace" : false
    }, {
      "id" : "s0-t2",
      "begin" : 11,
      "end" : 12,
      "text" : "P",
      "whiteSpace" : false
    }, {
      "id" : "s0-t3",
      "begin" : 12,
      "end" : 13,
      "text" : "”",
      "whiteSpace" : false
    }, {
      "id" : "s0-t4",
      "begin" : 14,
      "end" : 16,
      "text" : "Nº",
      "whiteSpace" : false
    }, {
      "id" : "s0-t5",
      "begin" : 17,
      "end" : 20,
      "text" : "762",
      "whiteSpace" : false
    }, {
      "id" : "s0-t6",
      "begin" : 21,
      "end" : 23,
      "text" : "DE",
      "whiteSpace" : false
    }, {
      "id" : "s0-t7",
      "begin" : 24,
      "end" : 26,
      "text" : "22",
      "whiteSpace" : false
    }, {
      "id" : "s0-t8",
      "begin" : 27,
      "end" : 29,
      "text" : "DE",
      "whiteSpace" : false
    }, {
      "id" : "s0-t9",
      "begin" : 30,
      "end" : 39,
      "text" : "FEVEREIRO",
      "whiteSpace" : false
    }, {
      "id" : "s0-t10",
      "begin" : 40,
      "end" : 42,
      "text" : "DE",
      "whiteSpace" : false
    }, {
      "id" : "s0-t11",
      "begin" : 43,
      "end" : 47,
      "text" : "2013",
      "whiteSpace" : false
    }, {
      "id" : "s0-t12",
      "begin" : 48,
      "end" : 49,
      "text" : "O",
      "whiteSpace" : false
    }, {
      "id" : "s0-t13",
      "begin" : 50,
      "end" : 60,
      "text" : "SECRETÁRIO",
      "whiteSpace" : false
    }, {
      "id" : "s0-t14",
      "begin" : 61,
      "end" : 66,
      "text" : "CHEFE",
      "whiteSpace" : false
    }, {
      "id" : "s0-t15",
      "begin" : 67,
      "end" : 69,
      "text" : "DA",
      "whiteSpace" : false
    }, {
      "id" : "s0-t16",
      "begin" : 70,
      "end" : 80,
      "text" : "SECRETARIA",
      "whiteSpace" : false
    }, {
      "id" : "s0-t17",
      "begin" : 81,
      "end" : 90,
      "text" : "MUNICIPAL",
      "whiteSpace" : false
    }, {
      "id" : "s0-t18",
      "begin" : 91,
      "end" : 93,
      "text" : "DA",
      "whiteSpace" : false
    }, {
      "id" : "s0-t19",
      "begin" : 94,
      "end" : 98,
      "text" : "CASA",
      "whiteSpace" : false
    }, {
      "id" : "s0-t20",
      "begin" : 99,
      "end" : 101,
      "text" : "CI",
      "whiteSpace" : false
    }, {
      "id" : "s0-t21",
      "begin" : 101,
      "end" : 102,
      "text" : "-",
      "whiteSpace" : false
    }, {
      "id" : "s0-t22",
      "begin" : 103,
      "end" : 106,
      "text" : "VIL",
      "whiteSpace" : false
    }, {
      "id" : "s0-t23",
      "begin" : 106,
      "end" : 107,
      "text" : ",",
      "whiteSpace" : false
    }, {
      "id" : "s0-t24",
      "begin" : 108,
      "end" : 110,
      "text" : "no",
      "whiteSpace" : false
    }, {
      "id" : "s0-t25",
      "begin" : 111,
      "end" : 114,
      "text" : "uso",
      "whiteSpace" : false
    }, {
      "id" : "s0-t26",
      "begin" : 115,
      "end" : 118,
      "text" : "das",
      "whiteSpace" : false
    }, {
      "id" : "s0-t27",
      "begin" : 119,
      "end" : 130,
      "text" : "atribuições",
      "whiteSpace" : false
    }, {
      "id" : "s0-t28",
      "begin" : 131,
      "end" : 134,
      "text" : "que",
      "whiteSpace" : false
    }, {
      "id" : "s0-t29",
      "begin" : 135,
      "end" : 138,
      "text" : "lhe",
      "whiteSpace" : false
    }, {
      "id" : "s0-t30",
      "begin" : 139,
      "end" : 142,
      "text" : "são",
      "whiteSpace" : false
    }, {
      "id" : "s0-t31",
      "begin" : 143,
      "end" : 153,
      "text" : "conferidas",
      "whiteSpace" : false
    }, {
      "id" : "s0-t32",
      "begin" : 154,
      "end" : 158,
      "text" : "pela",
      "whiteSpace" : false
    }, {
      "id" : "s0-t33",
      "begin" : 159,
      "end" : 169,
      "text" : "legislação",
      "whiteSpace" : false
    }, {
      "id" : "s0-t34",
      "begin" : 170,
      "end" : 172,
      "text" : "em",
      "whiteSpace" : false
    }, {
      "id" : "s0-t35",
      "begin" : 173,
      "end" : 178,
      "text" : "vigor",
      "whiteSpace" : false
    }, {
      "id" : "s0-t36",
      "begin" : 178,
      "end" : 179,
      "text" : ",",
      "whiteSpace" : false
    } ]
  }, {
    "id" : "s1",
    "begin" : 181,
    "end" : 408,
    "text" : "RESOLVE\nNomear PAULO HENRIQUE FERREIRA, para exercer o Cargo em Co-\nmissão de Gerente de Processo II, símbolo DAS-07, código 038283, da \nCoordenadoria Geral de Comunicação, da Secretaria Especial de Políticas \npara as Mulheres.",
    "tokens" : [ {
      "id" : "s1-t0",
      "begin" : 181,
      "end" : 188,
      "text" : "RESOLVE",
      "whiteSpace" : false
    }, {
      "id" : "s1-t1",
      "begin" : 189,
      "end" : 195,
      "text" : "Nomear",
      "whiteSpace" : false
    }, {
      "id" : "s1-t2",
      "begin" : 196,
      "end" : 201,
      "text" : "PAULO",
      "whiteSpace" : false
    }, {
      "id" : "s1-t3",
      "begin" : 202,
      "end" : 210,
      "text" : "HENRIQUE",
      "whiteSpace" : false
    }, {
      "id" : "s1-t4",
      "begin" : 211,
      "end" : 219,
      "text" : "FERREIRA",
      "whiteSpace" : false
    }, {
      "id" : "s1-t5",
      "begin" : 219,
      "end" : 220,
      "text" : ",",
      "whiteSpace" : false
    }, {
      "id" : "s1-t6",
      "begin" : 221,
      "end" : 225,
      "text" : "para",
      "whiteSpace" : false
    }, {
      "id" : "s1-t7",
      "begin" : 226,
      "end" : 233,
      "text" : "exercer",
      "whiteSpace" : false
    }, {
      "id" : "s1-t8",
      "begin" : 234,
      "end" : 235,
      "text" : "o",
      "whiteSpace" : false
    }, {
      "id" : "s1-t9",
      "begin" : 236,
      "end" : 241,
      "text" : "Cargo",
      "whiteSpace" : false
    }, {
      "id" : "s1-t10",
      "begin" : 242,
      "end" : 244,
      "text" : "em",
      "whiteSpace" : false
    }, {
      "id" : "s1-t11",
      "begin" : 245,
      "end" : 247,
      "text" : "Co",
      "whiteSpace" : false
    }, {
      "id" : "s1-t12",
      "begin" : 247,
      "end" : 248,
      "text" : "-",
      "whiteSpace" : false
    }, {
      "id" : "s1-t13",
      "begin" : 249,
      "end" : 255,
      "text" : "missão",
      "whiteSpace" : false
    }, {
      "id" : "s1-t14",
      "begin" : 256,
      "end" : 258,
      "text" : "de",
      "whiteSpace" : false
    }, {
      "id" : "s1-t15",
      "begin" : 259,
      "end" : 266,
      "text" : "Gerente",
      "whiteSpace" : false
    }, {
      "id" : "s1-t16",
      "begin" : 267,
      "end" : 269,
      "text" : "de",
      "whiteSpace" : false
    }, {
      "id" : "s1-t17",
      "begin" : 270,
      "end" : 278,
      "text" : "Processo",
      "whiteSpace" : false
    }, {
      "id" : "s1-t18",
      "begin" : 279,
      "end" : 281,
      "text" : "II",
      "whiteSpace" : false
    }, {
      "id" : "s1-t19",
      "begin" : 281,
      "end" : 282,
      "text" : ",",
      "whiteSpace" : false
    }, {
      "id" : "s1-t20",
      "begin" : 283,
      "end" : 290,
      "text" : "símbolo",
      "whiteSpace" : false
    }, {
      "id" : "s1-t21",
      "begin" : 291,
      "end" : 297,
      "text" : "DAS-07",
      "whiteSpace" : false
    }, {
      "id" : "s1-t22",
      "begin" : 297,
      "end" : 298,
      "text" : ",",
      "whiteSpace" : false
    }, {
      "id" : "s1-t23",
      "begin" : 299,
      "end" : 305,
      "text" : "código",
      "whiteSpace" : false
    }, {
      "id" : "s1-t24",
      "begin" : 306,
      "end" : 312,
      "text" : "038283",
      "whiteSpace" : false
    }, {
      "id" : "s1-t25",
      "begin" : 312,
      "end" : 313,
      "text" : ",",
      "whiteSpace" : false
    }, {
      "id" : "s1-t26",
      "begin" : 314,
      "end" : 316,
      "text" : "da",
      "whiteSpace" : false
    }, {
      "id" : "s1-t27",
      "begin" : 318,
      "end" : 331,
      "text" : "Coordenadoria",
      "whiteSpace" : false
    }, {
      "id" : "s1-t28",
      "begin" : 332,
      "end" : 337,
      "text" : "Geral",
      "whiteSpace" : false
    }, {
      "id" : "s1-t29",
      "begin" : 338,
      "end" : 340,
      "text" : "de",
      "whiteSpace" : false
    }, {
      "id" : "s1-t30",
      "begin" : 341,
      "end" : 352,
      "text" : "Comunicação",
      "whiteSpace" : false
    }, {
      "id" : "s1-t31",
      "begin" : 352,
      "end" : 353,
      "text" : ",",
      "whiteSpace" : false
    }, {
      "id" : "s1-t32",
      "begin" : 354,
      "end" : 356,
      "text" : "da",
      "whiteSpace" : false
    }, {
      "id" : "s1-t33",
      "begin" : 357,
      "end" : 367,
      "text" : "Secretaria",
      "whiteSpace" : false
    }, {
      "id" : "s1-t34",
      "begin" : 368,
      "end" : 376,
      "text" : "Especial",
      "whiteSpace" : false
    }, {
      "id" : "s1-t35",
      "begin" : 377,
      "end" : 379,
      "text" : "de",
      "whiteSpace" : false
    }, {
      "id" : "s1-t36",
      "begin" : 380,
      "end" : 389,
      "text" : "Políticas",
      "whiteSpace" : false
    }, {
      "id" : "s1-t37",
      "begin" : 391,
      "end" : 395,
      "text" : "para",
      "whiteSpace" : false
    }, {
      "id" : "s1-t38",
      "begin" : 396,
      "end" : 398,
      "text" : "as",
      "whiteSpace" : false
    }, {
      "id" : "s1-t39",
      "begin" : 399,
      "end" : 407,
      "text" : "Mulheres",
      "whiteSpace" : false
    }, {
      "id" : "s1-t40",
      "begin" : 407,
      "end" : 408,
      "text" : ".",
      "whiteSpace" : false
    } ]
  } ],
  "mentions" : [ {
    "id" : "s0-m1",
    "properties" : {
      "SIRE_MENTION_ROLE" : "portaria",
      "SIRE_ENTITY_SUBTYPE" : "NONE",
      "SIRE_MENTION_TYPE" : "NONE",
      "SIRE_MENTION_CLASS" : "SPC"
    },
    "type" : "portaria",
    "begin" : 17,
    "end" : 20,
    "inCoref" : false
  }, {
    "id" : "s0-m2",
    "properties" : {
      "SIRE_MENTION_ROLE" : "dia",
      "SIRE_ENTITY_SUBTYPE" : "NONE",
      "SIRE_MENTION_TYPE" : "NONE",
      "SIRE_MENTION_CLASS" : "SPC"
    },
    "type" : "dia",
    "begin" : 24,
    "end" : 26,
    "inCoref" : false
  }, {
    "id" : "s0-m3",
    "properties" : {
      "SIRE_MENTION_ROLE" : "mes",
      "SIRE_ENTITY_SUBTYPE" : "NONE",
      "SIRE_MENTION_TYPE" : "NONE",
      "SIRE_MENTION_CLASS" : "SPC"
    },
    "type" : "mes",
    "begin" : 30,
    "end" : 39,
    "inCoref" : false
  }, {
    "id" : "s0-m4",
    "properties" : {
      "SIRE_MENTION_ROLE" : "ano",
      "SIRE_ENTITY_SUBTYPE" : "NONE",
      "SIRE_MENTION_TYPE" : "NONE",
      "SIRE_MENTION_CLASS" : "SPC"
    },
    "type" : "ano",
    "begin" : 43,
    "end" : 47,
    "inCoref" : false
  }, {
    "id" : "s1-m1",
    "properties" : {
      "SIRE_MENTION_ROLE" : "ato",
      "SIRE_ENTITY_SUBTYPE" : "NONE",
      "SIRE_MENTION_TYPE" : "NONE",
      "SIRE_MENTION_CLASS" : "SPC"
    },
    "type" : "ato",
    "begin" : 189,
    "end" : 195,
    "inCoref" : false
  }, {
    "id" : "s1-m2",
    "properties" : {
      "SIRE_MENTION_ROLE" : "nome",
      "SIRE_ENTITY_SUBTYPE" : "NONE",
      "SIRE_MENTION_TYPE" : "NONE",
      "SIRE_MENTION_CLASS" : "SPC"
    },
    "type" : "nome",
    "begin" : 196,
    "end" : 219,
    "inCoref" : false
  }, {
    "id" : "s1-m3",
    "properties" : {
      "SIRE_MENTION_ROLE" : "cargo",
      "SIRE_ENTITY_SUBTYPE" : "NONE",
      "SIRE_MENTION_TYPE" : "NONE",
      "SIRE_MENTION_CLASS" : "SPC"
    },
    "type" : "cargo",
    "begin" : 259,
    "end" : 281,
    "inCoref" : false
  } ],
  "relations" : [ ],
  "corefs" : [ ],
  "typeResolved" : true,
  "userResolved" : false
}