{
  "id" : "ed03c910-7022-11ec-85e7-8327690ca1b0-2",
  "name" : "buffer_rio_nom_03.txt",
  "createdDate" : 0,
  "version" : 3,
  "text" : "RESOLUÇÃO “P” N.º 763 DE 22 DE FEVEREIRO DE 2013\nO SECRETÁRIO CHEFE DA SECRETARIA MUNICIPAL DA CASA CI-\nVIL, no uso das atribuições que lhe são conferidas pela legislação em vigor,\n\nRESOLVE\nNomear SELMA MARINA GONZAGA DOS SANTOS, matrícula 11/195.229-0, \nAgente de Administração, para exercer o Cargo em Comissão de Assistente I, \nsímbolo DAS-06, código 032415, da Casa Viva Mulher - Cora Coralina, da \nSecretaria Especial de Políticas para as Mulheres.\n",
  "docLength" : 0,
  "language" : "PT",
  "status" : "IN_PROGRESS",
  "modifiedDate" : 1641605713717,
  "documentSet" : [ ],
  "preannotation" : [ ],
  "sentences" : [ {
    "id" : "s0",
    "begin" : 0,
    "end" : 180,
    "text" : "RESOLUÇÃO “P” N.º 763 DE 22 DE FEVEREIRO DE 2013\nO SECRETÁRIO CHEFE DA SECRETARIA MUNICIPAL DA CASA CI-\nVIL, no uso das atribuições que lhe são conferidas pela legislação em vigor,",
    "tokens" : [ {
      "id" : "s0-t0",
      "begin" : 0,
      "end" : 9,
      "text" : "RESOLUÇÃO",
      "whiteSpace" : false
    }, {
      "id" : "s0-t1",
      "begin" : 10,
      "end" : 11,
      "text" : "“",
      "whiteSpace" : false
    }, {
      "id" : "s0-t2",
      "begin" : 11,
      "end" : 12,
      "text" : "P",
      "whiteSpace" : false
    }, {
      "id" : "s0-t3",
      "begin" : 12,
      "end" : 13,
      "text" : "”",
      "whiteSpace" : false
    }, {
      "id" : "s0-t4",
      "begin" : 14,
      "end" : 16,
      "text" : "N.",
      "whiteSpace" : false
    }, {
      "id" : "s0-t5",
      "begin" : 16,
      "end" : 17,
      "text" : "º",
      "whiteSpace" : false
    }, {
      "id" : "s0-t6",
      "begin" : 18,
      "end" : 21,
      "text" : "763",
      "whiteSpace" : false
    }, {
      "id" : "s0-t7",
      "begin" : 22,
      "end" : 24,
      "text" : "DE",
      "whiteSpace" : false
    }, {
      "id" : "s0-t8",
      "begin" : 25,
      "end" : 27,
      "text" : "22",
      "whiteSpace" : false
    }, {
      "id" : "s0-t9",
      "begin" : 28,
      "end" : 30,
      "text" : "DE",
      "whiteSpace" : false
    }, {
      "id" : "s0-t10",
      "begin" : 31,
      "end" : 40,
      "text" : "FEVEREIRO",
      "whiteSpace" : false
    }, {
      "id" : "s0-t11",
      "begin" : 41,
      "end" : 43,
      "text" : "DE",
      "whiteSpace" : false
    }, {
      "id" : "s0-t12",
      "begin" : 44,
      "end" : 48,
      "text" : "2013",
      "whiteSpace" : false
    }, {
      "id" : "s0-t13",
      "begin" : 49,
      "end" : 50,
      "text" : "O",
      "whiteSpace" : false
    }, {
      "id" : "s0-t14",
      "begin" : 51,
      "end" : 61,
      "text" : "SECRETÁRIO",
      "whiteSpace" : false
    }, {
      "id" : "s0-t15",
      "begin" : 62,
      "end" : 67,
      "text" : "CHEFE",
      "whiteSpace" : false
    }, {
      "id" : "s0-t16",
      "begin" : 68,
      "end" : 70,
      "text" : "DA",
      "whiteSpace" : false
    }, {
      "id" : "s0-t17",
      "begin" : 71,
      "end" : 81,
      "text" : "SECRETARIA",
      "whiteSpace" : false
    }, {
      "id" : "s0-t18",
      "begin" : 82,
      "end" : 91,
      "text" : "MUNICIPAL",
      "whiteSpace" : false
    }, {
      "id" : "s0-t19",
      "begin" : 92,
      "end" : 94,
      "text" : "DA",
      "whiteSpace" : false
    }, {
      "id" : "s0-t20",
      "begin" : 95,
      "end" : 99,
      "text" : "CASA",
      "whiteSpace" : false
    }, {
      "id" : "s0-t21",
      "begin" : 100,
      "end" : 102,
      "text" : "CI",
      "whiteSpace" : false
    }, {
      "id" : "s0-t22",
      "begin" : 102,
      "end" : 103,
      "text" : "-",
      "whiteSpace" : false
    }, {
      "id" : "s0-t23",
      "begin" : 104,
      "end" : 107,
      "text" : "VIL",
      "whiteSpace" : false
    }, {
      "id" : "s0-t24",
      "begin" : 107,
      "end" : 108,
      "text" : ",",
      "whiteSpace" : false
    }, {
      "id" : "s0-t25",
      "begin" : 109,
      "end" : 111,
      "text" : "no",
      "whiteSpace" : false
    }, {
      "id" : "s0-t26",
      "begin" : 112,
      "end" : 115,
      "text" : "uso",
      "whiteSpace" : false
    }, {
      "id" : "s0-t27",
      "begin" : 116,
      "end" : 119,
      "text" : "das",
      "whiteSpace" : false
    }, {
      "id" : "s0-t28",
      "begin" : 120,
      "end" : 131,
      "text" : "atribuições",
      "whiteSpace" : false
    }, {
      "id" : "s0-t29",
      "begin" : 132,
      "end" : 135,
      "text" : "que",
      "whiteSpace" : false
    }, {
      "id" : "s0-t30",
      "begin" : 136,
      "end" : 139,
      "text" : "lhe",
      "whiteSpace" : false
    }, {
      "id" : "s0-t31",
      "begin" : 140,
      "end" : 143,
      "text" : "são",
      "whiteSpace" : false
    }, {
      "id" : "s0-t32",
      "begin" : 144,
      "end" : 154,
      "text" : "conferidas",
      "whiteSpace" : false
    }, {
      "id" : "s0-t33",
      "begin" : 155,
      "end" : 159,
      "text" : "pela",
      "whiteSpace" : false
    }, {
      "id" : "s0-t34",
      "begin" : 160,
      "end" : 170,
      "text" : "legislação",
      "whiteSpace" : false
    }, {
      "id" : "s0-t35",
      "begin" : 171,
      "end" : 173,
      "text" : "em",
      "whiteSpace" : false
    }, {
      "id" : "s0-t36",
      "begin" : 174,
      "end" : 179,
      "text" : "vigor",
      "whiteSpace" : false
    }, {
      "id" : "s0-t37",
      "begin" : 179,
      "end" : 180,
      "text" : ",",
      "whiteSpace" : false
    } ]
  }, {
    "id" : "s1",
    "begin" : 182,
    "end" : 453,
    "text" : "RESOLVE\nNomear SELMA MARINA GONZAGA DOS SANTOS, matrícula 11/195.229-0, \nAgente de Administração, para exercer o Cargo em Comissão de Assistente I, \nsímbolo DAS-06, código 032415, da Casa Viva Mulher - Cora Coralina, da \nSecretaria Especial de Políticas para as Mulheres.",
    "tokens" : [ {
      "id" : "s1-t0",
      "begin" : 182,
      "end" : 189,
      "text" : "RESOLVE",
      "whiteSpace" : false
    }, {
      "id" : "s1-t1",
      "begin" : 190,
      "end" : 196,
      "text" : "Nomear",
      "whiteSpace" : false
    }, {
      "id" : "s1-t2",
      "begin" : 197,
      "end" : 202,
      "text" : "SELMA",
      "whiteSpace" : false
    }, {
      "id" : "s1-t3",
      "begin" : 203,
      "end" : 209,
      "text" : "MARINA",
      "whiteSpace" : false
    }, {
      "id" : "s1-t4",
      "begin" : 210,
      "end" : 217,
      "text" : "GONZAGA",
      "whiteSpace" : false
    }, {
      "id" : "s1-t5",
      "begin" : 218,
      "end" : 221,
      "text" : "DOS",
      "whiteSpace" : false
    }, {
      "id" : "s1-t6",
      "begin" : 222,
      "end" : 228,
      "text" : "SANTOS",
      "whiteSpace" : false
    }, {
      "id" : "s1-t7",
      "begin" : 228,
      "end" : 229,
      "text" : ",",
      "whiteSpace" : false
    }, {
      "id" : "s1-t8",
      "begin" : 230,
      "end" : 239,
      "text" : "matrícula",
      "whiteSpace" : false
    }, {
      "id" : "s1-t9",
      "begin" : 240,
      "end" : 242,
      "text" : "11",
      "whiteSpace" : false
    }, {
      "id" : "s1-t10",
      "begin" : 242,
      "end" : 252,
      "text" : "/195.229-0",
      "whiteSpace" : false
    }, {
      "id" : "s1-t11",
      "begin" : 252,
      "end" : 253,
      "text" : ",",
      "whiteSpace" : false
    }, {
      "id" : "s1-t12",
      "begin" : 255,
      "end" : 261,
      "text" : "Agente",
      "whiteSpace" : false
    }, {
      "id" : "s1-t13",
      "begin" : 262,
      "end" : 264,
      "text" : "de",
      "whiteSpace" : false
    }, {
      "id" : "s1-t14",
      "begin" : 265,
      "end" : 278,
      "text" : "Administração",
      "whiteSpace" : false
    }, {
      "id" : "s1-t15",
      "begin" : 278,
      "end" : 279,
      "text" : ",",
      "whiteSpace" : false
    }, {
      "id" : "s1-t16",
      "begin" : 280,
      "end" : 284,
      "text" : "para",
      "whiteSpace" : false
    }, {
      "id" : "s1-t17",
      "begin" : 285,
      "end" : 292,
      "text" : "exercer",
      "whiteSpace" : false
    }, {
      "id" : "s1-t18",
      "begin" : 293,
      "end" : 294,
      "text" : "o",
      "whiteSpace" : false
    }, {
      "id" : "s1-t19",
      "begin" : 295,
      "end" : 300,
      "text" : "Cargo",
      "whiteSpace" : false
    }, {
      "id" : "s1-t20",
      "begin" : 301,
      "end" : 303,
      "text" : "em",
      "whiteSpace" : false
    }, {
      "id" : "s1-t21",
      "begin" : 304,
      "end" : 312,
      "text" : "Comissão",
      "whiteSpace" : false
    }, {
      "id" : "s1-t22",
      "begin" : 313,
      "end" : 315,
      "text" : "de",
      "whiteSpace" : false
    }, {
      "id" : "s1-t23",
      "begin" : 316,
      "end" : 326,
      "text" : "Assistente",
      "whiteSpace" : false
    }, {
      "id" : "s1-t24",
      "begin" : 327,
      "end" : 328,
      "text" : "I",
      "whiteSpace" : false
    }, {
      "id" : "s1-t25",
      "begin" : 328,
      "end" : 329,
      "text" : ",",
      "whiteSpace" : false
    }, {
      "id" : "s1-t26",
      "begin" : 331,
      "end" : 338,
      "text" : "símbolo",
      "whiteSpace" : false
    }, {
      "id" : "s1-t27",
      "begin" : 339,
      "end" : 345,
      "text" : "DAS-06",
      "whiteSpace" : false
    }, {
      "id" : "s1-t28",
      "begin" : 345,
      "end" : 346,
      "text" : ",",
      "whiteSpace" : false
    }, {
      "id" : "s1-t29",
      "begin" : 347,
      "end" : 353,
      "text" : "código",
      "whiteSpace" : false
    }, {
      "id" : "s1-t30",
      "begin" : 354,
      "end" : 360,
      "text" : "032415",
      "whiteSpace" : false
    }, {
      "id" : "s1-t31",
      "begin" : 360,
      "end" : 361,
      "text" : ",",
      "whiteSpace" : false
    }, {
      "id" : "s1-t32",
      "begin" : 362,
      "end" : 364,
      "text" : "da",
      "whiteSpace" : false
    }, {
      "id" : "s1-t33",
      "begin" : 365,
      "end" : 369,
      "text" : "Casa",
      "whiteSpace" : false
    }, {
      "id" : "s1-t34",
      "begin" : 370,
      "end" : 374,
      "text" : "Viva",
      "whiteSpace" : false
    }, {
      "id" : "s1-t35",
      "begin" : 375,
      "end" : 381,
      "text" : "Mulher",
      "whiteSpace" : false
    }, {
      "id" : "s1-t36",
      "begin" : 382,
      "end" : 383,
      "text" : "-",
      "whiteSpace" : false
    }, {
      "id" : "s1-t37",
      "begin" : 384,
      "end" : 388,
      "text" : "Cora",
      "whiteSpace" : false
    }, {
      "id" : "s1-t38",
      "begin" : 389,
      "end" : 397,
      "text" : "Coralina",
      "whiteSpace" : false
    }, {
      "id" : "s1-t39",
      "begin" : 397,
      "end" : 398,
      "text" : ",",
      "whiteSpace" : false
    }, {
      "id" : "s1-t40",
      "begin" : 399,
      "end" : 401,
      "text" : "da",
      "whiteSpace" : false
    }, {
      "id" : "s1-t41",
      "begin" : 403,
      "end" : 413,
      "text" : "Secretaria",
      "whiteSpace" : false
    }, {
      "id" : "s1-t42",
      "begin" : 414,
      "end" : 422,
      "text" : "Especial",
      "whiteSpace" : false
    }, {
      "id" : "s1-t43",
      "begin" : 423,
      "end" : 425,
      "text" : "de",
      "whiteSpace" : false
    }, {
      "id" : "s1-t44",
      "begin" : 426,
      "end" : 435,
      "text" : "Políticas",
      "whiteSpace" : false
    }, {
      "id" : "s1-t45",
      "begin" : 436,
      "end" : 440,
      "text" : "para",
      "whiteSpace" : false
    }, {
      "id" : "s1-t46",
      "begin" : 441,
      "end" : 443,
      "text" : "as",
      "whiteSpace" : false
    }, {
      "id" : "s1-t47",
      "begin" : 444,
      "end" : 452,
      "text" : "Mulheres",
      "whiteSpace" : false
    }, {
      "id" : "s1-t48",
      "begin" : 452,
      "end" : 453,
      "text" : ".",
      "whiteSpace" : false
    } ]
  } ],
  "mentions" : [ {
    "id" : "s0-m1",
    "properties" : {
      "SIRE_MENTION_ROLE" : "portaria",
      "SIRE_ENTITY_SUBTYPE" : "NONE",
      "SIRE_MENTION_TYPE" : "NONE",
      "SIRE_MENTION_CLASS" : "SPC"
    },
    "type" : "portaria",
    "begin" : 18,
    "end" : 21,
    "inCoref" : false
  }, {
    "id" : "s0-m2",
    "properties" : {
      "SIRE_MENTION_ROLE" : "dia",
      "SIRE_ENTITY_SUBTYPE" : "NONE",
      "SIRE_MENTION_TYPE" : "NONE",
      "SIRE_MENTION_CLASS" : "SPC"
    },
    "type" : "dia",
    "begin" : 25,
    "end" : 27,
    "inCoref" : false
  }, {
    "id" : "s0-m3",
    "properties" : {
      "SIRE_MENTION_ROLE" : "mes",
      "SIRE_ENTITY_SUBTYPE" : "NONE",
      "SIRE_MENTION_TYPE" : "NONE",
      "SIRE_MENTION_CLASS" : "SPC"
    },
    "type" : "mes",
    "begin" : 31,
    "end" : 40,
    "inCoref" : false
  }, {
    "id" : "s0-m4",
    "properties" : {
      "SIRE_MENTION_ROLE" : "ano",
      "SIRE_ENTITY_SUBTYPE" : "NONE",
      "SIRE_MENTION_TYPE" : "NONE",
      "SIRE_MENTION_CLASS" : "SPC"
    },
    "type" : "ano",
    "begin" : 44,
    "end" : 48,
    "inCoref" : false
  }, {
    "id" : "s1-m1",
    "properties" : {
      "SIRE_MENTION_ROLE" : "ato",
      "SIRE_ENTITY_SUBTYPE" : "NONE",
      "SIRE_MENTION_TYPE" : "NONE",
      "SIRE_MENTION_CLASS" : "SPC"
    },
    "type" : "ato",
    "begin" : 190,
    "end" : 196,
    "inCoref" : false
  }, {
    "id" : "s1-m2",
    "properties" : {
      "SIRE_MENTION_ROLE" : "nome",
      "SIRE_ENTITY_SUBTYPE" : "NONE",
      "SIRE_MENTION_TYPE" : "NONE",
      "SIRE_MENTION_CLASS" : "SPC"
    },
    "type" : "nome",
    "begin" : 197,
    "end" : 228,
    "inCoref" : false
  }, {
    "id" : "s1-m3",
    "properties" : {
      "SIRE_MENTION_ROLE" : "cargo",
      "SIRE_ENTITY_SUBTYPE" : "NONE",
      "SIRE_MENTION_TYPE" : "NONE",
      "SIRE_MENTION_CLASS" : "SPC"
    },
    "type" : "cargo",
    "begin" : 316,
    "end" : 328,
    "inCoref" : false
  } ],
  "relations" : [ ],
  "corefs" : [ ],
  "typeResolved" : true,
  "userResolved" : false
}