{
  "id" : "ed03c910-7022-11ec-85e7-8327690ca1b0-3",
  "name" : "buffer_rio_nom_04.txt",
  "createdDate" : 0,
  "version" : 3,
  "text" : "RESOLUÇÃO “P” Nº 768 DE 22 DE FEVEREIRO DE 2013\nO SECRETÁRIO CHEFE DA SECRETARIA MUNICIPAL DA CASA CI-\nVIL, no uso das atribuições que lhe são conferidas pela legislação em vigor,\n\nRESOLVE\nNomear ECIO PEREIRA DE SALLES, com validade a partir de 5 de feve-\nreiro de 2013, para exercer o Cargo em Comissão de Assistente I, símbolo \nDAS-06, código 038400, da Vice-Prefeitura.\n",
  "docLength" : 0,
  "language" : "PT",
  "status" : "IN_PROGRESS",
  "modifiedDate" : 1641605745368,
  "documentSet" : [ ],
  "preannotation" : [ ],
  "sentences" : [ {
    "id" : "s0",
    "begin" : 0,
    "end" : 179,
    "text" : "RESOLUÇÃO “P” Nº 768 DE 22 DE FEVEREIRO DE 2013\nO SECRETÁRIO CHEFE DA SECRETARIA MUNICIPAL DA CASA CI-\nVIL, no uso das atribuições que lhe são conferidas pela legislação em vigor,",
    "tokens" : [ {
      "id" : "s0-t0",
      "begin" : 0,
      "end" : 9,
      "text" : "RESOLUÇÃO",
      "whiteSpace" : false
    }, {
      "id" : "s0-t1",
      "begin" : 10,
      "end" : 11,
      "text" : "“",
      "whiteSpace" : false
    }, {
      "id" : "s0-t2",
      "begin" : 11,
      "end" : 12,
      "text" : "P",
      "whiteSpace" : false
    }, {
      "id" : "s0-t3",
      "begin" : 12,
      "end" : 13,
      "text" : "”",
      "whiteSpace" : false
    }, {
      "id" : "s0-t4",
      "begin" : 14,
      "end" : 16,
      "text" : "Nº",
      "whiteSpace" : false
    }, {
      "id" : "s0-t5",
      "begin" : 17,
      "end" : 20,
      "text" : "768",
      "whiteSpace" : false
    }, {
      "id" : "s0-t6",
      "begin" : 21,
      "end" : 23,
      "text" : "DE",
      "whiteSpace" : false
    }, {
      "id" : "s0-t7",
      "begin" : 24,
      "end" : 26,
      "text" : "22",
      "whiteSpace" : false
    }, {
      "id" : "s0-t8",
      "begin" : 27,
      "end" : 29,
      "text" : "DE",
      "whiteSpace" : false
    }, {
      "id" : "s0-t9",
      "begin" : 30,
      "end" : 39,
      "text" : "FEVEREIRO",
      "whiteSpace" : false
    }, {
      "id" : "s0-t10",
      "begin" : 40,
      "end" : 42,
      "text" : "DE",
      "whiteSpace" : false
    }, {
      "id" : "s0-t11",
      "begin" : 43,
      "end" : 47,
      "text" : "2013",
      "whiteSpace" : false
    }, {
      "id" : "s0-t12",
      "begin" : 48,
      "end" : 49,
      "text" : "O",
      "whiteSpace" : false
    }, {
      "id" : "s0-t13",
      "begin" : 50,
      "end" : 60,
      "text" : "SECRETÁRIO",
      "whiteSpace" : false
    }, {
      "id" : "s0-t14",
      "begin" : 61,
      "end" : 66,
      "text" : "CHEFE",
      "whiteSpace" : false
    }, {
      "id" : "s0-t15",
      "begin" : 67,
      "end" : 69,
      "text" : "DA",
      "whiteSpace" : false
    }, {
      "id" : "s0-t16",
      "begin" : 70,
      "end" : 80,
      "text" : "SECRETARIA",
      "whiteSpace" : false
    }, {
      "id" : "s0-t17",
      "begin" : 81,
      "end" : 90,
      "text" : "MUNICIPAL",
      "whiteSpace" : false
    }, {
      "id" : "s0-t18",
      "begin" : 91,
      "end" : 93,
      "text" : "DA",
      "whiteSpace" : false
    }, {
      "id" : "s0-t19",
      "begin" : 94,
      "end" : 98,
      "text" : "CASA",
      "whiteSpace" : false
    }, {
      "id" : "s0-t20",
      "begin" : 99,
      "end" : 101,
      "text" : "CI",
      "whiteSpace" : false
    }, {
      "id" : "s0-t21",
      "begin" : 101,
      "end" : 102,
      "text" : "-",
      "whiteSpace" : false
    }, {
      "id" : "s0-t22",
      "begin" : 103,
      "end" : 106,
      "text" : "VIL",
      "whiteSpace" : false
    }, {
      "id" : "s0-t23",
      "begin" : 106,
      "end" : 107,
      "text" : ",",
      "whiteSpace" : false
    }, {
      "id" : "s0-t24",
      "begin" : 108,
      "end" : 110,
      "text" : "no",
      "whiteSpace" : false
    }, {
      "id" : "s0-t25",
      "begin" : 111,
      "end" : 114,
      "text" : "uso",
      "whiteSpace" : false
    }, {
      "id" : "s0-t26",
      "begin" : 115,
      "end" : 118,
      "text" : "das",
      "whiteSpace" : false
    }, {
      "id" : "s0-t27",
      "begin" : 119,
      "end" : 130,
      "text" : "atribuições",
      "whiteSpace" : false
    }, {
      "id" : "s0-t28",
      "begin" : 131,
      "end" : 134,
      "text" : "que",
      "whiteSpace" : false
    }, {
      "id" : "s0-t29",
      "begin" : 135,
      "end" : 138,
      "text" : "lhe",
      "whiteSpace" : false
    }, {
      "id" : "s0-t30",
      "begin" : 139,
      "end" : 142,
      "text" : "são",
      "whiteSpace" : false
    }, {
      "id" : "s0-t31",
      "begin" : 143,
      "end" : 153,
      "text" : "conferidas",
      "whiteSpace" : false
    }, {
      "id" : "s0-t32",
      "begin" : 154,
      "end" : 158,
      "text" : "pela",
      "whiteSpace" : false
    }, {
      "id" : "s0-t33",
      "begin" : 159,
      "end" : 169,
      "text" : "legislação",
      "whiteSpace" : false
    }, {
      "id" : "s0-t34",
      "begin" : 170,
      "end" : 172,
      "text" : "em",
      "whiteSpace" : false
    }, {
      "id" : "s0-t35",
      "begin" : 173,
      "end" : 178,
      "text" : "vigor",
      "whiteSpace" : false
    }, {
      "id" : "s0-t36",
      "begin" : 178,
      "end" : 179,
      "text" : ",",
      "whiteSpace" : false
    } ]
  }, {
    "id" : "s1",
    "begin" : 181,
    "end" : 372,
    "text" : "RESOLVE\nNomear ECIO PEREIRA DE SALLES, com validade a partir de 5 de feve-\nreiro de 2013, para exercer o Cargo em Comissão de Assistente I, símbolo \nDAS-06, código 038400, da Vice-Prefeitura.",
    "tokens" : [ {
      "id" : "s1-t0",
      "begin" : 181,
      "end" : 188,
      "text" : "RESOLVE",
      "whiteSpace" : false
    }, {
      "id" : "s1-t1",
      "begin" : 189,
      "end" : 195,
      "text" : "Nomear",
      "whiteSpace" : false
    }, {
      "id" : "s1-t2",
      "begin" : 196,
      "end" : 200,
      "text" : "ECIO",
      "whiteSpace" : false
    }, {
      "id" : "s1-t3",
      "begin" : 201,
      "end" : 208,
      "text" : "PEREIRA",
      "whiteSpace" : false
    }, {
      "id" : "s1-t4",
      "begin" : 209,
      "end" : 211,
      "text" : "DE",
      "whiteSpace" : false
    }, {
      "id" : "s1-t5",
      "begin" : 212,
      "end" : 218,
      "text" : "SALLES",
      "whiteSpace" : false
    }, {
      "id" : "s1-t6",
      "begin" : 218,
      "end" : 219,
      "text" : ",",
      "whiteSpace" : false
    }, {
      "id" : "s1-t7",
      "begin" : 220,
      "end" : 223,
      "text" : "com",
      "whiteSpace" : false
    }, {
      "id" : "s1-t8",
      "begin" : 224,
      "end" : 232,
      "text" : "validade",
      "whiteSpace" : false
    }, {
      "id" : "s1-t9",
      "begin" : 233,
      "end" : 234,
      "text" : "a",
      "whiteSpace" : false
    }, {
      "id" : "s1-t10",
      "begin" : 235,
      "end" : 241,
      "text" : "partir",
      "whiteSpace" : false
    }, {
      "id" : "s1-t11",
      "begin" : 242,
      "end" : 244,
      "text" : "de",
      "whiteSpace" : false
    }, {
      "id" : "s1-t12",
      "begin" : 245,
      "end" : 246,
      "text" : "5",
      "whiteSpace" : false
    }, {
      "id" : "s1-t13",
      "begin" : 247,
      "end" : 249,
      "text" : "de",
      "whiteSpace" : false
    }, {
      "id" : "s1-t14",
      "begin" : 250,
      "end" : 254,
      "text" : "feve",
      "whiteSpace" : false
    }, {
      "id" : "s1-t15",
      "begin" : 254,
      "end" : 255,
      "text" : "-",
      "whiteSpace" : false
    }, {
      "id" : "s1-t16",
      "begin" : 256,
      "end" : 261,
      "text" : "reiro",
      "whiteSpace" : false
    }, {
      "id" : "s1-t17",
      "begin" : 262,
      "end" : 264,
      "text" : "de",
      "whiteSpace" : false
    }, {
      "id" : "s1-t18",
      "begin" : 265,
      "end" : 269,
      "text" : "2013",
      "whiteSpace" : false
    }, {
      "id" : "s1-t19",
      "begin" : 269,
      "end" : 270,
      "text" : ",",
      "whiteSpace" : false
    }, {
      "id" : "s1-t20",
      "begin" : 271,
      "end" : 275,
      "text" : "para",
      "whiteSpace" : false
    }, {
      "id" : "s1-t21",
      "begin" : 276,
      "end" : 283,
      "text" : "exercer",
      "whiteSpace" : false
    }, {
      "id" : "s1-t22",
      "begin" : 284,
      "end" : 285,
      "text" : "o",
      "whiteSpace" : false
    }, {
      "id" : "s1-t23",
      "begin" : 286,
      "end" : 291,
      "text" : "Cargo",
      "whiteSpace" : false
    }, {
      "id" : "s1-t24",
      "begin" : 292,
      "end" : 294,
      "text" : "em",
      "whiteSpace" : false
    }, {
      "id" : "s1-t25",
      "begin" : 295,
      "end" : 303,
      "text" : "Comissão",
      "whiteSpace" : false
    }, {
      "id" : "s1-t26",
      "begin" : 304,
      "end" : 306,
      "text" : "de",
      "whiteSpace" : false
    }, {
      "id" : "s1-t27",
      "begin" : 307,
      "end" : 317,
      "text" : "Assistente",
      "whiteSpace" : false
    }, {
      "id" : "s1-t28",
      "begin" : 318,
      "end" : 319,
      "text" : "I",
      "whiteSpace" : false
    }, {
      "id" : "s1-t29",
      "begin" : 319,
      "end" : 320,
      "text" : ",",
      "whiteSpace" : false
    }, {
      "id" : "s1-t30",
      "begin" : 321,
      "end" : 328,
      "text" : "símbolo",
      "whiteSpace" : false
    }, {
      "id" : "s1-t31",
      "begin" : 330,
      "end" : 336,
      "text" : "DAS-06",
      "whiteSpace" : false
    }, {
      "id" : "s1-t32",
      "begin" : 336,
      "end" : 337,
      "text" : ",",
      "whiteSpace" : false
    }, {
      "id" : "s1-t33",
      "begin" : 338,
      "end" : 344,
      "text" : "código",
      "whiteSpace" : false
    }, {
      "id" : "s1-t34",
      "begin" : 345,
      "end" : 351,
      "text" : "038400",
      "whiteSpace" : false
    }, {
      "id" : "s1-t35",
      "begin" : 351,
      "end" : 352,
      "text" : ",",
      "whiteSpace" : false
    }, {
      "id" : "s1-t36",
      "begin" : 353,
      "end" : 355,
      "text" : "da",
      "whiteSpace" : false
    }, {
      "id" : "s1-t37",
      "begin" : 356,
      "end" : 360,
      "text" : "Vice",
      "whiteSpace" : false
    }, {
      "id" : "s1-t38",
      "begin" : 360,
      "end" : 361,
      "text" : "-",
      "whiteSpace" : false
    }, {
      "id" : "s1-t39",
      "begin" : 361,
      "end" : 371,
      "text" : "Prefeitura",
      "whiteSpace" : false
    }, {
      "id" : "s1-t40",
      "begin" : 371,
      "end" : 372,
      "text" : ".",
      "whiteSpace" : false
    } ]
  } ],
  "mentions" : [ {
    "id" : "s0-m1",
    "properties" : {
      "SIRE_MENTION_ROLE" : "portaria",
      "SIRE_ENTITY_SUBTYPE" : "NONE",
      "SIRE_MENTION_TYPE" : "NONE",
      "SIRE_MENTION_CLASS" : "SPC"
    },
    "type" : "portaria",
    "begin" : 17,
    "end" : 20,
    "inCoref" : false
  }, {
    "id" : "s0-m2",
    "properties" : {
      "SIRE_MENTION_ROLE" : "dia",
      "SIRE_ENTITY_SUBTYPE" : "NONE",
      "SIRE_MENTION_TYPE" : "NONE",
      "SIRE_MENTION_CLASS" : "SPC"
    },
    "type" : "dia",
    "begin" : 24,
    "end" : 26,
    "inCoref" : false
  }, {
    "id" : "s0-m3",
    "properties" : {
      "SIRE_MENTION_ROLE" : "mes",
      "SIRE_ENTITY_SUBTYPE" : "NONE",
      "SIRE_MENTION_TYPE" : "NONE",
      "SIRE_MENTION_CLASS" : "SPC"
    },
    "type" : "mes",
    "begin" : 30,
    "end" : 39,
    "inCoref" : false
  }, {
    "id" : "s0-m4",
    "properties" : {
      "SIRE_MENTION_ROLE" : "ano",
      "SIRE_ENTITY_SUBTYPE" : "NONE",
      "SIRE_MENTION_TYPE" : "NONE",
      "SIRE_MENTION_CLASS" : "SPC"
    },
    "type" : "ano",
    "begin" : 43,
    "end" : 47,
    "inCoref" : false
  }, {
    "id" : "s1-m1",
    "properties" : {
      "SIRE_MENTION_ROLE" : "ato",
      "SIRE_ENTITY_SUBTYPE" : "NONE",
      "SIRE_MENTION_TYPE" : "NONE",
      "SIRE_MENTION_CLASS" : "SPC"
    },
    "type" : "ato",
    "begin" : 189,
    "end" : 195,
    "inCoref" : false
  }, {
    "id" : "s1-m2",
    "properties" : {
      "SIRE_MENTION_ROLE" : "nome",
      "SIRE_ENTITY_SUBTYPE" : "NONE",
      "SIRE_MENTION_TYPE" : "NONE",
      "SIRE_MENTION_CLASS" : "SPC"
    },
    "type" : "nome",
    "begin" : 196,
    "end" : 218,
    "inCoref" : false
  }, {
    "id" : "s1-m3",
    "properties" : {
      "SIRE_MENTION_ROLE" : "cargo",
      "SIRE_ENTITY_SUBTYPE" : "NONE",
      "SIRE_MENTION_TYPE" : "NONE",
      "SIRE_MENTION_CLASS" : "SPC"
    },
    "type" : "cargo",
    "begin" : 307,
    "end" : 319,
    "inCoref" : false
  } ],
  "relations" : [ ],
  "corefs" : [ ],
  "typeResolved" : true,
  "userResolved" : false
}