{
  "id" : "ed03c910-7022-11ec-85e7-8327690ca1b0-8",
  "name" : "buffer_rio_nom_09.txt",
  "createdDate" : 0,
  "version" : 3,
  "text" : "RESOLUÇÕES “P” DE 22 DE FEVEREIRO DE 2013\n\nO SECRETÁRIO MUNICIPAL DE ADMINISTRAÇÃO, no uso de suas \natribuições que lhe são conferidas pela legislação em vigor,\n\nResolução nº 147 - Nomear VERA LUCIA SILVARES, matrícula \n11/153.123-5, para exercer o Cargo em Comissão de Assessor III, símbo-\nlo DAS-07, código 022956, da Coordenadoria de Análise e Pagamento, \nda Coordenadoria Geral do Subsistema de Recursos Humanos da Secre-\ntaria Municipal de Administração.\n",
  "docLength" : 0,
  "language" : "PT",
  "status" : "IN_PROGRESS",
  "modifiedDate" : 1641605661397,
  "documentSet" : [ ],
  "preannotation" : [ ],
  "sentences" : [ {
    "id" : "s0",
    "begin" : 0,
    "end" : 41,
    "text" : "RESOLUÇÕES “P” DE 22 DE FEVEREIRO DE 2013",
    "tokens" : [ {
      "id" : "s0-t0",
      "begin" : 0,
      "end" : 10,
      "text" : "RESOLUÇÕES",
      "whiteSpace" : false
    }, {
      "id" : "s0-t1",
      "begin" : 11,
      "end" : 12,
      "text" : "“",
      "whiteSpace" : false
    }, {
      "id" : "s0-t2",
      "begin" : 12,
      "end" : 13,
      "text" : "P",
      "whiteSpace" : false
    }, {
      "id" : "s0-t3",
      "begin" : 13,
      "end" : 14,
      "text" : "”",
      "whiteSpace" : false
    }, {
      "id" : "s0-t4",
      "begin" : 15,
      "end" : 17,
      "text" : "DE",
      "whiteSpace" : false
    }, {
      "id" : "s0-t5",
      "begin" : 18,
      "end" : 20,
      "text" : "22",
      "whiteSpace" : false
    }, {
      "id" : "s0-t6",
      "begin" : 21,
      "end" : 23,
      "text" : "DE",
      "whiteSpace" : false
    }, {
      "id" : "s0-t7",
      "begin" : 24,
      "end" : 33,
      "text" : "FEVEREIRO",
      "whiteSpace" : false
    }, {
      "id" : "s0-t8",
      "begin" : 34,
      "end" : 36,
      "text" : "DE",
      "whiteSpace" : false
    }, {
      "id" : "s0-t9",
      "begin" : 37,
      "end" : 41,
      "text" : "2013",
      "whiteSpace" : false
    } ]
  }, {
    "id" : "s1",
    "begin" : 43,
    "end" : 160,
    "text" : "O SECRETÁRIO MUNICIPAL DE ADMINISTRAÇÃO, no uso de suas \natribuições que lhe são conferidas pela legislação em vigor,",
    "tokens" : [ {
      "id" : "s1-t0",
      "begin" : 43,
      "end" : 44,
      "text" : "O",
      "whiteSpace" : false
    }, {
      "id" : "s1-t1",
      "begin" : 45,
      "end" : 55,
      "text" : "SECRETÁRIO",
      "whiteSpace" : false
    }, {
      "id" : "s1-t2",
      "begin" : 56,
      "end" : 65,
      "text" : "MUNICIPAL",
      "whiteSpace" : false
    }, {
      "id" : "s1-t3",
      "begin" : 66,
      "end" : 68,
      "text" : "DE",
      "whiteSpace" : false
    }, {
      "id" : "s1-t4",
      "begin" : 69,
      "end" : 82,
      "text" : "ADMINISTRAÇÃO",
      "whiteSpace" : false
    }, {
      "id" : "s1-t5",
      "begin" : 82,
      "end" : 83,
      "text" : ",",
      "whiteSpace" : false
    }, {
      "id" : "s1-t6",
      "begin" : 84,
      "end" : 86,
      "text" : "no",
      "whiteSpace" : false
    }, {
      "id" : "s1-t7",
      "begin" : 87,
      "end" : 90,
      "text" : "uso",
      "whiteSpace" : false
    }, {
      "id" : "s1-t8",
      "begin" : 91,
      "end" : 93,
      "text" : "de",
      "whiteSpace" : false
    }, {
      "id" : "s1-t9",
      "begin" : 94,
      "end" : 98,
      "text" : "suas",
      "whiteSpace" : false
    }, {
      "id" : "s1-t10",
      "begin" : 100,
      "end" : 111,
      "text" : "atribuições",
      "whiteSpace" : false
    }, {
      "id" : "s1-t11",
      "begin" : 112,
      "end" : 115,
      "text" : "que",
      "whiteSpace" : false
    }, {
      "id" : "s1-t12",
      "begin" : 116,
      "end" : 119,
      "text" : "lhe",
      "whiteSpace" : false
    }, {
      "id" : "s1-t13",
      "begin" : 120,
      "end" : 123,
      "text" : "são",
      "whiteSpace" : false
    }, {
      "id" : "s1-t14",
      "begin" : 124,
      "end" : 134,
      "text" : "conferidas",
      "whiteSpace" : false
    }, {
      "id" : "s1-t15",
      "begin" : 135,
      "end" : 139,
      "text" : "pela",
      "whiteSpace" : false
    }, {
      "id" : "s1-t16",
      "begin" : 140,
      "end" : 150,
      "text" : "legislação",
      "whiteSpace" : false
    }, {
      "id" : "s1-t17",
      "begin" : 151,
      "end" : 153,
      "text" : "em",
      "whiteSpace" : false
    }, {
      "id" : "s1-t18",
      "begin" : 154,
      "end" : 159,
      "text" : "vigor",
      "whiteSpace" : false
    }, {
      "id" : "s1-t19",
      "begin" : 159,
      "end" : 160,
      "text" : ",",
      "whiteSpace" : false
    } ]
  }, {
    "id" : "s2",
    "begin" : 162,
    "end" : 459,
    "text" : "Resolução nº 147 - Nomear VERA LUCIA SILVARES, matrícula \n11/153.123-5, para exercer o Cargo em Comissão de Assessor III, símbo-\nlo DAS-07, código 022956, da Coordenadoria de Análise e Pagamento, \nda Coordenadoria Geral do Subsistema de Recursos Humanos da Secre-\ntaria Municipal de Administração.",
    "tokens" : [ {
      "id" : "s2-t0",
      "begin" : 162,
      "end" : 171,
      "text" : "Resolução",
      "whiteSpace" : false
    }, {
      "id" : "s2-t1",
      "begin" : 172,
      "end" : 174,
      "text" : "nº",
      "whiteSpace" : false
    }, {
      "id" : "s2-t2",
      "begin" : 175,
      "end" : 178,
      "text" : "147",
      "whiteSpace" : false
    }, {
      "id" : "s2-t3",
      "begin" : 179,
      "end" : 180,
      "text" : "-",
      "whiteSpace" : false
    }, {
      "id" : "s2-t4",
      "begin" : 181,
      "end" : 187,
      "text" : "Nomear",
      "whiteSpace" : false
    }, {
      "id" : "s2-t5",
      "begin" : 188,
      "end" : 192,
      "text" : "VERA",
      "whiteSpace" : false
    }, {
      "id" : "s2-t6",
      "begin" : 193,
      "end" : 198,
      "text" : "LUCIA",
      "whiteSpace" : false
    }, {
      "id" : "s2-t7",
      "begin" : 199,
      "end" : 207,
      "text" : "SILVARES",
      "whiteSpace" : false
    }, {
      "id" : "s2-t8",
      "begin" : 207,
      "end" : 208,
      "text" : ",",
      "whiteSpace" : false
    }, {
      "id" : "s2-t9",
      "begin" : 209,
      "end" : 218,
      "text" : "matrícula",
      "whiteSpace" : false
    }, {
      "id" : "s2-t10",
      "begin" : 220,
      "end" : 222,
      "text" : "11",
      "whiteSpace" : false
    }, {
      "id" : "s2-t11",
      "begin" : 222,
      "end" : 232,
      "text" : "/153.123-5",
      "whiteSpace" : false
    }, {
      "id" : "s2-t12",
      "begin" : 232,
      "end" : 233,
      "text" : ",",
      "whiteSpace" : false
    }, {
      "id" : "s2-t13",
      "begin" : 234,
      "end" : 238,
      "text" : "para",
      "whiteSpace" : false
    }, {
      "id" : "s2-t14",
      "begin" : 239,
      "end" : 246,
      "text" : "exercer",
      "whiteSpace" : false
    }, {
      "id" : "s2-t15",
      "begin" : 247,
      "end" : 248,
      "text" : "o",
      "whiteSpace" : false
    }, {
      "id" : "s2-t16",
      "begin" : 249,
      "end" : 254,
      "text" : "Cargo",
      "whiteSpace" : false
    }, {
      "id" : "s2-t17",
      "begin" : 255,
      "end" : 257,
      "text" : "em",
      "whiteSpace" : false
    }, {
      "id" : "s2-t18",
      "begin" : 258,
      "end" : 266,
      "text" : "Comissão",
      "whiteSpace" : false
    }, {
      "id" : "s2-t19",
      "begin" : 267,
      "end" : 269,
      "text" : "de",
      "whiteSpace" : false
    }, {
      "id" : "s2-t20",
      "begin" : 270,
      "end" : 278,
      "text" : "Assessor",
      "whiteSpace" : false
    }, {
      "id" : "s2-t21",
      "begin" : 279,
      "end" : 282,
      "text" : "III",
      "whiteSpace" : false
    }, {
      "id" : "s2-t22",
      "begin" : 282,
      "end" : 283,
      "text" : ",",
      "whiteSpace" : false
    }, {
      "id" : "s2-t23",
      "begin" : 284,
      "end" : 289,
      "text" : "símbo",
      "whiteSpace" : false
    }, {
      "id" : "s2-t24",
      "begin" : 289,
      "end" : 290,
      "text" : "-",
      "whiteSpace" : false
    }, {
      "id" : "s2-t25",
      "begin" : 291,
      "end" : 293,
      "text" : "lo",
      "whiteSpace" : false
    }, {
      "id" : "s2-t26",
      "begin" : 294,
      "end" : 300,
      "text" : "DAS-07",
      "whiteSpace" : false
    }, {
      "id" : "s2-t27",
      "begin" : 300,
      "end" : 301,
      "text" : ",",
      "whiteSpace" : false
    }, {
      "id" : "s2-t28",
      "begin" : 302,
      "end" : 308,
      "text" : "código",
      "whiteSpace" : false
    }, {
      "id" : "s2-t29",
      "begin" : 309,
      "end" : 315,
      "text" : "022956",
      "whiteSpace" : false
    }, {
      "id" : "s2-t30",
      "begin" : 315,
      "end" : 316,
      "text" : ",",
      "whiteSpace" : false
    }, {
      "id" : "s2-t31",
      "begin" : 317,
      "end" : 319,
      "text" : "da",
      "whiteSpace" : false
    }, {
      "id" : "s2-t32",
      "begin" : 320,
      "end" : 333,
      "text" : "Coordenadoria",
      "whiteSpace" : false
    }, {
      "id" : "s2-t33",
      "begin" : 334,
      "end" : 336,
      "text" : "de",
      "whiteSpace" : false
    }, {
      "id" : "s2-t34",
      "begin" : 337,
      "end" : 344,
      "text" : "Análise",
      "whiteSpace" : false
    }, {
      "id" : "s2-t35",
      "begin" : 345,
      "end" : 346,
      "text" : "e",
      "whiteSpace" : false
    }, {
      "id" : "s2-t36",
      "begin" : 347,
      "end" : 356,
      "text" : "Pagamento",
      "whiteSpace" : false
    }, {
      "id" : "s2-t37",
      "begin" : 356,
      "end" : 357,
      "text" : ",",
      "whiteSpace" : false
    }, {
      "id" : "s2-t38",
      "begin" : 359,
      "end" : 361,
      "text" : "da",
      "whiteSpace" : false
    }, {
      "id" : "s2-t39",
      "begin" : 362,
      "end" : 375,
      "text" : "Coordenadoria",
      "whiteSpace" : false
    }, {
      "id" : "s2-t40",
      "begin" : 376,
      "end" : 381,
      "text" : "Geral",
      "whiteSpace" : false
    }, {
      "id" : "s2-t41",
      "begin" : 382,
      "end" : 384,
      "text" : "do",
      "whiteSpace" : false
    }, {
      "id" : "s2-t42",
      "begin" : 385,
      "end" : 395,
      "text" : "Subsistema",
      "whiteSpace" : false
    }, {
      "id" : "s2-t43",
      "begin" : 396,
      "end" : 398,
      "text" : "de",
      "whiteSpace" : false
    }, {
      "id" : "s2-t44",
      "begin" : 399,
      "end" : 407,
      "text" : "Recursos",
      "whiteSpace" : false
    }, {
      "id" : "s2-t45",
      "begin" : 408,
      "end" : 415,
      "text" : "Humanos",
      "whiteSpace" : false
    }, {
      "id" : "s2-t46",
      "begin" : 416,
      "end" : 418,
      "text" : "da",
      "whiteSpace" : false
    }, {
      "id" : "s2-t47",
      "begin" : 419,
      "end" : 424,
      "text" : "Secre",
      "whiteSpace" : false
    }, {
      "id" : "s2-t48",
      "begin" : 424,
      "end" : 425,
      "text" : "-",
      "whiteSpace" : false
    }, {
      "id" : "s2-t49",
      "begin" : 426,
      "end" : 431,
      "text" : "taria",
      "whiteSpace" : false
    }, {
      "id" : "s2-t50",
      "begin" : 432,
      "end" : 441,
      "text" : "Municipal",
      "whiteSpace" : false
    }, {
      "id" : "s2-t51",
      "begin" : 442,
      "end" : 444,
      "text" : "de",
      "whiteSpace" : false
    }, {
      "id" : "s2-t52",
      "begin" : 445,
      "end" : 458,
      "text" : "Administração",
      "whiteSpace" : false
    }, {
      "id" : "s2-t53",
      "begin" : 458,
      "end" : 459,
      "text" : ".",
      "whiteSpace" : false
    } ]
  } ],
  "mentions" : [ {
    "id" : "s0-m1",
    "properties" : {
      "SIRE_MENTION_ROLE" : "dia",
      "SIRE_ENTITY_SUBTYPE" : "NONE",
      "SIRE_MENTION_TYPE" : "NONE",
      "SIRE_MENTION_CLASS" : "SPC"
    },
    "type" : "dia",
    "begin" : 18,
    "end" : 20,
    "inCoref" : false
  }, {
    "id" : "s0-m2",
    "properties" : {
      "SIRE_MENTION_ROLE" : "mes",
      "SIRE_ENTITY_SUBTYPE" : "NONE",
      "SIRE_MENTION_TYPE" : "NONE",
      "SIRE_MENTION_CLASS" : "SPC"
    },
    "type" : "mes",
    "begin" : 24,
    "end" : 33,
    "inCoref" : false
  }, {
    "id" : "s0-m3",
    "properties" : {
      "SIRE_MENTION_ROLE" : "ano",
      "SIRE_ENTITY_SUBTYPE" : "NONE",
      "SIRE_MENTION_TYPE" : "NONE",
      "SIRE_MENTION_CLASS" : "SPC"
    },
    "type" : "ano",
    "begin" : 37,
    "end" : 41,
    "inCoref" : false
  }, {
    "id" : "s2-m1",
    "properties" : {
      "SIRE_MENTION_ROLE" : "portaria",
      "SIRE_ENTITY_SUBTYPE" : "NONE",
      "SIRE_MENTION_TYPE" : "NONE",
      "SIRE_MENTION_CLASS" : "SPC"
    },
    "type" : "portaria",
    "begin" : 175,
    "end" : 178,
    "inCoref" : false
  }, {
    "id" : "s2-m2",
    "properties" : {
      "SIRE_MENTION_ROLE" : "ato",
      "SIRE_ENTITY_SUBTYPE" : "NONE",
      "SIRE_MENTION_TYPE" : "NONE",
      "SIRE_MENTION_CLASS" : "SPC"
    },
    "type" : "ato",
    "begin" : 181,
    "end" : 187,
    "inCoref" : false
  }, {
    "id" : "s2-m3",
    "properties" : {
      "SIRE_MENTION_ROLE" : "nome",
      "SIRE_ENTITY_SUBTYPE" : "NONE",
      "SIRE_MENTION_TYPE" : "NONE",
      "SIRE_MENTION_CLASS" : "SPC"
    },
    "type" : "nome",
    "begin" : 188,
    "end" : 207,
    "inCoref" : false
  }, {
    "id" : "s2-m4",
    "properties" : {
      "SIRE_MENTION_ROLE" : "cargo",
      "SIRE_ENTITY_SUBTYPE" : "NONE",
      "SIRE_MENTION_TYPE" : "NONE",
      "SIRE_MENTION_CLASS" : "SPC"
    },
    "type" : "cargo",
    "begin" : 270,
    "end" : 282,
    "inCoref" : false
  } ],
  "relations" : [ ],
  "corefs" : [ ],
  "typeResolved" : true,
  "userResolved" : false
}