{
  "id" : "ed03c910-7022-11ec-85e7-8327690ca1b0-7",
  "name" : "buffer_rio_nom_08.txt",
  "createdDate" : 0,
  "version" : 3,
  "text" : "RESOLUÇÕES “P” DE 22 DE FEVEREIRO DE 2013\n\nO SECRETÁRIO MUNICIPAL DE ADMINISTRAÇÃO, no uso de suas \natribuições que lhe são conferidas pela legislação em vigor,\n\nResolução nº 150 - Nomear KATIA RIZIK DE AZEVEDO, matrícu-\nla 10/226.005-7, para exercer do Cargo em Comissão de Assistente I, \nsímbolo DAS-06, código 016825, da Coordenadoria de Suprimentos, da \nCoordenadoria Geral do Subsistema de Infraestrutura e Logística da Se-\ncretaria Municipal de Administração.\n",
  "docLength" : 0,
  "language" : "PT",
  "status" : "IN_PROGRESS",
  "modifiedDate" : 1641605859962,
  "documentSet" : [ ],
  "preannotation" : [ ],
  "sentences" : [ {
    "id" : "s0",
    "begin" : 0,
    "end" : 41,
    "text" : "RESOLUÇÕES “P” DE 22 DE FEVEREIRO DE 2013",
    "tokens" : [ {
      "id" : "s0-t0",
      "begin" : 0,
      "end" : 10,
      "text" : "RESOLUÇÕES",
      "whiteSpace" : false
    }, {
      "id" : "s0-t1",
      "begin" : 11,
      "end" : 12,
      "text" : "“",
      "whiteSpace" : false
    }, {
      "id" : "s0-t2",
      "begin" : 12,
      "end" : 13,
      "text" : "P",
      "whiteSpace" : false
    }, {
      "id" : "s0-t3",
      "begin" : 13,
      "end" : 14,
      "text" : "”",
      "whiteSpace" : false
    }, {
      "id" : "s0-t4",
      "begin" : 15,
      "end" : 17,
      "text" : "DE",
      "whiteSpace" : false
    }, {
      "id" : "s0-t5",
      "begin" : 18,
      "end" : 20,
      "text" : "22",
      "whiteSpace" : false
    }, {
      "id" : "s0-t6",
      "begin" : 21,
      "end" : 23,
      "text" : "DE",
      "whiteSpace" : false
    }, {
      "id" : "s0-t7",
      "begin" : 24,
      "end" : 33,
      "text" : "FEVEREIRO",
      "whiteSpace" : false
    }, {
      "id" : "s0-t8",
      "begin" : 34,
      "end" : 36,
      "text" : "DE",
      "whiteSpace" : false
    }, {
      "id" : "s0-t9",
      "begin" : 37,
      "end" : 41,
      "text" : "2013",
      "whiteSpace" : false
    } ]
  }, {
    "id" : "s1",
    "begin" : 43,
    "end" : 160,
    "text" : "O SECRETÁRIO MUNICIPAL DE ADMINISTRAÇÃO, no uso de suas \natribuições que lhe são conferidas pela legislação em vigor,",
    "tokens" : [ {
      "id" : "s1-t0",
      "begin" : 43,
      "end" : 44,
      "text" : "O",
      "whiteSpace" : false
    }, {
      "id" : "s1-t1",
      "begin" : 45,
      "end" : 55,
      "text" : "SECRETÁRIO",
      "whiteSpace" : false
    }, {
      "id" : "s1-t2",
      "begin" : 56,
      "end" : 65,
      "text" : "MUNICIPAL",
      "whiteSpace" : false
    }, {
      "id" : "s1-t3",
      "begin" : 66,
      "end" : 68,
      "text" : "DE",
      "whiteSpace" : false
    }, {
      "id" : "s1-t4",
      "begin" : 69,
      "end" : 82,
      "text" : "ADMINISTRAÇÃO",
      "whiteSpace" : false
    }, {
      "id" : "s1-t5",
      "begin" : 82,
      "end" : 83,
      "text" : ",",
      "whiteSpace" : false
    }, {
      "id" : "s1-t6",
      "begin" : 84,
      "end" : 86,
      "text" : "no",
      "whiteSpace" : false
    }, {
      "id" : "s1-t7",
      "begin" : 87,
      "end" : 90,
      "text" : "uso",
      "whiteSpace" : false
    }, {
      "id" : "s1-t8",
      "begin" : 91,
      "end" : 93,
      "text" : "de",
      "whiteSpace" : false
    }, {
      "id" : "s1-t9",
      "begin" : 94,
      "end" : 98,
      "text" : "suas",
      "whiteSpace" : false
    }, {
      "id" : "s1-t10",
      "begin" : 100,
      "end" : 111,
      "text" : "atribuições",
      "whiteSpace" : false
    }, {
      "id" : "s1-t11",
      "begin" : 112,
      "end" : 115,
      "text" : "que",
      "whiteSpace" : false
    }, {
      "id" : "s1-t12",
      "begin" : 116,
      "end" : 119,
      "text" : "lhe",
      "whiteSpace" : false
    }, {
      "id" : "s1-t13",
      "begin" : 120,
      "end" : 123,
      "text" : "são",
      "whiteSpace" : false
    }, {
      "id" : "s1-t14",
      "begin" : 124,
      "end" : 134,
      "text" : "conferidas",
      "whiteSpace" : false
    }, {
      "id" : "s1-t15",
      "begin" : 135,
      "end" : 139,
      "text" : "pela",
      "whiteSpace" : false
    }, {
      "id" : "s1-t16",
      "begin" : 140,
      "end" : 150,
      "text" : "legislação",
      "whiteSpace" : false
    }, {
      "id" : "s1-t17",
      "begin" : 151,
      "end" : 153,
      "text" : "em",
      "whiteSpace" : false
    }, {
      "id" : "s1-t18",
      "begin" : 154,
      "end" : 159,
      "text" : "vigor",
      "whiteSpace" : false
    }, {
      "id" : "s1-t19",
      "begin" : 159,
      "end" : 160,
      "text" : ",",
      "whiteSpace" : false
    } ]
  }, {
    "id" : "s2",
    "begin" : 162,
    "end" : 465,
    "text" : "Resolução nº 150 - Nomear KATIA RIZIK DE AZEVEDO, matrícu-\nla 10/226.005-7, para exercer do Cargo em Comissão de Assistente I, \nsímbolo DAS-06, código 016825, da Coordenadoria de Suprimentos, da \nCoordenadoria Geral do Subsistema de Infraestrutura e Logística da Se-\ncretaria Municipal de Administração.",
    "tokens" : [ {
      "id" : "s2-t0",
      "begin" : 162,
      "end" : 171,
      "text" : "Resolução",
      "whiteSpace" : false
    }, {
      "id" : "s2-t1",
      "begin" : 172,
      "end" : 174,
      "text" : "nº",
      "whiteSpace" : false
    }, {
      "id" : "s2-t2",
      "begin" : 175,
      "end" : 178,
      "text" : "150",
      "whiteSpace" : false
    }, {
      "id" : "s2-t3",
      "begin" : 179,
      "end" : 180,
      "text" : "-",
      "whiteSpace" : false
    }, {
      "id" : "s2-t4",
      "begin" : 181,
      "end" : 187,
      "text" : "Nomear",
      "whiteSpace" : false
    }, {
      "id" : "s2-t5",
      "begin" : 188,
      "end" : 193,
      "text" : "KATIA",
      "whiteSpace" : false
    }, {
      "id" : "s2-t6",
      "begin" : 194,
      "end" : 199,
      "text" : "RIZIK",
      "whiteSpace" : false
    }, {
      "id" : "s2-t7",
      "begin" : 200,
      "end" : 202,
      "text" : "DE",
      "whiteSpace" : false
    }, {
      "id" : "s2-t8",
      "begin" : 203,
      "end" : 210,
      "text" : "AZEVEDO",
      "whiteSpace" : false
    }, {
      "id" : "s2-t9",
      "begin" : 210,
      "end" : 211,
      "text" : ",",
      "whiteSpace" : false
    }, {
      "id" : "s2-t10",
      "begin" : 212,
      "end" : 219,
      "text" : "matrícu",
      "whiteSpace" : false
    }, {
      "id" : "s2-t11",
      "begin" : 219,
      "end" : 220,
      "text" : "-",
      "whiteSpace" : false
    }, {
      "id" : "s2-t12",
      "begin" : 221,
      "end" : 223,
      "text" : "la",
      "whiteSpace" : false
    }, {
      "id" : "s2-t13",
      "begin" : 224,
      "end" : 226,
      "text" : "10",
      "whiteSpace" : false
    }, {
      "id" : "s2-t14",
      "begin" : 226,
      "end" : 236,
      "text" : "/226.005-7",
      "whiteSpace" : false
    }, {
      "id" : "s2-t15",
      "begin" : 236,
      "end" : 237,
      "text" : ",",
      "whiteSpace" : false
    }, {
      "id" : "s2-t16",
      "begin" : 238,
      "end" : 242,
      "text" : "para",
      "whiteSpace" : false
    }, {
      "id" : "s2-t17",
      "begin" : 243,
      "end" : 250,
      "text" : "exercer",
      "whiteSpace" : false
    }, {
      "id" : "s2-t18",
      "begin" : 251,
      "end" : 253,
      "text" : "do",
      "whiteSpace" : false
    }, {
      "id" : "s2-t19",
      "begin" : 254,
      "end" : 259,
      "text" : "Cargo",
      "whiteSpace" : false
    }, {
      "id" : "s2-t20",
      "begin" : 260,
      "end" : 262,
      "text" : "em",
      "whiteSpace" : false
    }, {
      "id" : "s2-t21",
      "begin" : 263,
      "end" : 271,
      "text" : "Comissão",
      "whiteSpace" : false
    }, {
      "id" : "s2-t22",
      "begin" : 272,
      "end" : 274,
      "text" : "de",
      "whiteSpace" : false
    }, {
      "id" : "s2-t23",
      "begin" : 275,
      "end" : 285,
      "text" : "Assistente",
      "whiteSpace" : false
    }, {
      "id" : "s2-t24",
      "begin" : 286,
      "end" : 287,
      "text" : "I",
      "whiteSpace" : false
    }, {
      "id" : "s2-t25",
      "begin" : 287,
      "end" : 288,
      "text" : ",",
      "whiteSpace" : false
    }, {
      "id" : "s2-t26",
      "begin" : 290,
      "end" : 297,
      "text" : "símbolo",
      "whiteSpace" : false
    }, {
      "id" : "s2-t27",
      "begin" : 298,
      "end" : 304,
      "text" : "DAS-06",
      "whiteSpace" : false
    }, {
      "id" : "s2-t28",
      "begin" : 304,
      "end" : 305,
      "text" : ",",
      "whiteSpace" : false
    }, {
      "id" : "s2-t29",
      "begin" : 306,
      "end" : 312,
      "text" : "código",
      "whiteSpace" : false
    }, {
      "id" : "s2-t30",
      "begin" : 313,
      "end" : 319,
      "text" : "016825",
      "whiteSpace" : false
    }, {
      "id" : "s2-t31",
      "begin" : 319,
      "end" : 320,
      "text" : ",",
      "whiteSpace" : false
    }, {
      "id" : "s2-t32",
      "begin" : 321,
      "end" : 323,
      "text" : "da",
      "whiteSpace" : false
    }, {
      "id" : "s2-t33",
      "begin" : 324,
      "end" : 337,
      "text" : "Coordenadoria",
      "whiteSpace" : false
    }, {
      "id" : "s2-t34",
      "begin" : 338,
      "end" : 340,
      "text" : "de",
      "whiteSpace" : false
    }, {
      "id" : "s2-t35",
      "begin" : 341,
      "end" : 352,
      "text" : "Suprimentos",
      "whiteSpace" : false
    }, {
      "id" : "s2-t36",
      "begin" : 352,
      "end" : 353,
      "text" : ",",
      "whiteSpace" : false
    }, {
      "id" : "s2-t37",
      "begin" : 354,
      "end" : 356,
      "text" : "da",
      "whiteSpace" : false
    }, {
      "id" : "s2-t38",
      "begin" : 358,
      "end" : 371,
      "text" : "Coordenadoria",
      "whiteSpace" : false
    }, {
      "id" : "s2-t39",
      "begin" : 372,
      "end" : 377,
      "text" : "Geral",
      "whiteSpace" : false
    }, {
      "id" : "s2-t40",
      "begin" : 378,
      "end" : 380,
      "text" : "do",
      "whiteSpace" : false
    }, {
      "id" : "s2-t41",
      "begin" : 381,
      "end" : 391,
      "text" : "Subsistema",
      "whiteSpace" : false
    }, {
      "id" : "s2-t42",
      "begin" : 392,
      "end" : 394,
      "text" : "de",
      "whiteSpace" : false
    }, {
      "id" : "s2-t43",
      "begin" : 395,
      "end" : 409,
      "text" : "Infraestrutura",
      "whiteSpace" : false
    }, {
      "id" : "s2-t44",
      "begin" : 410,
      "end" : 411,
      "text" : "e",
      "whiteSpace" : false
    }, {
      "id" : "s2-t45",
      "begin" : 412,
      "end" : 421,
      "text" : "Logística",
      "whiteSpace" : false
    }, {
      "id" : "s2-t46",
      "begin" : 422,
      "end" : 424,
      "text" : "da",
      "whiteSpace" : false
    }, {
      "id" : "s2-t47",
      "begin" : 425,
      "end" : 427,
      "text" : "Se",
      "whiteSpace" : false
    }, {
      "id" : "s2-t48",
      "begin" : 427,
      "end" : 428,
      "text" : "-",
      "whiteSpace" : false
    }, {
      "id" : "s2-t49",
      "begin" : 429,
      "end" : 437,
      "text" : "cretaria",
      "whiteSpace" : false
    }, {
      "id" : "s2-t50",
      "begin" : 438,
      "end" : 447,
      "text" : "Municipal",
      "whiteSpace" : false
    }, {
      "id" : "s2-t51",
      "begin" : 448,
      "end" : 450,
      "text" : "de",
      "whiteSpace" : false
    }, {
      "id" : "s2-t52",
      "begin" : 451,
      "end" : 464,
      "text" : "Administração",
      "whiteSpace" : false
    }, {
      "id" : "s2-t53",
      "begin" : 464,
      "end" : 465,
      "text" : ".",
      "whiteSpace" : false
    } ]
  } ],
  "mentions" : [ {
    "id" : "s0-m1",
    "properties" : {
      "SIRE_MENTION_ROLE" : "dia",
      "SIRE_ENTITY_SUBTYPE" : "NONE",
      "SIRE_MENTION_TYPE" : "NONE",
      "SIRE_MENTION_CLASS" : "SPC"
    },
    "type" : "dia",
    "begin" : 18,
    "end" : 20,
    "inCoref" : false
  }, {
    "id" : "s0-m2",
    "properties" : {
      "SIRE_MENTION_ROLE" : "mes",
      "SIRE_ENTITY_SUBTYPE" : "NONE",
      "SIRE_MENTION_TYPE" : "NONE",
      "SIRE_MENTION_CLASS" : "SPC"
    },
    "type" : "mes",
    "begin" : 24,
    "end" : 33,
    "inCoref" : false
  }, {
    "id" : "s0-m3",
    "properties" : {
      "SIRE_MENTION_ROLE" : "ano",
      "SIRE_ENTITY_SUBTYPE" : "NONE",
      "SIRE_MENTION_TYPE" : "NONE",
      "SIRE_MENTION_CLASS" : "SPC"
    },
    "type" : "ano",
    "begin" : 37,
    "end" : 41,
    "inCoref" : false
  }, {
    "id" : "s2-m1",
    "properties" : {
      "SIRE_MENTION_ROLE" : "portaria",
      "SIRE_ENTITY_SUBTYPE" : "NONE",
      "SIRE_MENTION_TYPE" : "NONE",
      "SIRE_MENTION_CLASS" : "SPC"
    },
    "type" : "portaria",
    "begin" : 175,
    "end" : 178,
    "inCoref" : false
  }, {
    "id" : "s2-m2",
    "properties" : {
      "SIRE_MENTION_ROLE" : "ato",
      "SIRE_ENTITY_SUBTYPE" : "NONE",
      "SIRE_MENTION_TYPE" : "NONE",
      "SIRE_MENTION_CLASS" : "SPC"
    },
    "type" : "ato",
    "begin" : 181,
    "end" : 187,
    "inCoref" : false
  }, {
    "id" : "s2-m3",
    "properties" : {
      "SIRE_MENTION_ROLE" : "nome",
      "SIRE_ENTITY_SUBTYPE" : "NONE",
      "SIRE_MENTION_TYPE" : "NONE",
      "SIRE_MENTION_CLASS" : "SPC"
    },
    "type" : "nome",
    "begin" : 188,
    "end" : 210,
    "inCoref" : false
  }, {
    "id" : "s2-m4",
    "properties" : {
      "SIRE_MENTION_ROLE" : "cargo",
      "SIRE_ENTITY_SUBTYPE" : "NONE",
      "SIRE_MENTION_TYPE" : "NONE",
      "SIRE_MENTION_CLASS" : "SPC"
    },
    "type" : "cargo",
    "begin" : 275,
    "end" : 287,
    "inCoref" : false
  } ],
  "relations" : [ ],
  "corefs" : [ ],
  "typeResolved" : true,
  "userResolved" : false
}