{
  "id" : "ed03c910-7022-11ec-85e7-8327690ca1b0-4",
  "name" : "buffer_rio_nom_05.txt",
  "createdDate" : 0,
  "version" : 3,
  "text" : "RESOLUÇÃO “P” N.º 782 DE 22 DE FEVEREIRO DE 2013\nO SECRETÁRIO CHEFE DA SECRETARIA MUNICIPAL DA CASA CI-\nVIL, no uso das atribuições que lhe são conferidas pela legislação em vigor,\n\nRESOLVE\nNomear MARIA DAS GRAÇAS RIBEIRO xAVIER, matrícula 70/277.562-5, \ncom validade a partir de 15 de fevereiro de 2013, para exercer o Cargo em \nComissão de Assistente I, símbolo DAS-06, código 039154, da Gerência \nde Administração de Contratos e Convênios, da Administração Setorial, \nda Subsecretaria de Gestão, da Secretaria Municipal de Esportes e Lazer.\n",
  "docLength" : 0,
  "language" : "PT",
  "status" : "IN_PROGRESS",
  "modifiedDate" : 1641605768730,
  "documentSet" : [ ],
  "preannotation" : [ ],
  "sentences" : [ {
    "id" : "s0",
    "begin" : 0,
    "end" : 180,
    "text" : "RESOLUÇÃO “P” N.º 782 DE 22 DE FEVEREIRO DE 2013\nO SECRETÁRIO CHEFE DA SECRETARIA MUNICIPAL DA CASA CI-\nVIL, no uso das atribuições que lhe são conferidas pela legislação em vigor,",
    "tokens" : [ {
      "id" : "s0-t0",
      "begin" : 0,
      "end" : 9,
      "text" : "RESOLUÇÃO",
      "whiteSpace" : false
    }, {
      "id" : "s0-t1",
      "begin" : 10,
      "end" : 11,
      "text" : "“",
      "whiteSpace" : false
    }, {
      "id" : "s0-t2",
      "begin" : 11,
      "end" : 12,
      "text" : "P",
      "whiteSpace" : false
    }, {
      "id" : "s0-t3",
      "begin" : 12,
      "end" : 13,
      "text" : "”",
      "whiteSpace" : false
    }, {
      "id" : "s0-t4",
      "begin" : 14,
      "end" : 16,
      "text" : "N.",
      "whiteSpace" : false
    }, {
      "id" : "s0-t5",
      "begin" : 16,
      "end" : 17,
      "text" : "º",
      "whiteSpace" : false
    }, {
      "id" : "s0-t6",
      "begin" : 18,
      "end" : 21,
      "text" : "782",
      "whiteSpace" : false
    }, {
      "id" : "s0-t7",
      "begin" : 22,
      "end" : 24,
      "text" : "DE",
      "whiteSpace" : false
    }, {
      "id" : "s0-t8",
      "begin" : 25,
      "end" : 27,
      "text" : "22",
      "whiteSpace" : false
    }, {
      "id" : "s0-t9",
      "begin" : 28,
      "end" : 30,
      "text" : "DE",
      "whiteSpace" : false
    }, {
      "id" : "s0-t10",
      "begin" : 31,
      "end" : 40,
      "text" : "FEVEREIRO",
      "whiteSpace" : false
    }, {
      "id" : "s0-t11",
      "begin" : 41,
      "end" : 43,
      "text" : "DE",
      "whiteSpace" : false
    }, {
      "id" : "s0-t12",
      "begin" : 44,
      "end" : 48,
      "text" : "2013",
      "whiteSpace" : false
    }, {
      "id" : "s0-t13",
      "begin" : 49,
      "end" : 50,
      "text" : "O",
      "whiteSpace" : false
    }, {
      "id" : "s0-t14",
      "begin" : 51,
      "end" : 61,
      "text" : "SECRETÁRIO",
      "whiteSpace" : false
    }, {
      "id" : "s0-t15",
      "begin" : 62,
      "end" : 67,
      "text" : "CHEFE",
      "whiteSpace" : false
    }, {
      "id" : "s0-t16",
      "begin" : 68,
      "end" : 70,
      "text" : "DA",
      "whiteSpace" : false
    }, {
      "id" : "s0-t17",
      "begin" : 71,
      "end" : 81,
      "text" : "SECRETARIA",
      "whiteSpace" : false
    }, {
      "id" : "s0-t18",
      "begin" : 82,
      "end" : 91,
      "text" : "MUNICIPAL",
      "whiteSpace" : false
    }, {
      "id" : "s0-t19",
      "begin" : 92,
      "end" : 94,
      "text" : "DA",
      "whiteSpace" : false
    }, {
      "id" : "s0-t20",
      "begin" : 95,
      "end" : 99,
      "text" : "CASA",
      "whiteSpace" : false
    }, {
      "id" : "s0-t21",
      "begin" : 100,
      "end" : 102,
      "text" : "CI",
      "whiteSpace" : false
    }, {
      "id" : "s0-t22",
      "begin" : 102,
      "end" : 103,
      "text" : "-",
      "whiteSpace" : false
    }, {
      "id" : "s0-t23",
      "begin" : 104,
      "end" : 107,
      "text" : "VIL",
      "whiteSpace" : false
    }, {
      "id" : "s0-t24",
      "begin" : 107,
      "end" : 108,
      "text" : ",",
      "whiteSpace" : false
    }, {
      "id" : "s0-t25",
      "begin" : 109,
      "end" : 111,
      "text" : "no",
      "whiteSpace" : false
    }, {
      "id" : "s0-t26",
      "begin" : 112,
      "end" : 115,
      "text" : "uso",
      "whiteSpace" : false
    }, {
      "id" : "s0-t27",
      "begin" : 116,
      "end" : 119,
      "text" : "das",
      "whiteSpace" : false
    }, {
      "id" : "s0-t28",
      "begin" : 120,
      "end" : 131,
      "text" : "atribuições",
      "whiteSpace" : false
    }, {
      "id" : "s0-t29",
      "begin" : 132,
      "end" : 135,
      "text" : "que",
      "whiteSpace" : false
    }, {
      "id" : "s0-t30",
      "begin" : 136,
      "end" : 139,
      "text" : "lhe",
      "whiteSpace" : false
    }, {
      "id" : "s0-t31",
      "begin" : 140,
      "end" : 143,
      "text" : "são",
      "whiteSpace" : false
    }, {
      "id" : "s0-t32",
      "begin" : 144,
      "end" : 154,
      "text" : "conferidas",
      "whiteSpace" : false
    }, {
      "id" : "s0-t33",
      "begin" : 155,
      "end" : 159,
      "text" : "pela",
      "whiteSpace" : false
    }, {
      "id" : "s0-t34",
      "begin" : 160,
      "end" : 170,
      "text" : "legislação",
      "whiteSpace" : false
    }, {
      "id" : "s0-t35",
      "begin" : 171,
      "end" : 173,
      "text" : "em",
      "whiteSpace" : false
    }, {
      "id" : "s0-t36",
      "begin" : 174,
      "end" : 179,
      "text" : "vigor",
      "whiteSpace" : false
    }, {
      "id" : "s0-t37",
      "begin" : 179,
      "end" : 180,
      "text" : ",",
      "whiteSpace" : false
    } ]
  }, {
    "id" : "s1",
    "begin" : 182,
    "end" : 543,
    "text" : "RESOLVE\nNomear MARIA DAS GRAÇAS RIBEIRO xAVIER, matrícula 70/277.562-5, \ncom validade a partir de 15 de fevereiro de 2013, para exercer o Cargo em \nComissão de Assistente I, símbolo DAS-06, código 039154, da Gerência \nde Administração de Contratos e Convênios, da Administração Setorial, \nda Subsecretaria de Gestão, da Secretaria Municipal de Esportes e Lazer.",
    "tokens" : [ {
      "id" : "s1-t0",
      "begin" : 182,
      "end" : 189,
      "text" : "RESOLVE",
      "whiteSpace" : false
    }, {
      "id" : "s1-t1",
      "begin" : 190,
      "end" : 196,
      "text" : "Nomear",
      "whiteSpace" : false
    }, {
      "id" : "s1-t2",
      "begin" : 197,
      "end" : 202,
      "text" : "MARIA",
      "whiteSpace" : false
    }, {
      "id" : "s1-t3",
      "begin" : 203,
      "end" : 206,
      "text" : "DAS",
      "whiteSpace" : false
    }, {
      "id" : "s1-t4",
      "begin" : 207,
      "end" : 213,
      "text" : "GRAÇAS",
      "whiteSpace" : false
    }, {
      "id" : "s1-t5",
      "begin" : 214,
      "end" : 221,
      "text" : "RIBEIRO",
      "whiteSpace" : false
    }, {
      "id" : "s1-t6",
      "begin" : 222,
      "end" : 228,
      "text" : "xAVIER",
      "whiteSpace" : false
    }, {
      "id" : "s1-t7",
      "begin" : 228,
      "end" : 229,
      "text" : ",",
      "whiteSpace" : false
    }, {
      "id" : "s1-t8",
      "begin" : 230,
      "end" : 239,
      "text" : "matrícula",
      "whiteSpace" : false
    }, {
      "id" : "s1-t9",
      "begin" : 240,
      "end" : 242,
      "text" : "70",
      "whiteSpace" : false
    }, {
      "id" : "s1-t10",
      "begin" : 242,
      "end" : 252,
      "text" : "/277.562-5",
      "whiteSpace" : false
    }, {
      "id" : "s1-t11",
      "begin" : 252,
      "end" : 253,
      "text" : ",",
      "whiteSpace" : false
    }, {
      "id" : "s1-t12",
      "begin" : 255,
      "end" : 258,
      "text" : "com",
      "whiteSpace" : false
    }, {
      "id" : "s1-t13",
      "begin" : 259,
      "end" : 267,
      "text" : "validade",
      "whiteSpace" : false
    }, {
      "id" : "s1-t14",
      "begin" : 268,
      "end" : 269,
      "text" : "a",
      "whiteSpace" : false
    }, {
      "id" : "s1-t15",
      "begin" : 270,
      "end" : 276,
      "text" : "partir",
      "whiteSpace" : false
    }, {
      "id" : "s1-t16",
      "begin" : 277,
      "end" : 279,
      "text" : "de",
      "whiteSpace" : false
    }, {
      "id" : "s1-t17",
      "begin" : 280,
      "end" : 282,
      "text" : "15",
      "whiteSpace" : false
    }, {
      "id" : "s1-t18",
      "begin" : 283,
      "end" : 285,
      "text" : "de",
      "whiteSpace" : false
    }, {
      "id" : "s1-t19",
      "begin" : 286,
      "end" : 295,
      "text" : "fevereiro",
      "whiteSpace" : false
    }, {
      "id" : "s1-t20",
      "begin" : 296,
      "end" : 298,
      "text" : "de",
      "whiteSpace" : false
    }, {
      "id" : "s1-t21",
      "begin" : 299,
      "end" : 303,
      "text" : "2013",
      "whiteSpace" : false
    }, {
      "id" : "s1-t22",
      "begin" : 303,
      "end" : 304,
      "text" : ",",
      "whiteSpace" : false
    }, {
      "id" : "s1-t23",
      "begin" : 305,
      "end" : 309,
      "text" : "para",
      "whiteSpace" : false
    }, {
      "id" : "s1-t24",
      "begin" : 310,
      "end" : 317,
      "text" : "exercer",
      "whiteSpace" : false
    }, {
      "id" : "s1-t25",
      "begin" : 318,
      "end" : 319,
      "text" : "o",
      "whiteSpace" : false
    }, {
      "id" : "s1-t26",
      "begin" : 320,
      "end" : 325,
      "text" : "Cargo",
      "whiteSpace" : false
    }, {
      "id" : "s1-t27",
      "begin" : 326,
      "end" : 328,
      "text" : "em",
      "whiteSpace" : false
    }, {
      "id" : "s1-t28",
      "begin" : 330,
      "end" : 338,
      "text" : "Comissão",
      "whiteSpace" : false
    }, {
      "id" : "s1-t29",
      "begin" : 339,
      "end" : 341,
      "text" : "de",
      "whiteSpace" : false
    }, {
      "id" : "s1-t30",
      "begin" : 342,
      "end" : 352,
      "text" : "Assistente",
      "whiteSpace" : false
    }, {
      "id" : "s1-t31",
      "begin" : 353,
      "end" : 354,
      "text" : "I",
      "whiteSpace" : false
    }, {
      "id" : "s1-t32",
      "begin" : 354,
      "end" : 355,
      "text" : ",",
      "whiteSpace" : false
    }, {
      "id" : "s1-t33",
      "begin" : 356,
      "end" : 363,
      "text" : "símbolo",
      "whiteSpace" : false
    }, {
      "id" : "s1-t34",
      "begin" : 364,
      "end" : 370,
      "text" : "DAS-06",
      "whiteSpace" : false
    }, {
      "id" : "s1-t35",
      "begin" : 370,
      "end" : 371,
      "text" : ",",
      "whiteSpace" : false
    }, {
      "id" : "s1-t36",
      "begin" : 372,
      "end" : 378,
      "text" : "código",
      "whiteSpace" : false
    }, {
      "id" : "s1-t37",
      "begin" : 379,
      "end" : 385,
      "text" : "039154",
      "whiteSpace" : false
    }, {
      "id" : "s1-t38",
      "begin" : 385,
      "end" : 386,
      "text" : ",",
      "whiteSpace" : false
    }, {
      "id" : "s1-t39",
      "begin" : 387,
      "end" : 389,
      "text" : "da",
      "whiteSpace" : false
    }, {
      "id" : "s1-t40",
      "begin" : 390,
      "end" : 398,
      "text" : "Gerência",
      "whiteSpace" : false
    }, {
      "id" : "s1-t41",
      "begin" : 400,
      "end" : 402,
      "text" : "de",
      "whiteSpace" : false
    }, {
      "id" : "s1-t42",
      "begin" : 403,
      "end" : 416,
      "text" : "Administração",
      "whiteSpace" : false
    }, {
      "id" : "s1-t43",
      "begin" : 417,
      "end" : 419,
      "text" : "de",
      "whiteSpace" : false
    }, {
      "id" : "s1-t44",
      "begin" : 420,
      "end" : 429,
      "text" : "Contratos",
      "whiteSpace" : false
    }, {
      "id" : "s1-t45",
      "begin" : 430,
      "end" : 431,
      "text" : "e",
      "whiteSpace" : false
    }, {
      "id" : "s1-t46",
      "begin" : 432,
      "end" : 441,
      "text" : "Convênios",
      "whiteSpace" : false
    }, {
      "id" : "s1-t47",
      "begin" : 441,
      "end" : 442,
      "text" : ",",
      "whiteSpace" : false
    }, {
      "id" : "s1-t48",
      "begin" : 443,
      "end" : 445,
      "text" : "da",
      "whiteSpace" : false
    }, {
      "id" : "s1-t49",
      "begin" : 446,
      "end" : 459,
      "text" : "Administração",
      "whiteSpace" : false
    }, {
      "id" : "s1-t50",
      "begin" : 460,
      "end" : 468,
      "text" : "Setorial",
      "whiteSpace" : false
    }, {
      "id" : "s1-t51",
      "begin" : 468,
      "end" : 469,
      "text" : ",",
      "whiteSpace" : false
    }, {
      "id" : "s1-t52",
      "begin" : 471,
      "end" : 473,
      "text" : "da",
      "whiteSpace" : false
    }, {
      "id" : "s1-t53",
      "begin" : 474,
      "end" : 487,
      "text" : "Subsecretaria",
      "whiteSpace" : false
    }, {
      "id" : "s1-t54",
      "begin" : 488,
      "end" : 490,
      "text" : "de",
      "whiteSpace" : false
    }, {
      "id" : "s1-t55",
      "begin" : 491,
      "end" : 497,
      "text" : "Gestão",
      "whiteSpace" : false
    }, {
      "id" : "s1-t56",
      "begin" : 497,
      "end" : 498,
      "text" : ",",
      "whiteSpace" : false
    }, {
      "id" : "s1-t57",
      "begin" : 499,
      "end" : 501,
      "text" : "da",
      "whiteSpace" : false
    }, {
      "id" : "s1-t58",
      "begin" : 502,
      "end" : 512,
      "text" : "Secretaria",
      "whiteSpace" : false
    }, {
      "id" : "s1-t59",
      "begin" : 513,
      "end" : 522,
      "text" : "Municipal",
      "whiteSpace" : false
    }, {
      "id" : "s1-t60",
      "begin" : 523,
      "end" : 525,
      "text" : "de",
      "whiteSpace" : false
    }, {
      "id" : "s1-t61",
      "begin" : 526,
      "end" : 534,
      "text" : "Esportes",
      "whiteSpace" : false
    }, {
      "id" : "s1-t62",
      "begin" : 535,
      "end" : 536,
      "text" : "e",
      "whiteSpace" : false
    }, {
      "id" : "s1-t63",
      "begin" : 537,
      "end" : 542,
      "text" : "Lazer",
      "whiteSpace" : false
    }, {
      "id" : "s1-t64",
      "begin" : 542,
      "end" : 543,
      "text" : ".",
      "whiteSpace" : false
    } ]
  } ],
  "mentions" : [ {
    "id" : "s0-m1",
    "properties" : {
      "SIRE_MENTION_ROLE" : "portaria",
      "SIRE_ENTITY_SUBTYPE" : "NONE",
      "SIRE_MENTION_TYPE" : "NONE",
      "SIRE_MENTION_CLASS" : "SPC"
    },
    "type" : "portaria",
    "begin" : 18,
    "end" : 21,
    "inCoref" : false
  }, {
    "id" : "s0-m2",
    "properties" : {
      "SIRE_MENTION_ROLE" : "dia",
      "SIRE_ENTITY_SUBTYPE" : "NONE",
      "SIRE_MENTION_TYPE" : "NONE",
      "SIRE_MENTION_CLASS" : "SPC"
    },
    "type" : "dia",
    "begin" : 25,
    "end" : 27,
    "inCoref" : false
  }, {
    "id" : "s0-m3",
    "properties" : {
      "SIRE_MENTION_ROLE" : "mes",
      "SIRE_ENTITY_SUBTYPE" : "NONE",
      "SIRE_MENTION_TYPE" : "NONE",
      "SIRE_MENTION_CLASS" : "SPC"
    },
    "type" : "mes",
    "begin" : 31,
    "end" : 40,
    "inCoref" : false
  }, {
    "id" : "s0-m4",
    "properties" : {
      "SIRE_MENTION_ROLE" : "ano",
      "SIRE_ENTITY_SUBTYPE" : "NONE",
      "SIRE_MENTION_TYPE" : "NONE",
      "SIRE_MENTION_CLASS" : "SPC"
    },
    "type" : "ano",
    "begin" : 44,
    "end" : 48,
    "inCoref" : false
  }, {
    "id" : "s1-m1",
    "properties" : {
      "SIRE_MENTION_ROLE" : "ato",
      "SIRE_ENTITY_SUBTYPE" : "NONE",
      "SIRE_MENTION_TYPE" : "NONE",
      "SIRE_MENTION_CLASS" : "SPC"
    },
    "type" : "ato",
    "begin" : 190,
    "end" : 196,
    "inCoref" : false
  }, {
    "id" : "s1-m2",
    "properties" : {
      "SIRE_MENTION_ROLE" : "nome",
      "SIRE_ENTITY_SUBTYPE" : "NONE",
      "SIRE_MENTION_TYPE" : "NONE",
      "SIRE_MENTION_CLASS" : "SPC"
    },
    "type" : "nome",
    "begin" : 197,
    "end" : 228,
    "inCoref" : false
  }, {
    "id" : "s1-m3",
    "properties" : {
      "SIRE_MENTION_ROLE" : "cargo",
      "SIRE_ENTITY_SUBTYPE" : "NONE",
      "SIRE_MENTION_TYPE" : "NONE",
      "SIRE_MENTION_CLASS" : "SPC"
    },
    "type" : "cargo",
    "begin" : 342,
    "end" : 354,
    "inCoref" : false
  } ],
  "relations" : [ ],
  "corefs" : [ ],
  "typeResolved" : true,
  "userResolved" : false
}