{
  "id" : "ed03c910-7022-11ec-85e7-8327690ca1b0-5",
  "name" : "buffer_rio_nom_06.txt",
  "createdDate" : 0,
  "version" : 3,
  "text" : "RESOLUÇÃO “P” N.º 789 DE 22 DE FEVEREIRO DE 2013\nO SECRETÁRIO CHEFE DA SECRETARIA MUNICIPAL DA CASA CI-\nVIL, no uso das atribuições que lhe são conferidas pela legislação em vigor,\n\nRESOLVE\nNomear RAFAEL DE PAULA CORREA, matrícula 60/271.221-4, com vali-\ndade a partir de 5 de fevereiro de 2013, para exercer o Cargo em Comissão \nde Gerente II, símbolo DAS-07, código 022380, do Centro Cultural Munici-\npal José Bonifácio, da Gerência dos Centros Culturais, da Coordenadoria \nde Museus, Centros Culturais e Artes Visuais, da Subsecretaria de Cultura, \nda Secretaria Municipal de Cultura.\n",
  "docLength" : 0,
  "language" : "PT",
  "status" : "IN_PROGRESS",
  "modifiedDate" : 1641605799726,
  "documentSet" : [ ],
  "preannotation" : [ ],
  "sentences" : [ {
    "id" : "s0",
    "begin" : 0,
    "end" : 180,
    "text" : "RESOLUÇÃO “P” N.º 789 DE 22 DE FEVEREIRO DE 2013\nO SECRETÁRIO CHEFE DA SECRETARIA MUNICIPAL DA CASA CI-\nVIL, no uso das atribuições que lhe são conferidas pela legislação em vigor,",
    "tokens" : [ {
      "id" : "s0-t0",
      "begin" : 0,
      "end" : 9,
      "text" : "RESOLUÇÃO",
      "whiteSpace" : false
    }, {
      "id" : "s0-t1",
      "begin" : 10,
      "end" : 11,
      "text" : "“",
      "whiteSpace" : false
    }, {
      "id" : "s0-t2",
      "begin" : 11,
      "end" : 12,
      "text" : "P",
      "whiteSpace" : false
    }, {
      "id" : "s0-t3",
      "begin" : 12,
      "end" : 13,
      "text" : "”",
      "whiteSpace" : false
    }, {
      "id" : "s0-t4",
      "begin" : 14,
      "end" : 16,
      "text" : "N.",
      "whiteSpace" : false
    }, {
      "id" : "s0-t5",
      "begin" : 16,
      "end" : 17,
      "text" : "º",
      "whiteSpace" : false
    }, {
      "id" : "s0-t6",
      "begin" : 18,
      "end" : 21,
      "text" : "789",
      "whiteSpace" : false
    }, {
      "id" : "s0-t7",
      "begin" : 22,
      "end" : 24,
      "text" : "DE",
      "whiteSpace" : false
    }, {
      "id" : "s0-t8",
      "begin" : 25,
      "end" : 27,
      "text" : "22",
      "whiteSpace" : false
    }, {
      "id" : "s0-t9",
      "begin" : 28,
      "end" : 30,
      "text" : "DE",
      "whiteSpace" : false
    }, {
      "id" : "s0-t10",
      "begin" : 31,
      "end" : 40,
      "text" : "FEVEREIRO",
      "whiteSpace" : false
    }, {
      "id" : "s0-t11",
      "begin" : 41,
      "end" : 43,
      "text" : "DE",
      "whiteSpace" : false
    }, {
      "id" : "s0-t12",
      "begin" : 44,
      "end" : 48,
      "text" : "2013",
      "whiteSpace" : false
    }, {
      "id" : "s0-t13",
      "begin" : 49,
      "end" : 50,
      "text" : "O",
      "whiteSpace" : false
    }, {
      "id" : "s0-t14",
      "begin" : 51,
      "end" : 61,
      "text" : "SECRETÁRIO",
      "whiteSpace" : false
    }, {
      "id" : "s0-t15",
      "begin" : 62,
      "end" : 67,
      "text" : "CHEFE",
      "whiteSpace" : false
    }, {
      "id" : "s0-t16",
      "begin" : 68,
      "end" : 70,
      "text" : "DA",
      "whiteSpace" : false
    }, {
      "id" : "s0-t17",
      "begin" : 71,
      "end" : 81,
      "text" : "SECRETARIA",
      "whiteSpace" : false
    }, {
      "id" : "s0-t18",
      "begin" : 82,
      "end" : 91,
      "text" : "MUNICIPAL",
      "whiteSpace" : false
    }, {
      "id" : "s0-t19",
      "begin" : 92,
      "end" : 94,
      "text" : "DA",
      "whiteSpace" : false
    }, {
      "id" : "s0-t20",
      "begin" : 95,
      "end" : 99,
      "text" : "CASA",
      "whiteSpace" : false
    }, {
      "id" : "s0-t21",
      "begin" : 100,
      "end" : 102,
      "text" : "CI",
      "whiteSpace" : false
    }, {
      "id" : "s0-t22",
      "begin" : 102,
      "end" : 103,
      "text" : "-",
      "whiteSpace" : false
    }, {
      "id" : "s0-t23",
      "begin" : 104,
      "end" : 107,
      "text" : "VIL",
      "whiteSpace" : false
    }, {
      "id" : "s0-t24",
      "begin" : 107,
      "end" : 108,
      "text" : ",",
      "whiteSpace" : false
    }, {
      "id" : "s0-t25",
      "begin" : 109,
      "end" : 111,
      "text" : "no",
      "whiteSpace" : false
    }, {
      "id" : "s0-t26",
      "begin" : 112,
      "end" : 115,
      "text" : "uso",
      "whiteSpace" : false
    }, {
      "id" : "s0-t27",
      "begin" : 116,
      "end" : 119,
      "text" : "das",
      "whiteSpace" : false
    }, {
      "id" : "s0-t28",
      "begin" : 120,
      "end" : 131,
      "text" : "atribuições",
      "whiteSpace" : false
    }, {
      "id" : "s0-t29",
      "begin" : 132,
      "end" : 135,
      "text" : "que",
      "whiteSpace" : false
    }, {
      "id" : "s0-t30",
      "begin" : 136,
      "end" : 139,
      "text" : "lhe",
      "whiteSpace" : false
    }, {
      "id" : "s0-t31",
      "begin" : 140,
      "end" : 143,
      "text" : "são",
      "whiteSpace" : false
    }, {
      "id" : "s0-t32",
      "begin" : 144,
      "end" : 154,
      "text" : "conferidas",
      "whiteSpace" : false
    }, {
      "id" : "s0-t33",
      "begin" : 155,
      "end" : 159,
      "text" : "pela",
      "whiteSpace" : false
    }, {
      "id" : "s0-t34",
      "begin" : 160,
      "end" : 170,
      "text" : "legislação",
      "whiteSpace" : false
    }, {
      "id" : "s0-t35",
      "begin" : 171,
      "end" : 173,
      "text" : "em",
      "whiteSpace" : false
    }, {
      "id" : "s0-t36",
      "begin" : 174,
      "end" : 179,
      "text" : "vigor",
      "whiteSpace" : false
    }, {
      "id" : "s0-t37",
      "begin" : 179,
      "end" : 180,
      "text" : ",",
      "whiteSpace" : false
    } ]
  }, {
    "id" : "s1",
    "begin" : 182,
    "end" : 587,
    "text" : "RESOLVE\nNomear RAFAEL DE PAULA CORREA, matrícula 60/271.221-4, com vali-\ndade a partir de 5 de fevereiro de 2013, para exercer o Cargo em Comissão \nde Gerente II, símbolo DAS-07, código 022380, do Centro Cultural Munici-\npal José Bonifácio, da Gerência dos Centros Culturais, da Coordenadoria \nde Museus, Centros Culturais e Artes Visuais, da Subsecretaria de Cultura, \nda Secretaria Municipal de Cultura.",
    "tokens" : [ {
      "id" : "s1-t0",
      "begin" : 182,
      "end" : 189,
      "text" : "RESOLVE",
      "whiteSpace" : false
    }, {
      "id" : "s1-t1",
      "begin" : 190,
      "end" : 196,
      "text" : "Nomear",
      "whiteSpace" : false
    }, {
      "id" : "s1-t2",
      "begin" : 197,
      "end" : 203,
      "text" : "RAFAEL",
      "whiteSpace" : false
    }, {
      "id" : "s1-t3",
      "begin" : 204,
      "end" : 206,
      "text" : "DE",
      "whiteSpace" : false
    }, {
      "id" : "s1-t4",
      "begin" : 207,
      "end" : 212,
      "text" : "PAULA",
      "whiteSpace" : false
    }, {
      "id" : "s1-t5",
      "begin" : 213,
      "end" : 219,
      "text" : "CORREA",
      "whiteSpace" : false
    }, {
      "id" : "s1-t6",
      "begin" : 219,
      "end" : 220,
      "text" : ",",
      "whiteSpace" : false
    }, {
      "id" : "s1-t7",
      "begin" : 221,
      "end" : 230,
      "text" : "matrícula",
      "whiteSpace" : false
    }, {
      "id" : "s1-t8",
      "begin" : 231,
      "end" : 233,
      "text" : "60",
      "whiteSpace" : false
    }, {
      "id" : "s1-t9",
      "begin" : 233,
      "end" : 243,
      "text" : "/271.221-4",
      "whiteSpace" : false
    }, {
      "id" : "s1-t10",
      "begin" : 243,
      "end" : 244,
      "text" : ",",
      "whiteSpace" : false
    }, {
      "id" : "s1-t11",
      "begin" : 245,
      "end" : 248,
      "text" : "com",
      "whiteSpace" : false
    }, {
      "id" : "s1-t12",
      "begin" : 249,
      "end" : 253,
      "text" : "vali",
      "whiteSpace" : false
    }, {
      "id" : "s1-t13",
      "begin" : 253,
      "end" : 254,
      "text" : "-",
      "whiteSpace" : false
    }, {
      "id" : "s1-t14",
      "begin" : 255,
      "end" : 259,
      "text" : "dade",
      "whiteSpace" : false
    }, {
      "id" : "s1-t15",
      "begin" : 260,
      "end" : 261,
      "text" : "a",
      "whiteSpace" : false
    }, {
      "id" : "s1-t16",
      "begin" : 262,
      "end" : 268,
      "text" : "partir",
      "whiteSpace" : false
    }, {
      "id" : "s1-t17",
      "begin" : 269,
      "end" : 271,
      "text" : "de",
      "whiteSpace" : false
    }, {
      "id" : "s1-t18",
      "begin" : 272,
      "end" : 273,
      "text" : "5",
      "whiteSpace" : false
    }, {
      "id" : "s1-t19",
      "begin" : 274,
      "end" : 276,
      "text" : "de",
      "whiteSpace" : false
    }, {
      "id" : "s1-t20",
      "begin" : 277,
      "end" : 286,
      "text" : "fevereiro",
      "whiteSpace" : false
    }, {
      "id" : "s1-t21",
      "begin" : 287,
      "end" : 289,
      "text" : "de",
      "whiteSpace" : false
    }, {
      "id" : "s1-t22",
      "begin" : 290,
      "end" : 294,
      "text" : "2013",
      "whiteSpace" : false
    }, {
      "id" : "s1-t23",
      "begin" : 294,
      "end" : 295,
      "text" : ",",
      "whiteSpace" : false
    }, {
      "id" : "s1-t24",
      "begin" : 296,
      "end" : 300,
      "text" : "para",
      "whiteSpace" : false
    }, {
      "id" : "s1-t25",
      "begin" : 301,
      "end" : 308,
      "text" : "exercer",
      "whiteSpace" : false
    }, {
      "id" : "s1-t26",
      "begin" : 309,
      "end" : 310,
      "text" : "o",
      "whiteSpace" : false
    }, {
      "id" : "s1-t27",
      "begin" : 311,
      "end" : 316,
      "text" : "Cargo",
      "whiteSpace" : false
    }, {
      "id" : "s1-t28",
      "begin" : 317,
      "end" : 319,
      "text" : "em",
      "whiteSpace" : false
    }, {
      "id" : "s1-t29",
      "begin" : 320,
      "end" : 328,
      "text" : "Comissão",
      "whiteSpace" : false
    }, {
      "id" : "s1-t30",
      "begin" : 330,
      "end" : 332,
      "text" : "de",
      "whiteSpace" : false
    }, {
      "id" : "s1-t31",
      "begin" : 333,
      "end" : 340,
      "text" : "Gerente",
      "whiteSpace" : false
    }, {
      "id" : "s1-t32",
      "begin" : 341,
      "end" : 343,
      "text" : "II",
      "whiteSpace" : false
    }, {
      "id" : "s1-t33",
      "begin" : 343,
      "end" : 344,
      "text" : ",",
      "whiteSpace" : false
    }, {
      "id" : "s1-t34",
      "begin" : 345,
      "end" : 352,
      "text" : "símbolo",
      "whiteSpace" : false
    }, {
      "id" : "s1-t35",
      "begin" : 353,
      "end" : 359,
      "text" : "DAS-07",
      "whiteSpace" : false
    }, {
      "id" : "s1-t36",
      "begin" : 359,
      "end" : 360,
      "text" : ",",
      "whiteSpace" : false
    }, {
      "id" : "s1-t37",
      "begin" : 361,
      "end" : 367,
      "text" : "código",
      "whiteSpace" : false
    }, {
      "id" : "s1-t38",
      "begin" : 368,
      "end" : 374,
      "text" : "022380",
      "whiteSpace" : false
    }, {
      "id" : "s1-t39",
      "begin" : 374,
      "end" : 375,
      "text" : ",",
      "whiteSpace" : false
    }, {
      "id" : "s1-t40",
      "begin" : 376,
      "end" : 378,
      "text" : "do",
      "whiteSpace" : false
    }, {
      "id" : "s1-t41",
      "begin" : 379,
      "end" : 385,
      "text" : "Centro",
      "whiteSpace" : false
    }, {
      "id" : "s1-t42",
      "begin" : 386,
      "end" : 394,
      "text" : "Cultural",
      "whiteSpace" : false
    }, {
      "id" : "s1-t43",
      "begin" : 395,
      "end" : 401,
      "text" : "Munici",
      "whiteSpace" : false
    }, {
      "id" : "s1-t44",
      "begin" : 401,
      "end" : 402,
      "text" : "-",
      "whiteSpace" : false
    }, {
      "id" : "s1-t45",
      "begin" : 403,
      "end" : 406,
      "text" : "pal",
      "whiteSpace" : false
    }, {
      "id" : "s1-t46",
      "begin" : 407,
      "end" : 411,
      "text" : "José",
      "whiteSpace" : false
    }, {
      "id" : "s1-t47",
      "begin" : 412,
      "end" : 421,
      "text" : "Bonifácio",
      "whiteSpace" : false
    }, {
      "id" : "s1-t48",
      "begin" : 421,
      "end" : 422,
      "text" : ",",
      "whiteSpace" : false
    }, {
      "id" : "s1-t49",
      "begin" : 423,
      "end" : 425,
      "text" : "da",
      "whiteSpace" : false
    }, {
      "id" : "s1-t50",
      "begin" : 426,
      "end" : 434,
      "text" : "Gerência",
      "whiteSpace" : false
    }, {
      "id" : "s1-t51",
      "begin" : 435,
      "end" : 438,
      "text" : "dos",
      "whiteSpace" : false
    }, {
      "id" : "s1-t52",
      "begin" : 439,
      "end" : 446,
      "text" : "Centros",
      "whiteSpace" : false
    }, {
      "id" : "s1-t53",
      "begin" : 447,
      "end" : 456,
      "text" : "Culturais",
      "whiteSpace" : false
    }, {
      "id" : "s1-t54",
      "begin" : 456,
      "end" : 457,
      "text" : ",",
      "whiteSpace" : false
    }, {
      "id" : "s1-t55",
      "begin" : 458,
      "end" : 460,
      "text" : "da",
      "whiteSpace" : false
    }, {
      "id" : "s1-t56",
      "begin" : 461,
      "end" : 474,
      "text" : "Coordenadoria",
      "whiteSpace" : false
    }, {
      "id" : "s1-t57",
      "begin" : 476,
      "end" : 478,
      "text" : "de",
      "whiteSpace" : false
    }, {
      "id" : "s1-t58",
      "begin" : 479,
      "end" : 485,
      "text" : "Museus",
      "whiteSpace" : false
    }, {
      "id" : "s1-t59",
      "begin" : 485,
      "end" : 486,
      "text" : ",",
      "whiteSpace" : false
    }, {
      "id" : "s1-t60",
      "begin" : 487,
      "end" : 494,
      "text" : "Centros",
      "whiteSpace" : false
    }, {
      "id" : "s1-t61",
      "begin" : 495,
      "end" : 504,
      "text" : "Culturais",
      "whiteSpace" : false
    }, {
      "id" : "s1-t62",
      "begin" : 505,
      "end" : 506,
      "text" : "e",
      "whiteSpace" : false
    }, {
      "id" : "s1-t63",
      "begin" : 507,
      "end" : 512,
      "text" : "Artes",
      "whiteSpace" : false
    }, {
      "id" : "s1-t64",
      "begin" : 513,
      "end" : 520,
      "text" : "Visuais",
      "whiteSpace" : false
    }, {
      "id" : "s1-t65",
      "begin" : 520,
      "end" : 521,
      "text" : ",",
      "whiteSpace" : false
    }, {
      "id" : "s1-t66",
      "begin" : 522,
      "end" : 524,
      "text" : "da",
      "whiteSpace" : false
    }, {
      "id" : "s1-t67",
      "begin" : 525,
      "end" : 538,
      "text" : "Subsecretaria",
      "whiteSpace" : false
    }, {
      "id" : "s1-t68",
      "begin" : 539,
      "end" : 541,
      "text" : "de",
      "whiteSpace" : false
    }, {
      "id" : "s1-t69",
      "begin" : 542,
      "end" : 549,
      "text" : "Cultura",
      "whiteSpace" : false
    }, {
      "id" : "s1-t70",
      "begin" : 549,
      "end" : 550,
      "text" : ",",
      "whiteSpace" : false
    }, {
      "id" : "s1-t71",
      "begin" : 552,
      "end" : 554,
      "text" : "da",
      "whiteSpace" : false
    }, {
      "id" : "s1-t72",
      "begin" : 555,
      "end" : 565,
      "text" : "Secretaria",
      "whiteSpace" : false
    }, {
      "id" : "s1-t73",
      "begin" : 566,
      "end" : 575,
      "text" : "Municipal",
      "whiteSpace" : false
    }, {
      "id" : "s1-t74",
      "begin" : 576,
      "end" : 578,
      "text" : "de",
      "whiteSpace" : false
    }, {
      "id" : "s1-t75",
      "begin" : 579,
      "end" : 586,
      "text" : "Cultura",
      "whiteSpace" : false
    }, {
      "id" : "s1-t76",
      "begin" : 586,
      "end" : 587,
      "text" : ".",
      "whiteSpace" : false
    } ]
  } ],
  "mentions" : [ {
    "id" : "s0-m1",
    "properties" : {
      "SIRE_MENTION_ROLE" : "portaria",
      "SIRE_ENTITY_SUBTYPE" : "NONE",
      "SIRE_MENTION_TYPE" : "NONE",
      "SIRE_MENTION_CLASS" : "SPC"
    },
    "type" : "portaria",
    "begin" : 18,
    "end" : 21,
    "inCoref" : false
  }, {
    "id" : "s0-m2",
    "properties" : {
      "SIRE_MENTION_ROLE" : "dia",
      "SIRE_ENTITY_SUBTYPE" : "NONE",
      "SIRE_MENTION_TYPE" : "NONE",
      "SIRE_MENTION_CLASS" : "SPC"
    },
    "type" : "dia",
    "begin" : 25,
    "end" : 27,
    "inCoref" : false
  }, {
    "id" : "s0-m3",
    "properties" : {
      "SIRE_MENTION_ROLE" : "mes",
      "SIRE_ENTITY_SUBTYPE" : "NONE",
      "SIRE_MENTION_TYPE" : "NONE",
      "SIRE_MENTION_CLASS" : "SPC"
    },
    "type" : "mes",
    "begin" : 31,
    "end" : 40,
    "inCoref" : false
  }, {
    "id" : "s0-m4",
    "properties" : {
      "SIRE_MENTION_ROLE" : "ano",
      "SIRE_ENTITY_SUBTYPE" : "NONE",
      "SIRE_MENTION_TYPE" : "NONE",
      "SIRE_MENTION_CLASS" : "SPC"
    },
    "type" : "ano",
    "begin" : 44,
    "end" : 48,
    "inCoref" : false
  }, {
    "id" : "s1-m1",
    "properties" : {
      "SIRE_MENTION_ROLE" : "ato",
      "SIRE_ENTITY_SUBTYPE" : "NONE",
      "SIRE_MENTION_TYPE" : "NONE",
      "SIRE_MENTION_CLASS" : "SPC"
    },
    "type" : "ato",
    "begin" : 190,
    "end" : 196,
    "inCoref" : false
  }, {
    "id" : "s1-m2",
    "properties" : {
      "SIRE_MENTION_ROLE" : "nome",
      "SIRE_ENTITY_SUBTYPE" : "NONE",
      "SIRE_MENTION_TYPE" : "NONE",
      "SIRE_MENTION_CLASS" : "SPC"
    },
    "type" : "nome",
    "begin" : 197,
    "end" : 219,
    "inCoref" : false
  }, {
    "id" : "s1-m3",
    "properties" : {
      "SIRE_MENTION_ROLE" : "cargo",
      "SIRE_ENTITY_SUBTYPE" : "NONE",
      "SIRE_MENTION_TYPE" : "NONE",
      "SIRE_MENTION_CLASS" : "SPC"
    },
    "type" : "cargo",
    "begin" : 333,
    "end" : 343,
    "inCoref" : false
  } ],
  "relations" : [ ],
  "corefs" : [ ],
  "typeResolved" : true,
  "userResolved" : false
}