{
  "id" : "f17cd4f0-6eec-11ec-bfc5-1d2301fb7f11-2",
  "name" : "buffer_rec_nom_03.txt",
  "createdDate" : 0,
  "version" : 3,
  "text" : "PORTARIA Nº 1526 DE 01 DE DEZEMBRO DE 2021\nO PREFEITO DO RECIFE, no uso de suas atribuições, e tendo em vista o contido no ofício n° 873/2021 – DPR-URB,\nR E S O L V E:\nNomear JOSE PAULO DA SILVA FILHO, CPF nº ***.694.204-**, para exercer o cargo de provimento em comissão de Assistente \nTécnico, símbolo “CAA-4”, da Autarquia de Urbanização do Recife- URB RECIFE, a contar de 01 de dezembro de 2021.\n",
  "docLength" : 0,
  "language" : "PT",
  "status" : "IN_PROGRESS",
  "modifiedDate" : 1641584264932,
  "documentSet" : [ ],
  "preannotation" : [ ],
  "sentences" : [ {
    "id" : "s0",
    "begin" : 0,
    "end" : 399,
    "text" : "PORTARIA Nº 1526 DE 01 DE DEZEMBRO DE 2021\nO PREFEITO DO RECIFE, no uso de suas atribuições, e tendo em vista o contido no ofício n° 873/2021 – DPR-URB,\nR E S O L V E:\nNomear JOSE PAULO DA SILVA FILHO, CPF nº ***.694.204-**, para exercer o cargo de provimento em comissão de Assistente \nTécnico, símbolo “CAA-4”, da Autarquia de Urbanização do Recife- URB RECIFE, a contar de 01 de dezembro de 2021.",
    "tokens" : [ {
      "id" : "s0-t0",
      "begin" : 0,
      "end" : 8,
      "text" : "PORTARIA",
      "whiteSpace" : false
    }, {
      "id" : "s0-t1",
      "begin" : 9,
      "end" : 11,
      "text" : "Nº",
      "whiteSpace" : false
    }, {
      "id" : "s0-t2",
      "begin" : 12,
      "end" : 16,
      "text" : "1526",
      "whiteSpace" : false
    }, {
      "id" : "s0-t3",
      "begin" : 17,
      "end" : 19,
      "text" : "DE",
      "whiteSpace" : false
    }, {
      "id" : "s0-t4",
      "begin" : 20,
      "end" : 22,
      "text" : "01",
      "whiteSpace" : false
    }, {
      "id" : "s0-t5",
      "begin" : 23,
      "end" : 25,
      "text" : "DE",
      "whiteSpace" : false
    }, {
      "id" : "s0-t6",
      "begin" : 26,
      "end" : 34,
      "text" : "DEZEMBRO",
      "whiteSpace" : false
    }, {
      "id" : "s0-t7",
      "begin" : 35,
      "end" : 37,
      "text" : "DE",
      "whiteSpace" : false
    }, {
      "id" : "s0-t8",
      "begin" : 38,
      "end" : 42,
      "text" : "2021",
      "whiteSpace" : false
    }, {
      "id" : "s0-t9",
      "begin" : 43,
      "end" : 44,
      "text" : "O",
      "whiteSpace" : false
    }, {
      "id" : "s0-t10",
      "begin" : 45,
      "end" : 53,
      "text" : "PREFEITO",
      "whiteSpace" : false
    }, {
      "id" : "s0-t11",
      "begin" : 54,
      "end" : 56,
      "text" : "DO",
      "whiteSpace" : false
    }, {
      "id" : "s0-t12",
      "begin" : 57,
      "end" : 63,
      "text" : "RECIFE",
      "whiteSpace" : false
    }, {
      "id" : "s0-t13",
      "begin" : 63,
      "end" : 64,
      "text" : ",",
      "whiteSpace" : false
    }, {
      "id" : "s0-t14",
      "begin" : 65,
      "end" : 67,
      "text" : "no",
      "whiteSpace" : false
    }, {
      "id" : "s0-t15",
      "begin" : 68,
      "end" : 71,
      "text" : "uso",
      "whiteSpace" : false
    }, {
      "id" : "s0-t16",
      "begin" : 72,
      "end" : 74,
      "text" : "de",
      "whiteSpace" : false
    }, {
      "id" : "s0-t17",
      "begin" : 75,
      "end" : 79,
      "text" : "suas",
      "whiteSpace" : false
    }, {
      "id" : "s0-t18",
      "begin" : 80,
      "end" : 91,
      "text" : "atribuições",
      "whiteSpace" : false
    }, {
      "id" : "s0-t19",
      "begin" : 91,
      "end" : 92,
      "text" : ",",
      "whiteSpace" : false
    }, {
      "id" : "s0-t20",
      "begin" : 93,
      "end" : 94,
      "text" : "e",
      "whiteSpace" : false
    }, {
      "id" : "s0-t21",
      "begin" : 95,
      "end" : 100,
      "text" : "tendo",
      "whiteSpace" : false
    }, {
      "id" : "s0-t22",
      "begin" : 101,
      "end" : 103,
      "text" : "em",
      "whiteSpace" : false
    }, {
      "id" : "s0-t23",
      "begin" : 104,
      "end" : 109,
      "text" : "vista",
      "whiteSpace" : false
    }, {
      "id" : "s0-t24",
      "begin" : 110,
      "end" : 111,
      "text" : "o",
      "whiteSpace" : false
    }, {
      "id" : "s0-t25",
      "begin" : 112,
      "end" : 119,
      "text" : "contido",
      "whiteSpace" : false
    }, {
      "id" : "s0-t26",
      "begin" : 120,
      "end" : 122,
      "text" : "no",
      "whiteSpace" : false
    }, {
      "id" : "s0-t27",
      "begin" : 123,
      "end" : 129,
      "text" : "ofício",
      "whiteSpace" : false
    }, {
      "id" : "s0-t28",
      "begin" : 130,
      "end" : 131,
      "text" : "n",
      "whiteSpace" : false
    }, {
      "id" : "s0-t29",
      "begin" : 131,
      "end" : 132,
      "text" : "°",
      "whiteSpace" : false
    }, {
      "id" : "s0-t30",
      "begin" : 133,
      "end" : 141,
      "text" : "873/2021",
      "whiteSpace" : false
    }, {
      "id" : "s0-t31",
      "begin" : 142,
      "end" : 143,
      "text" : "–",
      "whiteSpace" : false
    }, {
      "id" : "s0-t32",
      "begin" : 144,
      "end" : 151,
      "text" : "DPR-URB",
      "whiteSpace" : false
    }, {
      "id" : "s0-t33",
      "begin" : 151,
      "end" : 152,
      "text" : ",",
      "whiteSpace" : false
    }, {
      "id" : "s0-t34",
      "begin" : 153,
      "end" : 154,
      "text" : "R",
      "whiteSpace" : false
    }, {
      "id" : "s0-t35",
      "begin" : 155,
      "end" : 156,
      "text" : "E",
      "whiteSpace" : false
    }, {
      "id" : "s0-t36",
      "begin" : 157,
      "end" : 158,
      "text" : "S",
      "whiteSpace" : false
    }, {
      "id" : "s0-t37",
      "begin" : 159,
      "end" : 160,
      "text" : "O",
      "whiteSpace" : false
    }, {
      "id" : "s0-t38",
      "begin" : 161,
      "end" : 162,
      "text" : "L",
      "whiteSpace" : false
    }, {
      "id" : "s0-t39",
      "begin" : 163,
      "end" : 164,
      "text" : "V",
      "whiteSpace" : false
    }, {
      "id" : "s0-t40",
      "begin" : 165,
      "end" : 166,
      "text" : "E",
      "whiteSpace" : false
    }, {
      "id" : "s0-t41",
      "begin" : 166,
      "end" : 167,
      "text" : ":",
      "whiteSpace" : false
    }, {
      "id" : "s0-t42",
      "begin" : 168,
      "end" : 174,
      "text" : "Nomear",
      "whiteSpace" : false
    }, {
      "id" : "s0-t43",
      "begin" : 175,
      "end" : 179,
      "text" : "JOSE",
      "whiteSpace" : false
    }, {
      "id" : "s0-t44",
      "begin" : 180,
      "end" : 185,
      "text" : "PAULO",
      "whiteSpace" : false
    }, {
      "id" : "s0-t45",
      "begin" : 186,
      "end" : 188,
      "text" : "DA",
      "whiteSpace" : false
    }, {
      "id" : "s0-t46",
      "begin" : 189,
      "end" : 194,
      "text" : "SILVA",
      "whiteSpace" : false
    }, {
      "id" : "s0-t47",
      "begin" : 195,
      "end" : 200,
      "text" : "FILHO",
      "whiteSpace" : false
    }, {
      "id" : "s0-t48",
      "begin" : 200,
      "end" : 201,
      "text" : ",",
      "whiteSpace" : false
    }, {
      "id" : "s0-t49",
      "begin" : 202,
      "end" : 205,
      "text" : "CPF",
      "whiteSpace" : false
    }, {
      "id" : "s0-t50",
      "begin" : 206,
      "end" : 208,
      "text" : "nº",
      "whiteSpace" : false
    }, {
      "id" : "s0-t51",
      "begin" : 209,
      "end" : 212,
      "text" : "***",
      "whiteSpace" : false
    }, {
      "id" : "s0-t52",
      "begin" : 212,
      "end" : 220,
      "text" : ".694.204",
      "whiteSpace" : false
    }, {
      "id" : "s0-t53",
      "begin" : 220,
      "end" : 221,
      "text" : "-",
      "whiteSpace" : false
    }, {
      "id" : "s0-t54",
      "begin" : 221,
      "end" : 222,
      "text" : "*",
      "whiteSpace" : false
    }, {
      "id" : "s0-t55",
      "begin" : 222,
      "end" : 223,
      "text" : "*",
      "whiteSpace" : false
    }, {
      "id" : "s0-t56",
      "begin" : 223,
      "end" : 224,
      "text" : ",",
      "whiteSpace" : false
    }, {
      "id" : "s0-t57",
      "begin" : 225,
      "end" : 229,
      "text" : "para",
      "whiteSpace" : false
    }, {
      "id" : "s0-t58",
      "begin" : 230,
      "end" : 237,
      "text" : "exercer",
      "whiteSpace" : false
    }, {
      "id" : "s0-t59",
      "begin" : 238,
      "end" : 239,
      "text" : "o",
      "whiteSpace" : false
    }, {
      "id" : "s0-t60",
      "begin" : 240,
      "end" : 245,
      "text" : "cargo",
      "whiteSpace" : false
    }, {
      "id" : "s0-t61",
      "begin" : 246,
      "end" : 248,
      "text" : "de",
      "whiteSpace" : false
    }, {
      "id" : "s0-t62",
      "begin" : 249,
      "end" : 259,
      "text" : "provimento",
      "whiteSpace" : false
    }, {
      "id" : "s0-t63",
      "begin" : 260,
      "end" : 262,
      "text" : "em",
      "whiteSpace" : false
    }, {
      "id" : "s0-t64",
      "begin" : 263,
      "end" : 271,
      "text" : "comissão",
      "whiteSpace" : false
    }, {
      "id" : "s0-t65",
      "begin" : 272,
      "end" : 274,
      "text" : "de",
      "whiteSpace" : false
    }, {
      "id" : "s0-t66",
      "begin" : 275,
      "end" : 285,
      "text" : "Assistente",
      "whiteSpace" : false
    }, {
      "id" : "s0-t67",
      "begin" : 287,
      "end" : 294,
      "text" : "Técnico",
      "whiteSpace" : false
    }, {
      "id" : "s0-t68",
      "begin" : 294,
      "end" : 295,
      "text" : ",",
      "whiteSpace" : false
    }, {
      "id" : "s0-t69",
      "begin" : 296,
      "end" : 303,
      "text" : "símbolo",
      "whiteSpace" : false
    }, {
      "id" : "s0-t70",
      "begin" : 304,
      "end" : 305,
      "text" : "“",
      "whiteSpace" : false
    }, {
      "id" : "s0-t71",
      "begin" : 305,
      "end" : 310,
      "text" : "CAA-4",
      "whiteSpace" : false
    }, {
      "id" : "s0-t72",
      "begin" : 310,
      "end" : 311,
      "text" : "”",
      "whiteSpace" : false
    }, {
      "id" : "s0-t73",
      "begin" : 311,
      "end" : 312,
      "text" : ",",
      "whiteSpace" : false
    }, {
      "id" : "s0-t74",
      "begin" : 313,
      "end" : 315,
      "text" : "da",
      "whiteSpace" : false
    }, {
      "id" : "s0-t75",
      "begin" : 316,
      "end" : 325,
      "text" : "Autarquia",
      "whiteSpace" : false
    }, {
      "id" : "s0-t76",
      "begin" : 326,
      "end" : 328,
      "text" : "de",
      "whiteSpace" : false
    }, {
      "id" : "s0-t77",
      "begin" : 329,
      "end" : 340,
      "text" : "Urbanização",
      "whiteSpace" : false
    }, {
      "id" : "s0-t78",
      "begin" : 341,
      "end" : 343,
      "text" : "do",
      "whiteSpace" : false
    }, {
      "id" : "s0-t79",
      "begin" : 344,
      "end" : 350,
      "text" : "Recife",
      "whiteSpace" : false
    }, {
      "id" : "s0-t80",
      "begin" : 350,
      "end" : 351,
      "text" : "-",
      "whiteSpace" : false
    }, {
      "id" : "s0-t81",
      "begin" : 352,
      "end" : 355,
      "text" : "URB",
      "whiteSpace" : false
    }, {
      "id" : "s0-t82",
      "begin" : 356,
      "end" : 362,
      "text" : "RECIFE",
      "whiteSpace" : false
    }, {
      "id" : "s0-t83",
      "begin" : 362,
      "end" : 363,
      "text" : ",",
      "whiteSpace" : false
    }, {
      "id" : "s0-t84",
      "begin" : 364,
      "end" : 365,
      "text" : "a",
      "whiteSpace" : false
    }, {
      "id" : "s0-t85",
      "begin" : 366,
      "end" : 372,
      "text" : "contar",
      "whiteSpace" : false
    }, {
      "id" : "s0-t86",
      "begin" : 373,
      "end" : 375,
      "text" : "de",
      "whiteSpace" : false
    }, {
      "id" : "s0-t87",
      "begin" : 376,
      "end" : 378,
      "text" : "01",
      "whiteSpace" : false
    }, {
      "id" : "s0-t88",
      "begin" : 379,
      "end" : 381,
      "text" : "de",
      "whiteSpace" : false
    }, {
      "id" : "s0-t89",
      "begin" : 382,
      "end" : 390,
      "text" : "dezembro",
      "whiteSpace" : false
    }, {
      "id" : "s0-t90",
      "begin" : 391,
      "end" : 393,
      "text" : "de",
      "whiteSpace" : false
    }, {
      "id" : "s0-t91",
      "begin" : 394,
      "end" : 398,
      "text" : "2021",
      "whiteSpace" : false
    }, {
      "id" : "s0-t92",
      "begin" : 398,
      "end" : 399,
      "text" : ".",
      "whiteSpace" : false
    } ]
  } ],
  "mentions" : [ {
    "id" : "s0-m1",
    "properties" : {
      "SIRE_MENTION_ROLE" : "portaria",
      "SIRE_ENTITY_SUBTYPE" : "NONE",
      "SIRE_MENTION_TYPE" : "NONE",
      "SIRE_MENTION_CLASS" : "SPC"
    },
    "type" : "portaria",
    "begin" : 12,
    "end" : 16,
    "inCoref" : false
  }, {
    "id" : "s0-m2",
    "properties" : {
      "SIRE_MENTION_ROLE" : "dia",
      "SIRE_ENTITY_SUBTYPE" : "NONE",
      "SIRE_MENTION_TYPE" : "NONE",
      "SIRE_MENTION_CLASS" : "SPC"
    },
    "type" : "dia",
    "begin" : 20,
    "end" : 22,
    "inCoref" : false
  }, {
    "id" : "s0-m3",
    "properties" : {
      "SIRE_MENTION_ROLE" : "mes",
      "SIRE_ENTITY_SUBTYPE" : "NONE",
      "SIRE_MENTION_TYPE" : "NONE",
      "SIRE_MENTION_CLASS" : "SPC"
    },
    "type" : "mes",
    "begin" : 26,
    "end" : 34,
    "inCoref" : false
  }, {
    "id" : "s0-m4",
    "properties" : {
      "SIRE_MENTION_ROLE" : "ano",
      "SIRE_ENTITY_SUBTYPE" : "NONE",
      "SIRE_MENTION_TYPE" : "NONE",
      "SIRE_MENTION_CLASS" : "SPC"
    },
    "type" : "ano",
    "begin" : 38,
    "end" : 42,
    "inCoref" : false
  }, {
    "id" : "s0-m5",
    "properties" : {
      "SIRE_MENTION_ROLE" : "ato",
      "SIRE_ENTITY_SUBTYPE" : "NONE",
      "SIRE_MENTION_TYPE" : "NONE",
      "SIRE_MENTION_CLASS" : "SPC"
    },
    "type" : "ato",
    "begin" : 168,
    "end" : 174,
    "inCoref" : false
  }, {
    "id" : "s0-m6",
    "properties" : {
      "SIRE_MENTION_ROLE" : "nome",
      "SIRE_ENTITY_SUBTYPE" : "NONE",
      "SIRE_MENTION_TYPE" : "NONE",
      "SIRE_MENTION_CLASS" : "SPC"
    },
    "type" : "nome",
    "begin" : 175,
    "end" : 200,
    "inCoref" : false
  }, {
    "id" : "s0-m7",
    "properties" : {
      "SIRE_MENTION_ROLE" : "cargo",
      "SIRE_ENTITY_SUBTYPE" : "NONE",
      "SIRE_MENTION_TYPE" : "NONE",
      "SIRE_MENTION_CLASS" : "SPC"
    },
    "type" : "cargo",
    "begin" : 275,
    "end" : 294,
    "inCoref" : false
  } ],
  "relations" : [ ],
  "corefs" : [ ],
  "typeResolved" : true,
  "userResolved" : false
}