{
  "id" : "f17cd4f0-6eec-11ec-bfc5-1d2301fb7f11-6",
  "name" : "buffer_rec_nom_07.txt",
  "createdDate" : 0,
  "version" : 3,
  "text" : "PORTARIA Nº 1528 DE 01 DE DEZEMBRO DE 2021\nO PREFEITO DO RECIFE, no uso de suas atribuições, tendo em vista o contido no Ofício nº 378/2021 – SEPLAGTD/GAB.\n\nR E S O L V E:\nNomear VINICIUS BARBOSA SOBRAL PESSOA, CPF nº ***.852.504-** para exercer o cargo de provimento em comissão de Chefe \nda Divisão de Análise de Projetos de Obras e Serviços de Engenharia, símbolo \"CAA-2\", da Secretaria de Planejamento, Gestão e \nTransformação Digital, a contar de 01 de dezembro de 2021.\n",
  "docLength" : 0,
  "language" : "PT",
  "status" : "IN_PROGRESS",
  "modifiedDate" : 1641586132275,
  "documentSet" : [ ],
  "preannotation" : [ ],
  "sentences" : [ {
    "id" : "s0",
    "begin" : 0,
    "end" : 155,
    "text" : "PORTARIA Nº 1528 DE 01 DE DEZEMBRO DE 2021\nO PREFEITO DO RECIFE, no uso de suas atribuições, tendo em vista o contido no Ofício nº 378/2021 – SEPLAGTD/GAB.",
    "tokens" : [ {
      "id" : "s0-t0",
      "begin" : 0,
      "end" : 8,
      "text" : "PORTARIA",
      "whiteSpace" : false
    }, {
      "id" : "s0-t1",
      "begin" : 9,
      "end" : 11,
      "text" : "Nº",
      "whiteSpace" : false
    }, {
      "id" : "s0-t2",
      "begin" : 12,
      "end" : 16,
      "text" : "1528",
      "whiteSpace" : false
    }, {
      "id" : "s0-t3",
      "begin" : 17,
      "end" : 19,
      "text" : "DE",
      "whiteSpace" : false
    }, {
      "id" : "s0-t4",
      "begin" : 20,
      "end" : 22,
      "text" : "01",
      "whiteSpace" : false
    }, {
      "id" : "s0-t5",
      "begin" : 23,
      "end" : 25,
      "text" : "DE",
      "whiteSpace" : false
    }, {
      "id" : "s0-t6",
      "begin" : 26,
      "end" : 34,
      "text" : "DEZEMBRO",
      "whiteSpace" : false
    }, {
      "id" : "s0-t7",
      "begin" : 35,
      "end" : 37,
      "text" : "DE",
      "whiteSpace" : false
    }, {
      "id" : "s0-t8",
      "begin" : 38,
      "end" : 42,
      "text" : "2021",
      "whiteSpace" : false
    }, {
      "id" : "s0-t9",
      "begin" : 43,
      "end" : 44,
      "text" : "O",
      "whiteSpace" : false
    }, {
      "id" : "s0-t10",
      "begin" : 45,
      "end" : 53,
      "text" : "PREFEITO",
      "whiteSpace" : false
    }, {
      "id" : "s0-t11",
      "begin" : 54,
      "end" : 56,
      "text" : "DO",
      "whiteSpace" : false
    }, {
      "id" : "s0-t12",
      "begin" : 57,
      "end" : 63,
      "text" : "RECIFE",
      "whiteSpace" : false
    }, {
      "id" : "s0-t13",
      "begin" : 63,
      "end" : 64,
      "text" : ",",
      "whiteSpace" : false
    }, {
      "id" : "s0-t14",
      "begin" : 65,
      "end" : 67,
      "text" : "no",
      "whiteSpace" : false
    }, {
      "id" : "s0-t15",
      "begin" : 68,
      "end" : 71,
      "text" : "uso",
      "whiteSpace" : false
    }, {
      "id" : "s0-t16",
      "begin" : 72,
      "end" : 74,
      "text" : "de",
      "whiteSpace" : false
    }, {
      "id" : "s0-t17",
      "begin" : 75,
      "end" : 79,
      "text" : "suas",
      "whiteSpace" : false
    }, {
      "id" : "s0-t18",
      "begin" : 80,
      "end" : 91,
      "text" : "atribuições",
      "whiteSpace" : false
    }, {
      "id" : "s0-t19",
      "begin" : 91,
      "end" : 92,
      "text" : ",",
      "whiteSpace" : false
    }, {
      "id" : "s0-t20",
      "begin" : 93,
      "end" : 98,
      "text" : "tendo",
      "whiteSpace" : false
    }, {
      "id" : "s0-t21",
      "begin" : 99,
      "end" : 101,
      "text" : "em",
      "whiteSpace" : false
    }, {
      "id" : "s0-t22",
      "begin" : 102,
      "end" : 107,
      "text" : "vista",
      "whiteSpace" : false
    }, {
      "id" : "s0-t23",
      "begin" : 108,
      "end" : 109,
      "text" : "o",
      "whiteSpace" : false
    }, {
      "id" : "s0-t24",
      "begin" : 110,
      "end" : 117,
      "text" : "contido",
      "whiteSpace" : false
    }, {
      "id" : "s0-t25",
      "begin" : 118,
      "end" : 120,
      "text" : "no",
      "whiteSpace" : false
    }, {
      "id" : "s0-t26",
      "begin" : 121,
      "end" : 127,
      "text" : "Ofício",
      "whiteSpace" : false
    }, {
      "id" : "s0-t27",
      "begin" : 128,
      "end" : 130,
      "text" : "nº",
      "whiteSpace" : false
    }, {
      "id" : "s0-t28",
      "begin" : 131,
      "end" : 139,
      "text" : "378/2021",
      "whiteSpace" : false
    }, {
      "id" : "s0-t29",
      "begin" : 140,
      "end" : 141,
      "text" : "–",
      "whiteSpace" : false
    }, {
      "id" : "s0-t30",
      "begin" : 142,
      "end" : 154,
      "text" : "SEPLAGTD/GAB",
      "whiteSpace" : false
    }, {
      "id" : "s0-t31",
      "begin" : 154,
      "end" : 155,
      "text" : ".",
      "whiteSpace" : false
    } ]
  }, {
    "id" : "s1",
    "begin" : 157,
    "end" : 475,
    "text" : "R E S O L V E:\nNomear VINICIUS BARBOSA SOBRAL PESSOA, CPF nº ***.852.504-** para exercer o cargo de provimento em comissão de Chefe \nda Divisão de Análise de Projetos de Obras e Serviços de Engenharia, símbolo \"CAA-2\", da Secretaria de Planejamento, Gestão e \nTransformação Digital, a contar de 01 de dezembro de 2021.",
    "tokens" : [ {
      "id" : "s1-t0",
      "begin" : 157,
      "end" : 158,
      "text" : "R",
      "whiteSpace" : false
    }, {
      "id" : "s1-t1",
      "begin" : 159,
      "end" : 160,
      "text" : "E",
      "whiteSpace" : false
    }, {
      "id" : "s1-t2",
      "begin" : 161,
      "end" : 162,
      "text" : "S",
      "whiteSpace" : false
    }, {
      "id" : "s1-t3",
      "begin" : 163,
      "end" : 164,
      "text" : "O",
      "whiteSpace" : false
    }, {
      "id" : "s1-t4",
      "begin" : 165,
      "end" : 166,
      "text" : "L",
      "whiteSpace" : false
    }, {
      "id" : "s1-t5",
      "begin" : 167,
      "end" : 168,
      "text" : "V",
      "whiteSpace" : false
    }, {
      "id" : "s1-t6",
      "begin" : 169,
      "end" : 170,
      "text" : "E",
      "whiteSpace" : false
    }, {
      "id" : "s1-t7",
      "begin" : 170,
      "end" : 171,
      "text" : ":",
      "whiteSpace" : false
    }, {
      "id" : "s1-t8",
      "begin" : 172,
      "end" : 178,
      "text" : "Nomear",
      "whiteSpace" : false
    }, {
      "id" : "s1-t9",
      "begin" : 179,
      "end" : 187,
      "text" : "VINICIUS",
      "whiteSpace" : false
    }, {
      "id" : "s1-t10",
      "begin" : 188,
      "end" : 195,
      "text" : "BARBOSA",
      "whiteSpace" : false
    }, {
      "id" : "s1-t11",
      "begin" : 196,
      "end" : 202,
      "text" : "SOBRAL",
      "whiteSpace" : false
    }, {
      "id" : "s1-t12",
      "begin" : 203,
      "end" : 209,
      "text" : "PESSOA",
      "whiteSpace" : false
    }, {
      "id" : "s1-t13",
      "begin" : 209,
      "end" : 210,
      "text" : ",",
      "whiteSpace" : false
    }, {
      "id" : "s1-t14",
      "begin" : 211,
      "end" : 214,
      "text" : "CPF",
      "whiteSpace" : false
    }, {
      "id" : "s1-t15",
      "begin" : 215,
      "end" : 217,
      "text" : "nº",
      "whiteSpace" : false
    }, {
      "id" : "s1-t16",
      "begin" : 218,
      "end" : 221,
      "text" : "***",
      "whiteSpace" : false
    }, {
      "id" : "s1-t17",
      "begin" : 221,
      "end" : 229,
      "text" : ".852.504",
      "whiteSpace" : false
    }, {
      "id" : "s1-t18",
      "begin" : 229,
      "end" : 230,
      "text" : "-",
      "whiteSpace" : false
    }, {
      "id" : "s1-t19",
      "begin" : 230,
      "end" : 231,
      "text" : "*",
      "whiteSpace" : false
    }, {
      "id" : "s1-t20",
      "begin" : 231,
      "end" : 232,
      "text" : "*",
      "whiteSpace" : false
    }, {
      "id" : "s1-t21",
      "begin" : 233,
      "end" : 237,
      "text" : "para",
      "whiteSpace" : false
    }, {
      "id" : "s1-t22",
      "begin" : 238,
      "end" : 245,
      "text" : "exercer",
      "whiteSpace" : false
    }, {
      "id" : "s1-t23",
      "begin" : 246,
      "end" : 247,
      "text" : "o",
      "whiteSpace" : false
    }, {
      "id" : "s1-t24",
      "begin" : 248,
      "end" : 253,
      "text" : "cargo",
      "whiteSpace" : false
    }, {
      "id" : "s1-t25",
      "begin" : 254,
      "end" : 256,
      "text" : "de",
      "whiteSpace" : false
    }, {
      "id" : "s1-t26",
      "begin" : 257,
      "end" : 267,
      "text" : "provimento",
      "whiteSpace" : false
    }, {
      "id" : "s1-t27",
      "begin" : 268,
      "end" : 270,
      "text" : "em",
      "whiteSpace" : false
    }, {
      "id" : "s1-t28",
      "begin" : 271,
      "end" : 279,
      "text" : "comissão",
      "whiteSpace" : false
    }, {
      "id" : "s1-t29",
      "begin" : 280,
      "end" : 282,
      "text" : "de",
      "whiteSpace" : false
    }, {
      "id" : "s1-t30",
      "begin" : 283,
      "end" : 288,
      "text" : "Chefe",
      "whiteSpace" : false
    }, {
      "id" : "s1-t31",
      "begin" : 290,
      "end" : 292,
      "text" : "da",
      "whiteSpace" : false
    }, {
      "id" : "s1-t32",
      "begin" : 293,
      "end" : 300,
      "text" : "Divisão",
      "whiteSpace" : false
    }, {
      "id" : "s1-t33",
      "begin" : 301,
      "end" : 303,
      "text" : "de",
      "whiteSpace" : false
    }, {
      "id" : "s1-t34",
      "begin" : 304,
      "end" : 311,
      "text" : "Análise",
      "whiteSpace" : false
    }, {
      "id" : "s1-t35",
      "begin" : 312,
      "end" : 314,
      "text" : "de",
      "whiteSpace" : false
    }, {
      "id" : "s1-t36",
      "begin" : 315,
      "end" : 323,
      "text" : "Projetos",
      "whiteSpace" : false
    }, {
      "id" : "s1-t37",
      "begin" : 324,
      "end" : 326,
      "text" : "de",
      "whiteSpace" : false
    }, {
      "id" : "s1-t38",
      "begin" : 327,
      "end" : 332,
      "text" : "Obras",
      "whiteSpace" : false
    }, {
      "id" : "s1-t39",
      "begin" : 333,
      "end" : 334,
      "text" : "e",
      "whiteSpace" : false
    }, {
      "id" : "s1-t40",
      "begin" : 335,
      "end" : 343,
      "text" : "Serviços",
      "whiteSpace" : false
    }, {
      "id" : "s1-t41",
      "begin" : 344,
      "end" : 346,
      "text" : "de",
      "whiteSpace" : false
    }, {
      "id" : "s1-t42",
      "begin" : 347,
      "end" : 357,
      "text" : "Engenharia",
      "whiteSpace" : false
    }, {
      "id" : "s1-t43",
      "begin" : 357,
      "end" : 358,
      "text" : ",",
      "whiteSpace" : false
    }, {
      "id" : "s1-t44",
      "begin" : 359,
      "end" : 366,
      "text" : "símbolo",
      "whiteSpace" : false
    }, {
      "id" : "s1-t45",
      "begin" : 367,
      "end" : 368,
      "text" : "\"",
      "whiteSpace" : false
    }, {
      "id" : "s1-t46",
      "begin" : 368,
      "end" : 373,
      "text" : "CAA-2",
      "whiteSpace" : false
    }, {
      "id" : "s1-t47",
      "begin" : 373,
      "end" : 374,
      "text" : "\"",
      "whiteSpace" : false
    }, {
      "id" : "s1-t48",
      "begin" : 374,
      "end" : 375,
      "text" : ",",
      "whiteSpace" : false
    }, {
      "id" : "s1-t49",
      "begin" : 376,
      "end" : 378,
      "text" : "da",
      "whiteSpace" : false
    }, {
      "id" : "s1-t50",
      "begin" : 379,
      "end" : 389,
      "text" : "Secretaria",
      "whiteSpace" : false
    }, {
      "id" : "s1-t51",
      "begin" : 390,
      "end" : 392,
      "text" : "de",
      "whiteSpace" : false
    }, {
      "id" : "s1-t52",
      "begin" : 393,
      "end" : 405,
      "text" : "Planejamento",
      "whiteSpace" : false
    }, {
      "id" : "s1-t53",
      "begin" : 405,
      "end" : 406,
      "text" : ",",
      "whiteSpace" : false
    }, {
      "id" : "s1-t54",
      "begin" : 407,
      "end" : 413,
      "text" : "Gestão",
      "whiteSpace" : false
    }, {
      "id" : "s1-t55",
      "begin" : 414,
      "end" : 415,
      "text" : "e",
      "whiteSpace" : false
    }, {
      "id" : "s1-t56",
      "begin" : 417,
      "end" : 430,
      "text" : "Transformação",
      "whiteSpace" : false
    }, {
      "id" : "s1-t57",
      "begin" : 431,
      "end" : 438,
      "text" : "Digital",
      "whiteSpace" : false
    }, {
      "id" : "s1-t58",
      "begin" : 438,
      "end" : 439,
      "text" : ",",
      "whiteSpace" : false
    }, {
      "id" : "s1-t59",
      "begin" : 440,
      "end" : 441,
      "text" : "a",
      "whiteSpace" : false
    }, {
      "id" : "s1-t60",
      "begin" : 442,
      "end" : 448,
      "text" : "contar",
      "whiteSpace" : false
    }, {
      "id" : "s1-t61",
      "begin" : 449,
      "end" : 451,
      "text" : "de",
      "whiteSpace" : false
    }, {
      "id" : "s1-t62",
      "begin" : 452,
      "end" : 454,
      "text" : "01",
      "whiteSpace" : false
    }, {
      "id" : "s1-t63",
      "begin" : 455,
      "end" : 457,
      "text" : "de",
      "whiteSpace" : false
    }, {
      "id" : "s1-t64",
      "begin" : 458,
      "end" : 466,
      "text" : "dezembro",
      "whiteSpace" : false
    }, {
      "id" : "s1-t65",
      "begin" : 467,
      "end" : 469,
      "text" : "de",
      "whiteSpace" : false
    }, {
      "id" : "s1-t66",
      "begin" : 470,
      "end" : 474,
      "text" : "2021",
      "whiteSpace" : false
    }, {
      "id" : "s1-t67",
      "begin" : 474,
      "end" : 475,
      "text" : ".",
      "whiteSpace" : false
    } ]
  } ],
  "mentions" : [ {
    "id" : "s0-m1",
    "properties" : {
      "SIRE_MENTION_ROLE" : "portaria",
      "SIRE_ENTITY_SUBTYPE" : "NONE",
      "SIRE_MENTION_TYPE" : "NONE",
      "SIRE_MENTION_CLASS" : "SPC"
    },
    "type" : "portaria",
    "begin" : 12,
    "end" : 16,
    "inCoref" : false
  }, {
    "id" : "s0-m2",
    "properties" : {
      "SIRE_MENTION_ROLE" : "dia",
      "SIRE_ENTITY_SUBTYPE" : "NONE",
      "SIRE_MENTION_TYPE" : "NONE",
      "SIRE_MENTION_CLASS" : "SPC"
    },
    "type" : "dia",
    "begin" : 20,
    "end" : 22,
    "inCoref" : false
  }, {
    "id" : "s0-m3",
    "properties" : {
      "SIRE_MENTION_ROLE" : "mes",
      "SIRE_ENTITY_SUBTYPE" : "NONE",
      "SIRE_MENTION_TYPE" : "NONE",
      "SIRE_MENTION_CLASS" : "SPC"
    },
    "type" : "mes",
    "begin" : 26,
    "end" : 34,
    "inCoref" : false
  }, {
    "id" : "s0-m4",
    "properties" : {
      "SIRE_MENTION_ROLE" : "ano",
      "SIRE_ENTITY_SUBTYPE" : "NONE",
      "SIRE_MENTION_TYPE" : "NONE",
      "SIRE_MENTION_CLASS" : "SPC"
    },
    "type" : "ano",
    "begin" : 38,
    "end" : 42,
    "inCoref" : false
  }, {
    "id" : "s1-m1",
    "properties" : {
      "SIRE_MENTION_ROLE" : "ato",
      "SIRE_ENTITY_SUBTYPE" : "NONE",
      "SIRE_MENTION_TYPE" : "NONE",
      "SIRE_MENTION_CLASS" : "SPC"
    },
    "type" : "ato",
    "begin" : 172,
    "end" : 178,
    "inCoref" : false
  }, {
    "id" : "s1-m2",
    "properties" : {
      "SIRE_MENTION_ROLE" : "nome",
      "SIRE_ENTITY_SUBTYPE" : "NONE",
      "SIRE_MENTION_TYPE" : "NONE",
      "SIRE_MENTION_CLASS" : "SPC"
    },
    "type" : "nome",
    "begin" : 179,
    "end" : 209,
    "inCoref" : false
  }, {
    "id" : "s1-m3",
    "properties" : {
      "SIRE_MENTION_ROLE" : "cargo",
      "SIRE_ENTITY_SUBTYPE" : "NONE",
      "SIRE_MENTION_TYPE" : "NONE",
      "SIRE_MENTION_CLASS" : "SPC"
    },
    "type" : "cargo",
    "begin" : 283,
    "end" : 357,
    "inCoref" : false
  } ],
  "relations" : [ ],
  "corefs" : [ ],
  "typeResolved" : true,
  "userResolved" : false
}