{
  "id" : "f17cd4f0-6eec-11ec-bfc5-1d2301fb7f11-4",
  "name" : "buffer_rec_nom_05.txt",
  "createdDate" : 0,
  "version" : 3,
  "text" : "PORTARIA Nº 1527 DE 01 DE DEZEMBRO DE 2021\nO PREFEITO DO RECIFE, no uso de suas atribuições, e o contido no ofício n° 384/2021 – SEPLAGTD/GAB,\n\nR E S O L V E:\nNomear MATHEUS SANTOS VERAS, CPF nº. ***. 059.734-**, para exercer o cargo de provimento em comissão de Gerente do \nEscritório de Gerenciamento de Processos, símbolo \"CDA-5”, da Secretaria de Planejamento, Gestão e Transformação Digital, a \ncontar de 01 de dezembro de 2021.\n",
  "docLength" : 0,
  "language" : "PT",
  "status" : "IN_PROGRESS",
  "modifiedDate" : 1641584377110,
  "documentSet" : [ ],
  "preannotation" : [ ],
  "sentences" : [ {
    "id" : "s0",
    "begin" : 0,
    "end" : 142,
    "text" : "PORTARIA Nº 1527 DE 01 DE DEZEMBRO DE 2021\nO PREFEITO DO RECIFE, no uso de suas atribuições, e o contido no ofício n° 384/2021 – SEPLAGTD/GAB,",
    "tokens" : [ {
      "id" : "s0-t0",
      "begin" : 0,
      "end" : 8,
      "text" : "PORTARIA",
      "whiteSpace" : false
    }, {
      "id" : "s0-t1",
      "begin" : 9,
      "end" : 11,
      "text" : "Nº",
      "whiteSpace" : false
    }, {
      "id" : "s0-t2",
      "begin" : 12,
      "end" : 16,
      "text" : "1527",
      "whiteSpace" : false
    }, {
      "id" : "s0-t3",
      "begin" : 17,
      "end" : 19,
      "text" : "DE",
      "whiteSpace" : false
    }, {
      "id" : "s0-t4",
      "begin" : 20,
      "end" : 22,
      "text" : "01",
      "whiteSpace" : false
    }, {
      "id" : "s0-t5",
      "begin" : 23,
      "end" : 25,
      "text" : "DE",
      "whiteSpace" : false
    }, {
      "id" : "s0-t6",
      "begin" : 26,
      "end" : 34,
      "text" : "DEZEMBRO",
      "whiteSpace" : false
    }, {
      "id" : "s0-t7",
      "begin" : 35,
      "end" : 37,
      "text" : "DE",
      "whiteSpace" : false
    }, {
      "id" : "s0-t8",
      "begin" : 38,
      "end" : 42,
      "text" : "2021",
      "whiteSpace" : false
    }, {
      "id" : "s0-t9",
      "begin" : 43,
      "end" : 44,
      "text" : "O",
      "whiteSpace" : false
    }, {
      "id" : "s0-t10",
      "begin" : 45,
      "end" : 53,
      "text" : "PREFEITO",
      "whiteSpace" : false
    }, {
      "id" : "s0-t11",
      "begin" : 54,
      "end" : 56,
      "text" : "DO",
      "whiteSpace" : false
    }, {
      "id" : "s0-t12",
      "begin" : 57,
      "end" : 63,
      "text" : "RECIFE",
      "whiteSpace" : false
    }, {
      "id" : "s0-t13",
      "begin" : 63,
      "end" : 64,
      "text" : ",",
      "whiteSpace" : false
    }, {
      "id" : "s0-t14",
      "begin" : 65,
      "end" : 67,
      "text" : "no",
      "whiteSpace" : false
    }, {
      "id" : "s0-t15",
      "begin" : 68,
      "end" : 71,
      "text" : "uso",
      "whiteSpace" : false
    }, {
      "id" : "s0-t16",
      "begin" : 72,
      "end" : 74,
      "text" : "de",
      "whiteSpace" : false
    }, {
      "id" : "s0-t17",
      "begin" : 75,
      "end" : 79,
      "text" : "suas",
      "whiteSpace" : false
    }, {
      "id" : "s0-t18",
      "begin" : 80,
      "end" : 91,
      "text" : "atribuições",
      "whiteSpace" : false
    }, {
      "id" : "s0-t19",
      "begin" : 91,
      "end" : 92,
      "text" : ",",
      "whiteSpace" : false
    }, {
      "id" : "s0-t20",
      "begin" : 93,
      "end" : 94,
      "text" : "e",
      "whiteSpace" : false
    }, {
      "id" : "s0-t21",
      "begin" : 95,
      "end" : 96,
      "text" : "o",
      "whiteSpace" : false
    }, {
      "id" : "s0-t22",
      "begin" : 97,
      "end" : 104,
      "text" : "contido",
      "whiteSpace" : false
    }, {
      "id" : "s0-t23",
      "begin" : 105,
      "end" : 107,
      "text" : "no",
      "whiteSpace" : false
    }, {
      "id" : "s0-t24",
      "begin" : 108,
      "end" : 114,
      "text" : "ofício",
      "whiteSpace" : false
    }, {
      "id" : "s0-t25",
      "begin" : 115,
      "end" : 116,
      "text" : "n",
      "whiteSpace" : false
    }, {
      "id" : "s0-t26",
      "begin" : 116,
      "end" : 117,
      "text" : "°",
      "whiteSpace" : false
    }, {
      "id" : "s0-t27",
      "begin" : 118,
      "end" : 126,
      "text" : "384/2021",
      "whiteSpace" : false
    }, {
      "id" : "s0-t28",
      "begin" : 127,
      "end" : 128,
      "text" : "–",
      "whiteSpace" : false
    }, {
      "id" : "s0-t29",
      "begin" : 129,
      "end" : 141,
      "text" : "SEPLAGTD/GAB",
      "whiteSpace" : false
    }, {
      "id" : "s0-t30",
      "begin" : 141,
      "end" : 142,
      "text" : ",",
      "whiteSpace" : false
    } ]
  }, {
    "id" : "s1",
    "begin" : 144,
    "end" : 195,
    "text" : "R E S O L V E:\nNomear MATHEUS SANTOS VERAS, CPF nº.",
    "tokens" : [ {
      "id" : "s1-t0",
      "begin" : 144,
      "end" : 145,
      "text" : "R",
      "whiteSpace" : false
    }, {
      "id" : "s1-t1",
      "begin" : 146,
      "end" : 147,
      "text" : "E",
      "whiteSpace" : false
    }, {
      "id" : "s1-t2",
      "begin" : 148,
      "end" : 149,
      "text" : "S",
      "whiteSpace" : false
    }, {
      "id" : "s1-t3",
      "begin" : 150,
      "end" : 151,
      "text" : "O",
      "whiteSpace" : false
    }, {
      "id" : "s1-t4",
      "begin" : 152,
      "end" : 153,
      "text" : "L",
      "whiteSpace" : false
    }, {
      "id" : "s1-t5",
      "begin" : 154,
      "end" : 155,
      "text" : "V",
      "whiteSpace" : false
    }, {
      "id" : "s1-t6",
      "begin" : 156,
      "end" : 157,
      "text" : "E",
      "whiteSpace" : false
    }, {
      "id" : "s1-t7",
      "begin" : 157,
      "end" : 158,
      "text" : ":",
      "whiteSpace" : false
    }, {
      "id" : "s1-t8",
      "begin" : 159,
      "end" : 165,
      "text" : "Nomear",
      "whiteSpace" : false
    }, {
      "id" : "s1-t9",
      "begin" : 166,
      "end" : 173,
      "text" : "MATHEUS",
      "whiteSpace" : false
    }, {
      "id" : "s1-t10",
      "begin" : 174,
      "end" : 180,
      "text" : "SANTOS",
      "whiteSpace" : false
    }, {
      "id" : "s1-t11",
      "begin" : 181,
      "end" : 186,
      "text" : "VERAS",
      "whiteSpace" : false
    }, {
      "id" : "s1-t12",
      "begin" : 186,
      "end" : 187,
      "text" : ",",
      "whiteSpace" : false
    }, {
      "id" : "s1-t13",
      "begin" : 188,
      "end" : 191,
      "text" : "CPF",
      "whiteSpace" : false
    }, {
      "id" : "s1-t14",
      "begin" : 192,
      "end" : 194,
      "text" : "nº",
      "whiteSpace" : false
    }, {
      "id" : "s1-t15",
      "begin" : 194,
      "end" : 195,
      "text" : ".",
      "whiteSpace" : false
    } ]
  }, {
    "id" : "s2",
    "begin" : 196,
    "end" : 200,
    "text" : "***.",
    "tokens" : [ {
      "id" : "s2-t0",
      "begin" : 196,
      "end" : 199,
      "text" : "***",
      "whiteSpace" : false
    }, {
      "id" : "s2-t1",
      "begin" : 199,
      "end" : 200,
      "text" : ".",
      "whiteSpace" : false
    } ]
  }, {
    "id" : "s3",
    "begin" : 201,
    "end" : 433,
    "text" : "059.734-**, para exercer o cargo de provimento em comissão de Gerente do \nEscritório de Gerenciamento de Processos, símbolo \"CDA-5”, da Secretaria de Planejamento, Gestão e Transformação Digital, a \ncontar de 01 de dezembro de 2021.",
    "tokens" : [ {
      "id" : "s3-t0",
      "begin" : 201,
      "end" : 208,
      "text" : "059.734",
      "whiteSpace" : false
    }, {
      "id" : "s3-t1",
      "begin" : 208,
      "end" : 209,
      "text" : "-",
      "whiteSpace" : false
    }, {
      "id" : "s3-t2",
      "begin" : 209,
      "end" : 210,
      "text" : "*",
      "whiteSpace" : false
    }, {
      "id" : "s3-t3",
      "begin" : 210,
      "end" : 211,
      "text" : "*",
      "whiteSpace" : false
    }, {
      "id" : "s3-t4",
      "begin" : 211,
      "end" : 212,
      "text" : ",",
      "whiteSpace" : false
    }, {
      "id" : "s3-t5",
      "begin" : 213,
      "end" : 217,
      "text" : "para",
      "whiteSpace" : false
    }, {
      "id" : "s3-t6",
      "begin" : 218,
      "end" : 225,
      "text" : "exercer",
      "whiteSpace" : false
    }, {
      "id" : "s3-t7",
      "begin" : 226,
      "end" : 227,
      "text" : "o",
      "whiteSpace" : false
    }, {
      "id" : "s3-t8",
      "begin" : 228,
      "end" : 233,
      "text" : "cargo",
      "whiteSpace" : false
    }, {
      "id" : "s3-t9",
      "begin" : 234,
      "end" : 236,
      "text" : "de",
      "whiteSpace" : false
    }, {
      "id" : "s3-t10",
      "begin" : 237,
      "end" : 247,
      "text" : "provimento",
      "whiteSpace" : false
    }, {
      "id" : "s3-t11",
      "begin" : 248,
      "end" : 250,
      "text" : "em",
      "whiteSpace" : false
    }, {
      "id" : "s3-t12",
      "begin" : 251,
      "end" : 259,
      "text" : "comissão",
      "whiteSpace" : false
    }, {
      "id" : "s3-t13",
      "begin" : 260,
      "end" : 262,
      "text" : "de",
      "whiteSpace" : false
    }, {
      "id" : "s3-t14",
      "begin" : 263,
      "end" : 270,
      "text" : "Gerente",
      "whiteSpace" : false
    }, {
      "id" : "s3-t15",
      "begin" : 271,
      "end" : 273,
      "text" : "do",
      "whiteSpace" : false
    }, {
      "id" : "s3-t16",
      "begin" : 275,
      "end" : 285,
      "text" : "Escritório",
      "whiteSpace" : false
    }, {
      "id" : "s3-t17",
      "begin" : 286,
      "end" : 288,
      "text" : "de",
      "whiteSpace" : false
    }, {
      "id" : "s3-t18",
      "begin" : 289,
      "end" : 302,
      "text" : "Gerenciamento",
      "whiteSpace" : false
    }, {
      "id" : "s3-t19",
      "begin" : 303,
      "end" : 305,
      "text" : "de",
      "whiteSpace" : false
    }, {
      "id" : "s3-t20",
      "begin" : 306,
      "end" : 315,
      "text" : "Processos",
      "whiteSpace" : false
    }, {
      "id" : "s3-t21",
      "begin" : 315,
      "end" : 316,
      "text" : ",",
      "whiteSpace" : false
    }, {
      "id" : "s3-t22",
      "begin" : 317,
      "end" : 324,
      "text" : "símbolo",
      "whiteSpace" : false
    }, {
      "id" : "s3-t23",
      "begin" : 325,
      "end" : 326,
      "text" : "\"",
      "whiteSpace" : false
    }, {
      "id" : "s3-t24",
      "begin" : 326,
      "end" : 331,
      "text" : "CDA-5",
      "whiteSpace" : false
    }, {
      "id" : "s3-t25",
      "begin" : 331,
      "end" : 332,
      "text" : "”",
      "whiteSpace" : false
    }, {
      "id" : "s3-t26",
      "begin" : 332,
      "end" : 333,
      "text" : ",",
      "whiteSpace" : false
    }, {
      "id" : "s3-t27",
      "begin" : 334,
      "end" : 336,
      "text" : "da",
      "whiteSpace" : false
    }, {
      "id" : "s3-t28",
      "begin" : 337,
      "end" : 347,
      "text" : "Secretaria",
      "whiteSpace" : false
    }, {
      "id" : "s3-t29",
      "begin" : 348,
      "end" : 350,
      "text" : "de",
      "whiteSpace" : false
    }, {
      "id" : "s3-t30",
      "begin" : 351,
      "end" : 363,
      "text" : "Planejamento",
      "whiteSpace" : false
    }, {
      "id" : "s3-t31",
      "begin" : 363,
      "end" : 364,
      "text" : ",",
      "whiteSpace" : false
    }, {
      "id" : "s3-t32",
      "begin" : 365,
      "end" : 371,
      "text" : "Gestão",
      "whiteSpace" : false
    }, {
      "id" : "s3-t33",
      "begin" : 372,
      "end" : 373,
      "text" : "e",
      "whiteSpace" : false
    }, {
      "id" : "s3-t34",
      "begin" : 374,
      "end" : 387,
      "text" : "Transformação",
      "whiteSpace" : false
    }, {
      "id" : "s3-t35",
      "begin" : 388,
      "end" : 395,
      "text" : "Digital",
      "whiteSpace" : false
    }, {
      "id" : "s3-t36",
      "begin" : 395,
      "end" : 396,
      "text" : ",",
      "whiteSpace" : false
    }, {
      "id" : "s3-t37",
      "begin" : 397,
      "end" : 398,
      "text" : "a",
      "whiteSpace" : false
    }, {
      "id" : "s3-t38",
      "begin" : 400,
      "end" : 406,
      "text" : "contar",
      "whiteSpace" : false
    }, {
      "id" : "s3-t39",
      "begin" : 407,
      "end" : 409,
      "text" : "de",
      "whiteSpace" : false
    }, {
      "id" : "s3-t40",
      "begin" : 410,
      "end" : 412,
      "text" : "01",
      "whiteSpace" : false
    }, {
      "id" : "s3-t41",
      "begin" : 413,
      "end" : 415,
      "text" : "de",
      "whiteSpace" : false
    }, {
      "id" : "s3-t42",
      "begin" : 416,
      "end" : 424,
      "text" : "dezembro",
      "whiteSpace" : false
    }, {
      "id" : "s3-t43",
      "begin" : 425,
      "end" : 427,
      "text" : "de",
      "whiteSpace" : false
    }, {
      "id" : "s3-t44",
      "begin" : 428,
      "end" : 432,
      "text" : "2021",
      "whiteSpace" : false
    }, {
      "id" : "s3-t45",
      "begin" : 432,
      "end" : 433,
      "text" : ".",
      "whiteSpace" : false
    } ]
  } ],
  "mentions" : [ {
    "id" : "s0-m1",
    "properties" : {
      "SIRE_MENTION_ROLE" : "portaria",
      "SIRE_ENTITY_SUBTYPE" : "NONE",
      "SIRE_MENTION_TYPE" : "NONE",
      "SIRE_MENTION_CLASS" : "SPC"
    },
    "type" : "portaria",
    "begin" : 12,
    "end" : 16,
    "inCoref" : false
  }, {
    "id" : "s0-m2",
    "properties" : {
      "SIRE_MENTION_ROLE" : "dia",
      "SIRE_ENTITY_SUBTYPE" : "NONE",
      "SIRE_MENTION_TYPE" : "NONE",
      "SIRE_MENTION_CLASS" : "SPC"
    },
    "type" : "dia",
    "begin" : 20,
    "end" : 22,
    "inCoref" : false
  }, {
    "id" : "s0-m3",
    "properties" : {
      "SIRE_MENTION_ROLE" : "mes",
      "SIRE_ENTITY_SUBTYPE" : "NONE",
      "SIRE_MENTION_TYPE" : "NONE",
      "SIRE_MENTION_CLASS" : "SPC"
    },
    "type" : "mes",
    "begin" : 26,
    "end" : 34,
    "inCoref" : false
  }, {
    "id" : "s0-m4",
    "properties" : {
      "SIRE_MENTION_ROLE" : "ano",
      "SIRE_ENTITY_SUBTYPE" : "NONE",
      "SIRE_MENTION_TYPE" : "NONE",
      "SIRE_MENTION_CLASS" : "SPC"
    },
    "type" : "ano",
    "begin" : 38,
    "end" : 42,
    "inCoref" : false
  }, {
    "id" : "s1-m1",
    "properties" : {
      "SIRE_MENTION_ROLE" : "ato",
      "SIRE_ENTITY_SUBTYPE" : "NONE",
      "SIRE_MENTION_TYPE" : "NONE",
      "SIRE_MENTION_CLASS" : "SPC"
    },
    "type" : "ato",
    "begin" : 159,
    "end" : 165,
    "inCoref" : false
  }, {
    "id" : "s1-m2",
    "properties" : {
      "SIRE_MENTION_ROLE" : "nome",
      "SIRE_ENTITY_SUBTYPE" : "NONE",
      "SIRE_MENTION_TYPE" : "NONE",
      "SIRE_MENTION_CLASS" : "SPC"
    },
    "type" : "nome",
    "begin" : 166,
    "end" : 186,
    "inCoref" : false
  }, {
    "id" : "s3-m1",
    "properties" : {
      "SIRE_MENTION_ROLE" : "cargo",
      "SIRE_ENTITY_SUBTYPE" : "NONE",
      "SIRE_MENTION_TYPE" : "NONE",
      "SIRE_MENTION_CLASS" : "SPC"
    },
    "type" : "cargo",
    "begin" : 263,
    "end" : 315,
    "inCoref" : false
  } ],
  "relations" : [ ],
  "corefs" : [ ],
  "typeResolved" : true,
  "userResolved" : false
}