{
  "id" : "f17cd4f0-6eec-11ec-bfc5-1d2301fb7f11-8",
  "name" : "buffer_rec_nom_09.txt",
  "createdDate" : 0,
  "version" : 3,
  "text" : "PORTARIA Nº 1537 DE 01 DE DEZEMBRO DE 2021\nO PREFEITO DO RECIFE, no uso de suas atribuições, e tendo em vista o contido no ofício n° 543/2021 - DPR/EMLURB,\n\nR E S O L V E:\nNomear MARIANA EMANUELLE DA SILVA NASCIMENTO, CPF ***.316.984-**, para exercer o cargo de provimento em comissão \nde Assessor Técnico de Projetos e Orçamento, símbolo “CAA-1”, Autarquia de Manutenção e Limpeza Urbana - EMLURB, a contar \nde 25 de novembro de 2021.\n",
  "docLength" : 0,
  "language" : "PT",
  "status" : "IN_PROGRESS",
  "modifiedDate" : 1641586201730,
  "documentSet" : [ ],
  "preannotation" : [ ],
  "sentences" : [ {
    "id" : "s0",
    "begin" : 0,
    "end" : 155,
    "text" : "PORTARIA Nº 1537 DE 01 DE DEZEMBRO DE 2021\nO PREFEITO DO RECIFE, no uso de suas atribuições, e tendo em vista o contido no ofício n° 543/2021 - DPR/EMLURB,",
    "tokens" : [ {
      "id" : "s0-t0",
      "begin" : 0,
      "end" : 8,
      "text" : "PORTARIA",
      "whiteSpace" : false
    }, {
      "id" : "s0-t1",
      "begin" : 9,
      "end" : 11,
      "text" : "Nº",
      "whiteSpace" : false
    }, {
      "id" : "s0-t2",
      "begin" : 12,
      "end" : 16,
      "text" : "1537",
      "whiteSpace" : false
    }, {
      "id" : "s0-t3",
      "begin" : 17,
      "end" : 19,
      "text" : "DE",
      "whiteSpace" : false
    }, {
      "id" : "s0-t4",
      "begin" : 20,
      "end" : 22,
      "text" : "01",
      "whiteSpace" : false
    }, {
      "id" : "s0-t5",
      "begin" : 23,
      "end" : 25,
      "text" : "DE",
      "whiteSpace" : false
    }, {
      "id" : "s0-t6",
      "begin" : 26,
      "end" : 34,
      "text" : "DEZEMBRO",
      "whiteSpace" : false
    }, {
      "id" : "s0-t7",
      "begin" : 35,
      "end" : 37,
      "text" : "DE",
      "whiteSpace" : false
    }, {
      "id" : "s0-t8",
      "begin" : 38,
      "end" : 42,
      "text" : "2021",
      "whiteSpace" : false
    }, {
      "id" : "s0-t9",
      "begin" : 43,
      "end" : 44,
      "text" : "O",
      "whiteSpace" : false
    }, {
      "id" : "s0-t10",
      "begin" : 45,
      "end" : 53,
      "text" : "PREFEITO",
      "whiteSpace" : false
    }, {
      "id" : "s0-t11",
      "begin" : 54,
      "end" : 56,
      "text" : "DO",
      "whiteSpace" : false
    }, {
      "id" : "s0-t12",
      "begin" : 57,
      "end" : 63,
      "text" : "RECIFE",
      "whiteSpace" : false
    }, {
      "id" : "s0-t13",
      "begin" : 63,
      "end" : 64,
      "text" : ",",
      "whiteSpace" : false
    }, {
      "id" : "s0-t14",
      "begin" : 65,
      "end" : 67,
      "text" : "no",
      "whiteSpace" : false
    }, {
      "id" : "s0-t15",
      "begin" : 68,
      "end" : 71,
      "text" : "uso",
      "whiteSpace" : false
    }, {
      "id" : "s0-t16",
      "begin" : 72,
      "end" : 74,
      "text" : "de",
      "whiteSpace" : false
    }, {
      "id" : "s0-t17",
      "begin" : 75,
      "end" : 79,
      "text" : "suas",
      "whiteSpace" : false
    }, {
      "id" : "s0-t18",
      "begin" : 80,
      "end" : 91,
      "text" : "atribuições",
      "whiteSpace" : false
    }, {
      "id" : "s0-t19",
      "begin" : 91,
      "end" : 92,
      "text" : ",",
      "whiteSpace" : false
    }, {
      "id" : "s0-t20",
      "begin" : 93,
      "end" : 94,
      "text" : "e",
      "whiteSpace" : false
    }, {
      "id" : "s0-t21",
      "begin" : 95,
      "end" : 100,
      "text" : "tendo",
      "whiteSpace" : false
    }, {
      "id" : "s0-t22",
      "begin" : 101,
      "end" : 103,
      "text" : "em",
      "whiteSpace" : false
    }, {
      "id" : "s0-t23",
      "begin" : 104,
      "end" : 109,
      "text" : "vista",
      "whiteSpace" : false
    }, {
      "id" : "s0-t24",
      "begin" : 110,
      "end" : 111,
      "text" : "o",
      "whiteSpace" : false
    }, {
      "id" : "s0-t25",
      "begin" : 112,
      "end" : 119,
      "text" : "contido",
      "whiteSpace" : false
    }, {
      "id" : "s0-t26",
      "begin" : 120,
      "end" : 122,
      "text" : "no",
      "whiteSpace" : false
    }, {
      "id" : "s0-t27",
      "begin" : 123,
      "end" : 129,
      "text" : "ofício",
      "whiteSpace" : false
    }, {
      "id" : "s0-t28",
      "begin" : 130,
      "end" : 131,
      "text" : "n",
      "whiteSpace" : false
    }, {
      "id" : "s0-t29",
      "begin" : 131,
      "end" : 132,
      "text" : "°",
      "whiteSpace" : false
    }, {
      "id" : "s0-t30",
      "begin" : 133,
      "end" : 141,
      "text" : "543/2021",
      "whiteSpace" : false
    }, {
      "id" : "s0-t31",
      "begin" : 142,
      "end" : 143,
      "text" : "-",
      "whiteSpace" : false
    }, {
      "id" : "s0-t32",
      "begin" : 144,
      "end" : 154,
      "text" : "DPR/EMLURB",
      "whiteSpace" : false
    }, {
      "id" : "s0-t33",
      "begin" : 154,
      "end" : 155,
      "text" : ",",
      "whiteSpace" : false
    } ]
  }, {
    "id" : "s1",
    "begin" : 157,
    "end" : 435,
    "text" : "R E S O L V E:\nNomear MARIANA EMANUELLE DA SILVA NASCIMENTO, CPF ***.316.984-**, para exercer o cargo de provimento em comissão \nde Assessor Técnico de Projetos e Orçamento, símbolo “CAA-1”, Autarquia de Manutenção e Limpeza Urbana - EMLURB, a contar \nde 25 de novembro de 2021.",
    "tokens" : [ {
      "id" : "s1-t0",
      "begin" : 157,
      "end" : 158,
      "text" : "R",
      "whiteSpace" : false
    }, {
      "id" : "s1-t1",
      "begin" : 159,
      "end" : 160,
      "text" : "E",
      "whiteSpace" : false
    }, {
      "id" : "s1-t2",
      "begin" : 161,
      "end" : 162,
      "text" : "S",
      "whiteSpace" : false
    }, {
      "id" : "s1-t3",
      "begin" : 163,
      "end" : 164,
      "text" : "O",
      "whiteSpace" : false
    }, {
      "id" : "s1-t4",
      "begin" : 165,
      "end" : 166,
      "text" : "L",
      "whiteSpace" : false
    }, {
      "id" : "s1-t5",
      "begin" : 167,
      "end" : 168,
      "text" : "V",
      "whiteSpace" : false
    }, {
      "id" : "s1-t6",
      "begin" : 169,
      "end" : 170,
      "text" : "E",
      "whiteSpace" : false
    }, {
      "id" : "s1-t7",
      "begin" : 170,
      "end" : 171,
      "text" : ":",
      "whiteSpace" : false
    }, {
      "id" : "s1-t8",
      "begin" : 172,
      "end" : 178,
      "text" : "Nomear",
      "whiteSpace" : false
    }, {
      "id" : "s1-t9",
      "begin" : 179,
      "end" : 186,
      "text" : "MARIANA",
      "whiteSpace" : false
    }, {
      "id" : "s1-t10",
      "begin" : 187,
      "end" : 196,
      "text" : "EMANUELLE",
      "whiteSpace" : false
    }, {
      "id" : "s1-t11",
      "begin" : 197,
      "end" : 199,
      "text" : "DA",
      "whiteSpace" : false
    }, {
      "id" : "s1-t12",
      "begin" : 200,
      "end" : 205,
      "text" : "SILVA",
      "whiteSpace" : false
    }, {
      "id" : "s1-t13",
      "begin" : 206,
      "end" : 216,
      "text" : "NASCIMENTO",
      "whiteSpace" : false
    }, {
      "id" : "s1-t14",
      "begin" : 216,
      "end" : 217,
      "text" : ",",
      "whiteSpace" : false
    }, {
      "id" : "s1-t15",
      "begin" : 218,
      "end" : 221,
      "text" : "CPF",
      "whiteSpace" : false
    }, {
      "id" : "s1-t16",
      "begin" : 222,
      "end" : 225,
      "text" : "***",
      "whiteSpace" : false
    }, {
      "id" : "s1-t17",
      "begin" : 225,
      "end" : 233,
      "text" : ".316.984",
      "whiteSpace" : false
    }, {
      "id" : "s1-t18",
      "begin" : 233,
      "end" : 234,
      "text" : "-",
      "whiteSpace" : false
    }, {
      "id" : "s1-t19",
      "begin" : 234,
      "end" : 235,
      "text" : "*",
      "whiteSpace" : false
    }, {
      "id" : "s1-t20",
      "begin" : 235,
      "end" : 236,
      "text" : "*",
      "whiteSpace" : false
    }, {
      "id" : "s1-t21",
      "begin" : 236,
      "end" : 237,
      "text" : ",",
      "whiteSpace" : false
    }, {
      "id" : "s1-t22",
      "begin" : 238,
      "end" : 242,
      "text" : "para",
      "whiteSpace" : false
    }, {
      "id" : "s1-t23",
      "begin" : 243,
      "end" : 250,
      "text" : "exercer",
      "whiteSpace" : false
    }, {
      "id" : "s1-t24",
      "begin" : 251,
      "end" : 252,
      "text" : "o",
      "whiteSpace" : false
    }, {
      "id" : "s1-t25",
      "begin" : 253,
      "end" : 258,
      "text" : "cargo",
      "whiteSpace" : false
    }, {
      "id" : "s1-t26",
      "begin" : 259,
      "end" : 261,
      "text" : "de",
      "whiteSpace" : false
    }, {
      "id" : "s1-t27",
      "begin" : 262,
      "end" : 272,
      "text" : "provimento",
      "whiteSpace" : false
    }, {
      "id" : "s1-t28",
      "begin" : 273,
      "end" : 275,
      "text" : "em",
      "whiteSpace" : false
    }, {
      "id" : "s1-t29",
      "begin" : 276,
      "end" : 284,
      "text" : "comissão",
      "whiteSpace" : false
    }, {
      "id" : "s1-t30",
      "begin" : 286,
      "end" : 288,
      "text" : "de",
      "whiteSpace" : false
    }, {
      "id" : "s1-t31",
      "begin" : 289,
      "end" : 297,
      "text" : "Assessor",
      "whiteSpace" : false
    }, {
      "id" : "s1-t32",
      "begin" : 298,
      "end" : 305,
      "text" : "Técnico",
      "whiteSpace" : false
    }, {
      "id" : "s1-t33",
      "begin" : 306,
      "end" : 308,
      "text" : "de",
      "whiteSpace" : false
    }, {
      "id" : "s1-t34",
      "begin" : 309,
      "end" : 317,
      "text" : "Projetos",
      "whiteSpace" : false
    }, {
      "id" : "s1-t35",
      "begin" : 318,
      "end" : 319,
      "text" : "e",
      "whiteSpace" : false
    }, {
      "id" : "s1-t36",
      "begin" : 320,
      "end" : 329,
      "text" : "Orçamento",
      "whiteSpace" : false
    }, {
      "id" : "s1-t37",
      "begin" : 329,
      "end" : 330,
      "text" : ",",
      "whiteSpace" : false
    }, {
      "id" : "s1-t38",
      "begin" : 331,
      "end" : 338,
      "text" : "símbolo",
      "whiteSpace" : false
    }, {
      "id" : "s1-t39",
      "begin" : 339,
      "end" : 340,
      "text" : "“",
      "whiteSpace" : false
    }, {
      "id" : "s1-t40",
      "begin" : 340,
      "end" : 345,
      "text" : "CAA-1",
      "whiteSpace" : false
    }, {
      "id" : "s1-t41",
      "begin" : 345,
      "end" : 346,
      "text" : "”",
      "whiteSpace" : false
    }, {
      "id" : "s1-t42",
      "begin" : 346,
      "end" : 347,
      "text" : ",",
      "whiteSpace" : false
    }, {
      "id" : "s1-t43",
      "begin" : 348,
      "end" : 357,
      "text" : "Autarquia",
      "whiteSpace" : false
    }, {
      "id" : "s1-t44",
      "begin" : 358,
      "end" : 360,
      "text" : "de",
      "whiteSpace" : false
    }, {
      "id" : "s1-t45",
      "begin" : 361,
      "end" : 371,
      "text" : "Manutenção",
      "whiteSpace" : false
    }, {
      "id" : "s1-t46",
      "begin" : 372,
      "end" : 373,
      "text" : "e",
      "whiteSpace" : false
    }, {
      "id" : "s1-t47",
      "begin" : 374,
      "end" : 381,
      "text" : "Limpeza",
      "whiteSpace" : false
    }, {
      "id" : "s1-t48",
      "begin" : 382,
      "end" : 388,
      "text" : "Urbana",
      "whiteSpace" : false
    }, {
      "id" : "s1-t49",
      "begin" : 389,
      "end" : 390,
      "text" : "-",
      "whiteSpace" : false
    }, {
      "id" : "s1-t50",
      "begin" : 391,
      "end" : 397,
      "text" : "EMLURB",
      "whiteSpace" : false
    }, {
      "id" : "s1-t51",
      "begin" : 397,
      "end" : 398,
      "text" : ",",
      "whiteSpace" : false
    }, {
      "id" : "s1-t52",
      "begin" : 399,
      "end" : 400,
      "text" : "a",
      "whiteSpace" : false
    }, {
      "id" : "s1-t53",
      "begin" : 401,
      "end" : 407,
      "text" : "contar",
      "whiteSpace" : false
    }, {
      "id" : "s1-t54",
      "begin" : 409,
      "end" : 411,
      "text" : "de",
      "whiteSpace" : false
    }, {
      "id" : "s1-t55",
      "begin" : 412,
      "end" : 414,
      "text" : "25",
      "whiteSpace" : false
    }, {
      "id" : "s1-t56",
      "begin" : 415,
      "end" : 417,
      "text" : "de",
      "whiteSpace" : false
    }, {
      "id" : "s1-t57",
      "begin" : 418,
      "end" : 426,
      "text" : "novembro",
      "whiteSpace" : false
    }, {
      "id" : "s1-t58",
      "begin" : 427,
      "end" : 429,
      "text" : "de",
      "whiteSpace" : false
    }, {
      "id" : "s1-t59",
      "begin" : 430,
      "end" : 434,
      "text" : "2021",
      "whiteSpace" : false
    }, {
      "id" : "s1-t60",
      "begin" : 434,
      "end" : 435,
      "text" : ".",
      "whiteSpace" : false
    } ]
  } ],
  "mentions" : [ {
    "id" : "s0-m1",
    "properties" : {
      "SIRE_MENTION_ROLE" : "portaria",
      "SIRE_ENTITY_SUBTYPE" : "NONE",
      "SIRE_MENTION_TYPE" : "NONE",
      "SIRE_MENTION_CLASS" : "SPC"
    },
    "type" : "portaria",
    "begin" : 12,
    "end" : 16,
    "inCoref" : false
  }, {
    "id" : "s0-m2",
    "properties" : {
      "SIRE_MENTION_ROLE" : "dia",
      "SIRE_ENTITY_SUBTYPE" : "NONE",
      "SIRE_MENTION_TYPE" : "NONE",
      "SIRE_MENTION_CLASS" : "SPC"
    },
    "type" : "dia",
    "begin" : 20,
    "end" : 22,
    "inCoref" : false
  }, {
    "id" : "s0-m3",
    "properties" : {
      "SIRE_MENTION_ROLE" : "mes",
      "SIRE_ENTITY_SUBTYPE" : "NONE",
      "SIRE_MENTION_TYPE" : "NONE",
      "SIRE_MENTION_CLASS" : "SPC"
    },
    "type" : "mes",
    "begin" : 26,
    "end" : 34,
    "inCoref" : false
  }, {
    "id" : "s0-m4",
    "properties" : {
      "SIRE_MENTION_ROLE" : "ano",
      "SIRE_ENTITY_SUBTYPE" : "NONE",
      "SIRE_MENTION_TYPE" : "NONE",
      "SIRE_MENTION_CLASS" : "SPC"
    },
    "type" : "ano",
    "begin" : 38,
    "end" : 42,
    "inCoref" : false
  }, {
    "id" : "s1-m1",
    "properties" : {
      "SIRE_MENTION_ROLE" : "ato",
      "SIRE_ENTITY_SUBTYPE" : "NONE",
      "SIRE_MENTION_TYPE" : "NONE",
      "SIRE_MENTION_CLASS" : "SPC"
    },
    "type" : "ato",
    "begin" : 172,
    "end" : 178,
    "inCoref" : false
  }, {
    "id" : "s1-m2",
    "properties" : {
      "SIRE_MENTION_ROLE" : "nome",
      "SIRE_ENTITY_SUBTYPE" : "NONE",
      "SIRE_MENTION_TYPE" : "NONE",
      "SIRE_MENTION_CLASS" : "SPC"
    },
    "type" : "nome",
    "begin" : 179,
    "end" : 216,
    "inCoref" : false
  }, {
    "id" : "s1-m3",
    "properties" : {
      "SIRE_MENTION_ROLE" : "cargo",
      "SIRE_ENTITY_SUBTYPE" : "NONE",
      "SIRE_MENTION_TYPE" : "NONE",
      "SIRE_MENTION_CLASS" : "SPC"
    },
    "type" : "cargo",
    "begin" : 289,
    "end" : 329,
    "inCoref" : false
  } ],
  "relations" : [ ],
  "corefs" : [ ],
  "typeResolved" : true,
  "userResolved" : false
}