{
  "id" : "f17cd4f0-6eec-11ec-bfc5-1d2301fb7f11-3",
  "name" : "buffer_rec_nom_04.txt",
  "createdDate" : 0,
  "version" : 3,
  "text" : "PORTARIA Nº 1526 DE 01 DE DEZEMBRO DE 2021\nO PREFEITO DO RECIFE, no uso de suas atribuições, e tendo em vista o contido no ofício n° 873/2021 – DPR-URB,\nR E S O L V E:\nNomear FÁBIO LUIZ CAZUMBA, CPF nº ***.001.694-**, para exercer o cargo de provimento em comissão de Assistente Técnico, \nsímbolo “CAA-4”, da Autarquia de Urbanização do Recife- URB RECIFE, a contar de 01 de dezembro de 2021.\n",
  "docLength" : 0,
  "language" : "PT",
  "status" : "IN_PROGRESS",
  "modifiedDate" : 1641584338465,
  "documentSet" : [ ],
  "preannotation" : [ ],
  "sentences" : [ {
    "id" : "s0",
    "begin" : 0,
    "end" : 392,
    "text" : "PORTARIA Nº 1526 DE 01 DE DEZEMBRO DE 2021\nO PREFEITO DO RECIFE, no uso de suas atribuições, e tendo em vista o contido no ofício n° 873/2021 – DPR-URB,\nR E S O L V E:\nNomear FÁBIO LUIZ CAZUMBA, CPF nº ***.001.694-**, para exercer o cargo de provimento em comissão de Assistente Técnico, \nsímbolo “CAA-4”, da Autarquia de Urbanização do Recife- URB RECIFE, a contar de 01 de dezembro de 2021.",
    "tokens" : [ {
      "id" : "s0-t0",
      "begin" : 0,
      "end" : 8,
      "text" : "PORTARIA",
      "whiteSpace" : false
    }, {
      "id" : "s0-t1",
      "begin" : 9,
      "end" : 11,
      "text" : "Nº",
      "whiteSpace" : false
    }, {
      "id" : "s0-t2",
      "begin" : 12,
      "end" : 16,
      "text" : "1526",
      "whiteSpace" : false
    }, {
      "id" : "s0-t3",
      "begin" : 17,
      "end" : 19,
      "text" : "DE",
      "whiteSpace" : false
    }, {
      "id" : "s0-t4",
      "begin" : 20,
      "end" : 22,
      "text" : "01",
      "whiteSpace" : false
    }, {
      "id" : "s0-t5",
      "begin" : 23,
      "end" : 25,
      "text" : "DE",
      "whiteSpace" : false
    }, {
      "id" : "s0-t6",
      "begin" : 26,
      "end" : 34,
      "text" : "DEZEMBRO",
      "whiteSpace" : false
    }, {
      "id" : "s0-t7",
      "begin" : 35,
      "end" : 37,
      "text" : "DE",
      "whiteSpace" : false
    }, {
      "id" : "s0-t8",
      "begin" : 38,
      "end" : 42,
      "text" : "2021",
      "whiteSpace" : false
    }, {
      "id" : "s0-t9",
      "begin" : 43,
      "end" : 44,
      "text" : "O",
      "whiteSpace" : false
    }, {
      "id" : "s0-t10",
      "begin" : 45,
      "end" : 53,
      "text" : "PREFEITO",
      "whiteSpace" : false
    }, {
      "id" : "s0-t11",
      "begin" : 54,
      "end" : 56,
      "text" : "DO",
      "whiteSpace" : false
    }, {
      "id" : "s0-t12",
      "begin" : 57,
      "end" : 63,
      "text" : "RECIFE",
      "whiteSpace" : false
    }, {
      "id" : "s0-t13",
      "begin" : 63,
      "end" : 64,
      "text" : ",",
      "whiteSpace" : false
    }, {
      "id" : "s0-t14",
      "begin" : 65,
      "end" : 67,
      "text" : "no",
      "whiteSpace" : false
    }, {
      "id" : "s0-t15",
      "begin" : 68,
      "end" : 71,
      "text" : "uso",
      "whiteSpace" : false
    }, {
      "id" : "s0-t16",
      "begin" : 72,
      "end" : 74,
      "text" : "de",
      "whiteSpace" : false
    }, {
      "id" : "s0-t17",
      "begin" : 75,
      "end" : 79,
      "text" : "suas",
      "whiteSpace" : false
    }, {
      "id" : "s0-t18",
      "begin" : 80,
      "end" : 91,
      "text" : "atribuições",
      "whiteSpace" : false
    }, {
      "id" : "s0-t19",
      "begin" : 91,
      "end" : 92,
      "text" : ",",
      "whiteSpace" : false
    }, {
      "id" : "s0-t20",
      "begin" : 93,
      "end" : 94,
      "text" : "e",
      "whiteSpace" : false
    }, {
      "id" : "s0-t21",
      "begin" : 95,
      "end" : 100,
      "text" : "tendo",
      "whiteSpace" : false
    }, {
      "id" : "s0-t22",
      "begin" : 101,
      "end" : 103,
      "text" : "em",
      "whiteSpace" : false
    }, {
      "id" : "s0-t23",
      "begin" : 104,
      "end" : 109,
      "text" : "vista",
      "whiteSpace" : false
    }, {
      "id" : "s0-t24",
      "begin" : 110,
      "end" : 111,
      "text" : "o",
      "whiteSpace" : false
    }, {
      "id" : "s0-t25",
      "begin" : 112,
      "end" : 119,
      "text" : "contido",
      "whiteSpace" : false
    }, {
      "id" : "s0-t26",
      "begin" : 120,
      "end" : 122,
      "text" : "no",
      "whiteSpace" : false
    }, {
      "id" : "s0-t27",
      "begin" : 123,
      "end" : 129,
      "text" : "ofício",
      "whiteSpace" : false
    }, {
      "id" : "s0-t28",
      "begin" : 130,
      "end" : 131,
      "text" : "n",
      "whiteSpace" : false
    }, {
      "id" : "s0-t29",
      "begin" : 131,
      "end" : 132,
      "text" : "°",
      "whiteSpace" : false
    }, {
      "id" : "s0-t30",
      "begin" : 133,
      "end" : 141,
      "text" : "873/2021",
      "whiteSpace" : false
    }, {
      "id" : "s0-t31",
      "begin" : 142,
      "end" : 143,
      "text" : "–",
      "whiteSpace" : false
    }, {
      "id" : "s0-t32",
      "begin" : 144,
      "end" : 151,
      "text" : "DPR-URB",
      "whiteSpace" : false
    }, {
      "id" : "s0-t33",
      "begin" : 151,
      "end" : 152,
      "text" : ",",
      "whiteSpace" : false
    }, {
      "id" : "s0-t34",
      "begin" : 153,
      "end" : 154,
      "text" : "R",
      "whiteSpace" : false
    }, {
      "id" : "s0-t35",
      "begin" : 155,
      "end" : 156,
      "text" : "E",
      "whiteSpace" : false
    }, {
      "id" : "s0-t36",
      "begin" : 157,
      "end" : 158,
      "text" : "S",
      "whiteSpace" : false
    }, {
      "id" : "s0-t37",
      "begin" : 159,
      "end" : 160,
      "text" : "O",
      "whiteSpace" : false
    }, {
      "id" : "s0-t38",
      "begin" : 161,
      "end" : 162,
      "text" : "L",
      "whiteSpace" : false
    }, {
      "id" : "s0-t39",
      "begin" : 163,
      "end" : 164,
      "text" : "V",
      "whiteSpace" : false
    }, {
      "id" : "s0-t40",
      "begin" : 165,
      "end" : 166,
      "text" : "E",
      "whiteSpace" : false
    }, {
      "id" : "s0-t41",
      "begin" : 166,
      "end" : 167,
      "text" : ":",
      "whiteSpace" : false
    }, {
      "id" : "s0-t42",
      "begin" : 168,
      "end" : 174,
      "text" : "Nomear",
      "whiteSpace" : false
    }, {
      "id" : "s0-t43",
      "begin" : 175,
      "end" : 180,
      "text" : "FÁBIO",
      "whiteSpace" : false
    }, {
      "id" : "s0-t44",
      "begin" : 181,
      "end" : 185,
      "text" : "LUIZ",
      "whiteSpace" : false
    }, {
      "id" : "s0-t45",
      "begin" : 186,
      "end" : 193,
      "text" : "CAZUMBA",
      "whiteSpace" : false
    }, {
      "id" : "s0-t46",
      "begin" : 193,
      "end" : 194,
      "text" : ",",
      "whiteSpace" : false
    }, {
      "id" : "s0-t47",
      "begin" : 195,
      "end" : 198,
      "text" : "CPF",
      "whiteSpace" : false
    }, {
      "id" : "s0-t48",
      "begin" : 199,
      "end" : 201,
      "text" : "nº",
      "whiteSpace" : false
    }, {
      "id" : "s0-t49",
      "begin" : 202,
      "end" : 205,
      "text" : "***",
      "whiteSpace" : false
    }, {
      "id" : "s0-t50",
      "begin" : 205,
      "end" : 213,
      "text" : ".001.694",
      "whiteSpace" : false
    }, {
      "id" : "s0-t51",
      "begin" : 213,
      "end" : 214,
      "text" : "-",
      "whiteSpace" : false
    }, {
      "id" : "s0-t52",
      "begin" : 214,
      "end" : 215,
      "text" : "*",
      "whiteSpace" : false
    }, {
      "id" : "s0-t53",
      "begin" : 215,
      "end" : 216,
      "text" : "*",
      "whiteSpace" : false
    }, {
      "id" : "s0-t54",
      "begin" : 216,
      "end" : 217,
      "text" : ",",
      "whiteSpace" : false
    }, {
      "id" : "s0-t55",
      "begin" : 218,
      "end" : 222,
      "text" : "para",
      "whiteSpace" : false
    }, {
      "id" : "s0-t56",
      "begin" : 223,
      "end" : 230,
      "text" : "exercer",
      "whiteSpace" : false
    }, {
      "id" : "s0-t57",
      "begin" : 231,
      "end" : 232,
      "text" : "o",
      "whiteSpace" : false
    }, {
      "id" : "s0-t58",
      "begin" : 233,
      "end" : 238,
      "text" : "cargo",
      "whiteSpace" : false
    }, {
      "id" : "s0-t59",
      "begin" : 239,
      "end" : 241,
      "text" : "de",
      "whiteSpace" : false
    }, {
      "id" : "s0-t60",
      "begin" : 242,
      "end" : 252,
      "text" : "provimento",
      "whiteSpace" : false
    }, {
      "id" : "s0-t61",
      "begin" : 253,
      "end" : 255,
      "text" : "em",
      "whiteSpace" : false
    }, {
      "id" : "s0-t62",
      "begin" : 256,
      "end" : 264,
      "text" : "comissão",
      "whiteSpace" : false
    }, {
      "id" : "s0-t63",
      "begin" : 265,
      "end" : 267,
      "text" : "de",
      "whiteSpace" : false
    }, {
      "id" : "s0-t64",
      "begin" : 268,
      "end" : 278,
      "text" : "Assistente",
      "whiteSpace" : false
    }, {
      "id" : "s0-t65",
      "begin" : 279,
      "end" : 286,
      "text" : "Técnico",
      "whiteSpace" : false
    }, {
      "id" : "s0-t66",
      "begin" : 286,
      "end" : 287,
      "text" : ",",
      "whiteSpace" : false
    }, {
      "id" : "s0-t67",
      "begin" : 289,
      "end" : 296,
      "text" : "símbolo",
      "whiteSpace" : false
    }, {
      "id" : "s0-t68",
      "begin" : 297,
      "end" : 298,
      "text" : "“",
      "whiteSpace" : false
    }, {
      "id" : "s0-t69",
      "begin" : 298,
      "end" : 303,
      "text" : "CAA-4",
      "whiteSpace" : false
    }, {
      "id" : "s0-t70",
      "begin" : 303,
      "end" : 304,
      "text" : "”",
      "whiteSpace" : false
    }, {
      "id" : "s0-t71",
      "begin" : 304,
      "end" : 305,
      "text" : ",",
      "whiteSpace" : false
    }, {
      "id" : "s0-t72",
      "begin" : 306,
      "end" : 308,
      "text" : "da",
      "whiteSpace" : false
    }, {
      "id" : "s0-t73",
      "begin" : 309,
      "end" : 318,
      "text" : "Autarquia",
      "whiteSpace" : false
    }, {
      "id" : "s0-t74",
      "begin" : 319,
      "end" : 321,
      "text" : "de",
      "whiteSpace" : false
    }, {
      "id" : "s0-t75",
      "begin" : 322,
      "end" : 333,
      "text" : "Urbanização",
      "whiteSpace" : false
    }, {
      "id" : "s0-t76",
      "begin" : 334,
      "end" : 336,
      "text" : "do",
      "whiteSpace" : false
    }, {
      "id" : "s0-t77",
      "begin" : 337,
      "end" : 343,
      "text" : "Recife",
      "whiteSpace" : false
    }, {
      "id" : "s0-t78",
      "begin" : 343,
      "end" : 344,
      "text" : "-",
      "whiteSpace" : false
    }, {
      "id" : "s0-t79",
      "begin" : 345,
      "end" : 348,
      "text" : "URB",
      "whiteSpace" : false
    }, {
      "id" : "s0-t80",
      "begin" : 349,
      "end" : 355,
      "text" : "RECIFE",
      "whiteSpace" : false
    }, {
      "id" : "s0-t81",
      "begin" : 355,
      "end" : 356,
      "text" : ",",
      "whiteSpace" : false
    }, {
      "id" : "s0-t82",
      "begin" : 357,
      "end" : 358,
      "text" : "a",
      "whiteSpace" : false
    }, {
      "id" : "s0-t83",
      "begin" : 359,
      "end" : 365,
      "text" : "contar",
      "whiteSpace" : false
    }, {
      "id" : "s0-t84",
      "begin" : 366,
      "end" : 368,
      "text" : "de",
      "whiteSpace" : false
    }, {
      "id" : "s0-t85",
      "begin" : 369,
      "end" : 371,
      "text" : "01",
      "whiteSpace" : false
    }, {
      "id" : "s0-t86",
      "begin" : 372,
      "end" : 374,
      "text" : "de",
      "whiteSpace" : false
    }, {
      "id" : "s0-t87",
      "begin" : 375,
      "end" : 383,
      "text" : "dezembro",
      "whiteSpace" : false
    }, {
      "id" : "s0-t88",
      "begin" : 384,
      "end" : 386,
      "text" : "de",
      "whiteSpace" : false
    }, {
      "id" : "s0-t89",
      "begin" : 387,
      "end" : 391,
      "text" : "2021",
      "whiteSpace" : false
    }, {
      "id" : "s0-t90",
      "begin" : 391,
      "end" : 392,
      "text" : ".",
      "whiteSpace" : false
    } ]
  } ],
  "mentions" : [ {
    "id" : "s0-m1",
    "properties" : {
      "SIRE_MENTION_ROLE" : "portaria",
      "SIRE_ENTITY_SUBTYPE" : "NONE",
      "SIRE_MENTION_TYPE" : "NONE",
      "SIRE_MENTION_CLASS" : "SPC"
    },
    "type" : "portaria",
    "begin" : 12,
    "end" : 16,
    "inCoref" : false
  }, {
    "id" : "s0-m2",
    "properties" : {
      "SIRE_MENTION_ROLE" : "dia",
      "SIRE_ENTITY_SUBTYPE" : "NONE",
      "SIRE_MENTION_TYPE" : "NONE",
      "SIRE_MENTION_CLASS" : "SPC"
    },
    "type" : "dia",
    "begin" : 20,
    "end" : 22,
    "inCoref" : false
  }, {
    "id" : "s0-m3",
    "properties" : {
      "SIRE_MENTION_ROLE" : "mes",
      "SIRE_ENTITY_SUBTYPE" : "NONE",
      "SIRE_MENTION_TYPE" : "NONE",
      "SIRE_MENTION_CLASS" : "SPC"
    },
    "type" : "mes",
    "begin" : 26,
    "end" : 34,
    "inCoref" : false
  }, {
    "id" : "s0-m4",
    "properties" : {
      "SIRE_MENTION_ROLE" : "ano",
      "SIRE_ENTITY_SUBTYPE" : "NONE",
      "SIRE_MENTION_TYPE" : "NONE",
      "SIRE_MENTION_CLASS" : "SPC"
    },
    "type" : "ano",
    "begin" : 38,
    "end" : 42,
    "inCoref" : false
  }, {
    "id" : "s0-m5",
    "properties" : {
      "SIRE_MENTION_ROLE" : "ato",
      "SIRE_ENTITY_SUBTYPE" : "NONE",
      "SIRE_MENTION_TYPE" : "NONE",
      "SIRE_MENTION_CLASS" : "SPC"
    },
    "type" : "ato",
    "begin" : 168,
    "end" : 174,
    "inCoref" : false
  }, {
    "id" : "s0-m6",
    "properties" : {
      "SIRE_MENTION_ROLE" : "nome",
      "SIRE_ENTITY_SUBTYPE" : "NONE",
      "SIRE_MENTION_TYPE" : "NONE",
      "SIRE_MENTION_CLASS" : "SPC"
    },
    "type" : "nome",
    "begin" : 175,
    "end" : 193,
    "inCoref" : false
  }, {
    "id" : "s0-m7",
    "properties" : {
      "SIRE_MENTION_ROLE" : "cargo",
      "SIRE_ENTITY_SUBTYPE" : "NONE",
      "SIRE_MENTION_TYPE" : "NONE",
      "SIRE_MENTION_CLASS" : "SPC"
    },
    "type" : "cargo",
    "begin" : 268,
    "end" : 286,
    "inCoref" : false
  } ],
  "relations" : [ ],
  "corefs" : [ ],
  "typeResolved" : true,
  "userResolved" : false
}