{
  "id" : "f17cd4f0-6eec-11ec-bfc5-1d2301fb7f11-9",
  "name" : "buffer_rec_nom_10.txt",
  "createdDate" : 0,
  "version" : 3,
  "text" : "PORTARIA Nº 1543 DE 01 DE DEZEMBRO DE 2021\nO PREFEITO DO RECIFE, no uso de suas atribuições, tendo em vista o contido no Ofício nº 295/2021 – DPR/CSURB,\n\nR E S O L V E:\nNomear EMERSON JOSÉ CAVALCANTI BRAGA, CPF nº ***.423.774-**, para exercer o cargo de provimento em comissão de Chefe \nde Divisão de Comunicação, símbolo “CAA-2”, da Autarquia de Serviços Urbanos do Recife - CSURB, a contar de 01 de dezembro \nde 2021.\n",
  "docLength" : 0,
  "language" : "PT",
  "status" : "IN_PROGRESS",
  "modifiedDate" : 1641586236604,
  "documentSet" : [ ],
  "preannotation" : [ ],
  "sentences" : [ {
    "id" : "s0",
    "begin" : 0,
    "end" : 152,
    "text" : "PORTARIA Nº 1543 DE 01 DE DEZEMBRO DE 2021\nO PREFEITO DO RECIFE, no uso de suas atribuições, tendo em vista o contido no Ofício nº 295/2021 – DPR/CSURB,",
    "tokens" : [ {
      "id" : "s0-t0",
      "begin" : 0,
      "end" : 8,
      "text" : "PORTARIA",
      "whiteSpace" : false
    }, {
      "id" : "s0-t1",
      "begin" : 9,
      "end" : 11,
      "text" : "Nº",
      "whiteSpace" : false
    }, {
      "id" : "s0-t2",
      "begin" : 12,
      "end" : 16,
      "text" : "1543",
      "whiteSpace" : false
    }, {
      "id" : "s0-t3",
      "begin" : 17,
      "end" : 19,
      "text" : "DE",
      "whiteSpace" : false
    }, {
      "id" : "s0-t4",
      "begin" : 20,
      "end" : 22,
      "text" : "01",
      "whiteSpace" : false
    }, {
      "id" : "s0-t5",
      "begin" : 23,
      "end" : 25,
      "text" : "DE",
      "whiteSpace" : false
    }, {
      "id" : "s0-t6",
      "begin" : 26,
      "end" : 34,
      "text" : "DEZEMBRO",
      "whiteSpace" : false
    }, {
      "id" : "s0-t7",
      "begin" : 35,
      "end" : 37,
      "text" : "DE",
      "whiteSpace" : false
    }, {
      "id" : "s0-t8",
      "begin" : 38,
      "end" : 42,
      "text" : "2021",
      "whiteSpace" : false
    }, {
      "id" : "s0-t9",
      "begin" : 43,
      "end" : 44,
      "text" : "O",
      "whiteSpace" : false
    }, {
      "id" : "s0-t10",
      "begin" : 45,
      "end" : 53,
      "text" : "PREFEITO",
      "whiteSpace" : false
    }, {
      "id" : "s0-t11",
      "begin" : 54,
      "end" : 56,
      "text" : "DO",
      "whiteSpace" : false
    }, {
      "id" : "s0-t12",
      "begin" : 57,
      "end" : 63,
      "text" : "RECIFE",
      "whiteSpace" : false
    }, {
      "id" : "s0-t13",
      "begin" : 63,
      "end" : 64,
      "text" : ",",
      "whiteSpace" : false
    }, {
      "id" : "s0-t14",
      "begin" : 65,
      "end" : 67,
      "text" : "no",
      "whiteSpace" : false
    }, {
      "id" : "s0-t15",
      "begin" : 68,
      "end" : 71,
      "text" : "uso",
      "whiteSpace" : false
    }, {
      "id" : "s0-t16",
      "begin" : 72,
      "end" : 74,
      "text" : "de",
      "whiteSpace" : false
    }, {
      "id" : "s0-t17",
      "begin" : 75,
      "end" : 79,
      "text" : "suas",
      "whiteSpace" : false
    }, {
      "id" : "s0-t18",
      "begin" : 80,
      "end" : 91,
      "text" : "atribuições",
      "whiteSpace" : false
    }, {
      "id" : "s0-t19",
      "begin" : 91,
      "end" : 92,
      "text" : ",",
      "whiteSpace" : false
    }, {
      "id" : "s0-t20",
      "begin" : 93,
      "end" : 98,
      "text" : "tendo",
      "whiteSpace" : false
    }, {
      "id" : "s0-t21",
      "begin" : 99,
      "end" : 101,
      "text" : "em",
      "whiteSpace" : false
    }, {
      "id" : "s0-t22",
      "begin" : 102,
      "end" : 107,
      "text" : "vista",
      "whiteSpace" : false
    }, {
      "id" : "s0-t23",
      "begin" : 108,
      "end" : 109,
      "text" : "o",
      "whiteSpace" : false
    }, {
      "id" : "s0-t24",
      "begin" : 110,
      "end" : 117,
      "text" : "contido",
      "whiteSpace" : false
    }, {
      "id" : "s0-t25",
      "begin" : 118,
      "end" : 120,
      "text" : "no",
      "whiteSpace" : false
    }, {
      "id" : "s0-t26",
      "begin" : 121,
      "end" : 127,
      "text" : "Ofício",
      "whiteSpace" : false
    }, {
      "id" : "s0-t27",
      "begin" : 128,
      "end" : 130,
      "text" : "nº",
      "whiteSpace" : false
    }, {
      "id" : "s0-t28",
      "begin" : 131,
      "end" : 139,
      "text" : "295/2021",
      "whiteSpace" : false
    }, {
      "id" : "s0-t29",
      "begin" : 140,
      "end" : 141,
      "text" : "–",
      "whiteSpace" : false
    }, {
      "id" : "s0-t30",
      "begin" : 142,
      "end" : 151,
      "text" : "DPR/CSURB",
      "whiteSpace" : false
    }, {
      "id" : "s0-t31",
      "begin" : 151,
      "end" : 152,
      "text" : ",",
      "whiteSpace" : false
    } ]
  }, {
    "id" : "s1",
    "begin" : 154,
    "end" : 419,
    "text" : "R E S O L V E:\nNomear EMERSON JOSÉ CAVALCANTI BRAGA, CPF nº ***.423.774-**, para exercer o cargo de provimento em comissão de Chefe \nde Divisão de Comunicação, símbolo “CAA-2”, da Autarquia de Serviços Urbanos do Recife - CSURB, a contar de 01 de dezembro \nde 2021.",
    "tokens" : [ {
      "id" : "s1-t0",
      "begin" : 154,
      "end" : 155,
      "text" : "R",
      "whiteSpace" : false
    }, {
      "id" : "s1-t1",
      "begin" : 156,
      "end" : 157,
      "text" : "E",
      "whiteSpace" : false
    }, {
      "id" : "s1-t2",
      "begin" : 158,
      "end" : 159,
      "text" : "S",
      "whiteSpace" : false
    }, {
      "id" : "s1-t3",
      "begin" : 160,
      "end" : 161,
      "text" : "O",
      "whiteSpace" : false
    }, {
      "id" : "s1-t4",
      "begin" : 162,
      "end" : 163,
      "text" : "L",
      "whiteSpace" : false
    }, {
      "id" : "s1-t5",
      "begin" : 164,
      "end" : 165,
      "text" : "V",
      "whiteSpace" : false
    }, {
      "id" : "s1-t6",
      "begin" : 166,
      "end" : 167,
      "text" : "E",
      "whiteSpace" : false
    }, {
      "id" : "s1-t7",
      "begin" : 167,
      "end" : 168,
      "text" : ":",
      "whiteSpace" : false
    }, {
      "id" : "s1-t8",
      "begin" : 169,
      "end" : 175,
      "text" : "Nomear",
      "whiteSpace" : false
    }, {
      "id" : "s1-t9",
      "begin" : 176,
      "end" : 183,
      "text" : "EMERSON",
      "whiteSpace" : false
    }, {
      "id" : "s1-t10",
      "begin" : 184,
      "end" : 188,
      "text" : "JOSÉ",
      "whiteSpace" : false
    }, {
      "id" : "s1-t11",
      "begin" : 189,
      "end" : 199,
      "text" : "CAVALCANTI",
      "whiteSpace" : false
    }, {
      "id" : "s1-t12",
      "begin" : 200,
      "end" : 205,
      "text" : "BRAGA",
      "whiteSpace" : false
    }, {
      "id" : "s1-t13",
      "begin" : 205,
      "end" : 206,
      "text" : ",",
      "whiteSpace" : false
    }, {
      "id" : "s1-t14",
      "begin" : 207,
      "end" : 210,
      "text" : "CPF",
      "whiteSpace" : false
    }, {
      "id" : "s1-t15",
      "begin" : 211,
      "end" : 213,
      "text" : "nº",
      "whiteSpace" : false
    }, {
      "id" : "s1-t16",
      "begin" : 214,
      "end" : 217,
      "text" : "***",
      "whiteSpace" : false
    }, {
      "id" : "s1-t17",
      "begin" : 217,
      "end" : 225,
      "text" : ".423.774",
      "whiteSpace" : false
    }, {
      "id" : "s1-t18",
      "begin" : 225,
      "end" : 226,
      "text" : "-",
      "whiteSpace" : false
    }, {
      "id" : "s1-t19",
      "begin" : 226,
      "end" : 227,
      "text" : "*",
      "whiteSpace" : false
    }, {
      "id" : "s1-t20",
      "begin" : 227,
      "end" : 228,
      "text" : "*",
      "whiteSpace" : false
    }, {
      "id" : "s1-t21",
      "begin" : 228,
      "end" : 229,
      "text" : ",",
      "whiteSpace" : false
    }, {
      "id" : "s1-t22",
      "begin" : 230,
      "end" : 234,
      "text" : "para",
      "whiteSpace" : false
    }, {
      "id" : "s1-t23",
      "begin" : 235,
      "end" : 242,
      "text" : "exercer",
      "whiteSpace" : false
    }, {
      "id" : "s1-t24",
      "begin" : 243,
      "end" : 244,
      "text" : "o",
      "whiteSpace" : false
    }, {
      "id" : "s1-t25",
      "begin" : 245,
      "end" : 250,
      "text" : "cargo",
      "whiteSpace" : false
    }, {
      "id" : "s1-t26",
      "begin" : 251,
      "end" : 253,
      "text" : "de",
      "whiteSpace" : false
    }, {
      "id" : "s1-t27",
      "begin" : 254,
      "end" : 264,
      "text" : "provimento",
      "whiteSpace" : false
    }, {
      "id" : "s1-t28",
      "begin" : 265,
      "end" : 267,
      "text" : "em",
      "whiteSpace" : false
    }, {
      "id" : "s1-t29",
      "begin" : 268,
      "end" : 276,
      "text" : "comissão",
      "whiteSpace" : false
    }, {
      "id" : "s1-t30",
      "begin" : 277,
      "end" : 279,
      "text" : "de",
      "whiteSpace" : false
    }, {
      "id" : "s1-t31",
      "begin" : 280,
      "end" : 285,
      "text" : "Chefe",
      "whiteSpace" : false
    }, {
      "id" : "s1-t32",
      "begin" : 287,
      "end" : 289,
      "text" : "de",
      "whiteSpace" : false
    }, {
      "id" : "s1-t33",
      "begin" : 290,
      "end" : 297,
      "text" : "Divisão",
      "whiteSpace" : false
    }, {
      "id" : "s1-t34",
      "begin" : 298,
      "end" : 300,
      "text" : "de",
      "whiteSpace" : false
    }, {
      "id" : "s1-t35",
      "begin" : 301,
      "end" : 312,
      "text" : "Comunicação",
      "whiteSpace" : false
    }, {
      "id" : "s1-t36",
      "begin" : 312,
      "end" : 313,
      "text" : ",",
      "whiteSpace" : false
    }, {
      "id" : "s1-t37",
      "begin" : 314,
      "end" : 321,
      "text" : "símbolo",
      "whiteSpace" : false
    }, {
      "id" : "s1-t38",
      "begin" : 322,
      "end" : 323,
      "text" : "“",
      "whiteSpace" : false
    }, {
      "id" : "s1-t39",
      "begin" : 323,
      "end" : 328,
      "text" : "CAA-2",
      "whiteSpace" : false
    }, {
      "id" : "s1-t40",
      "begin" : 328,
      "end" : 329,
      "text" : "”",
      "whiteSpace" : false
    }, {
      "id" : "s1-t41",
      "begin" : 329,
      "end" : 330,
      "text" : ",",
      "whiteSpace" : false
    }, {
      "id" : "s1-t42",
      "begin" : 331,
      "end" : 333,
      "text" : "da",
      "whiteSpace" : false
    }, {
      "id" : "s1-t43",
      "begin" : 334,
      "end" : 343,
      "text" : "Autarquia",
      "whiteSpace" : false
    }, {
      "id" : "s1-t44",
      "begin" : 344,
      "end" : 346,
      "text" : "de",
      "whiteSpace" : false
    }, {
      "id" : "s1-t45",
      "begin" : 347,
      "end" : 355,
      "text" : "Serviços",
      "whiteSpace" : false
    }, {
      "id" : "s1-t46",
      "begin" : 356,
      "end" : 363,
      "text" : "Urbanos",
      "whiteSpace" : false
    }, {
      "id" : "s1-t47",
      "begin" : 364,
      "end" : 366,
      "text" : "do",
      "whiteSpace" : false
    }, {
      "id" : "s1-t48",
      "begin" : 367,
      "end" : 373,
      "text" : "Recife",
      "whiteSpace" : false
    }, {
      "id" : "s1-t49",
      "begin" : 374,
      "end" : 375,
      "text" : "-",
      "whiteSpace" : false
    }, {
      "id" : "s1-t50",
      "begin" : 376,
      "end" : 381,
      "text" : "CSURB",
      "whiteSpace" : false
    }, {
      "id" : "s1-t51",
      "begin" : 381,
      "end" : 382,
      "text" : ",",
      "whiteSpace" : false
    }, {
      "id" : "s1-t52",
      "begin" : 383,
      "end" : 384,
      "text" : "a",
      "whiteSpace" : false
    }, {
      "id" : "s1-t53",
      "begin" : 385,
      "end" : 391,
      "text" : "contar",
      "whiteSpace" : false
    }, {
      "id" : "s1-t54",
      "begin" : 392,
      "end" : 394,
      "text" : "de",
      "whiteSpace" : false
    }, {
      "id" : "s1-t55",
      "begin" : 395,
      "end" : 397,
      "text" : "01",
      "whiteSpace" : false
    }, {
      "id" : "s1-t56",
      "begin" : 398,
      "end" : 400,
      "text" : "de",
      "whiteSpace" : false
    }, {
      "id" : "s1-t57",
      "begin" : 401,
      "end" : 409,
      "text" : "dezembro",
      "whiteSpace" : false
    }, {
      "id" : "s1-t58",
      "begin" : 411,
      "end" : 413,
      "text" : "de",
      "whiteSpace" : false
    }, {
      "id" : "s1-t59",
      "begin" : 414,
      "end" : 418,
      "text" : "2021",
      "whiteSpace" : false
    }, {
      "id" : "s1-t60",
      "begin" : 418,
      "end" : 419,
      "text" : ".",
      "whiteSpace" : false
    } ]
  } ],
  "mentions" : [ {
    "id" : "s0-m1",
    "properties" : {
      "SIRE_MENTION_ROLE" : "portaria",
      "SIRE_ENTITY_SUBTYPE" : "NONE",
      "SIRE_MENTION_TYPE" : "NONE",
      "SIRE_MENTION_CLASS" : "SPC"
    },
    "type" : "portaria",
    "begin" : 12,
    "end" : 16,
    "inCoref" : false
  }, {
    "id" : "s0-m2",
    "properties" : {
      "SIRE_MENTION_ROLE" : "dia",
      "SIRE_ENTITY_SUBTYPE" : "NONE",
      "SIRE_MENTION_TYPE" : "NONE",
      "SIRE_MENTION_CLASS" : "SPC"
    },
    "type" : "dia",
    "begin" : 20,
    "end" : 22,
    "inCoref" : false
  }, {
    "id" : "s0-m3",
    "properties" : {
      "SIRE_MENTION_ROLE" : "mes",
      "SIRE_ENTITY_SUBTYPE" : "NONE",
      "SIRE_MENTION_TYPE" : "NONE",
      "SIRE_MENTION_CLASS" : "SPC"
    },
    "type" : "mes",
    "begin" : 26,
    "end" : 34,
    "inCoref" : false
  }, {
    "id" : "s0-m4",
    "properties" : {
      "SIRE_MENTION_ROLE" : "ano",
      "SIRE_ENTITY_SUBTYPE" : "NONE",
      "SIRE_MENTION_TYPE" : "NONE",
      "SIRE_MENTION_CLASS" : "SPC"
    },
    "type" : "ano",
    "begin" : 38,
    "end" : 42,
    "inCoref" : false
  }, {
    "id" : "s1-m1",
    "properties" : {
      "SIRE_MENTION_ROLE" : "ato",
      "SIRE_ENTITY_SUBTYPE" : "NONE",
      "SIRE_MENTION_TYPE" : "NONE",
      "SIRE_MENTION_CLASS" : "SPC"
    },
    "type" : "ato",
    "begin" : 169,
    "end" : 175,
    "inCoref" : false
  }, {
    "id" : "s1-m2",
    "properties" : {
      "SIRE_MENTION_ROLE" : "nome",
      "SIRE_ENTITY_SUBTYPE" : "NONE",
      "SIRE_MENTION_TYPE" : "NONE",
      "SIRE_MENTION_CLASS" : "SPC"
    },
    "type" : "nome",
    "begin" : 176,
    "end" : 205,
    "inCoref" : false
  }, {
    "id" : "s1-m3",
    "properties" : {
      "SIRE_MENTION_ROLE" : "cargo",
      "SIRE_ENTITY_SUBTYPE" : "NONE",
      "SIRE_MENTION_TYPE" : "NONE",
      "SIRE_MENTION_CLASS" : "SPC"
    },
    "type" : "cargo",
    "begin" : 280,
    "end" : 312,
    "inCoref" : false
  } ],
  "relations" : [ ],
  "corefs" : [ ],
  "typeResolved" : true,
  "userResolved" : false
}