{
  "id" : "f17cd4f0-6eec-11ec-bfc5-1d2301fb7f11-7",
  "name" : "buffer_rec_nom_08.txt",
  "createdDate" : 0,
  "version" : 3,
  "text" : "PORTARIA Nº 1537 DE 01 DE DEZEMBRO DE 2021\nO PREFEITO DO RECIFE, no uso de suas atribuições, e tendo em vista o contido no ofício n° 543/2021 - DPR/EMLURB,\n\nR E S O L V E:\nNomear ALINE JULIANA DA SILVA OMAR, CPF nº ***.859.284.**, para exercer o cargo de provimento em comissão de Gestor da \nUnidade Socioambiental, símbolo “CAA-1”, da Autarquia de Manutenção e Limpeza Urbana - EMLURB, a contar de 01 de dezembro \nde 2021.\n\n",
  "docLength" : 0,
  "language" : "PT",
  "status" : "IN_PROGRESS",
  "modifiedDate" : 1641586169137,
  "documentSet" : [ ],
  "preannotation" : [ ],
  "sentences" : [ {
    "id" : "s0",
    "begin" : 0,
    "end" : 155,
    "text" : "PORTARIA Nº 1537 DE 01 DE DEZEMBRO DE 2021\nO PREFEITO DO RECIFE, no uso de suas atribuições, e tendo em vista o contido no ofício n° 543/2021 - DPR/EMLURB,",
    "tokens" : [ {
      "id" : "s0-t0",
      "begin" : 0,
      "end" : 8,
      "text" : "PORTARIA",
      "whiteSpace" : false
    }, {
      "id" : "s0-t1",
      "begin" : 9,
      "end" : 11,
      "text" : "Nº",
      "whiteSpace" : false
    }, {
      "id" : "s0-t2",
      "begin" : 12,
      "end" : 16,
      "text" : "1537",
      "whiteSpace" : false
    }, {
      "id" : "s0-t3",
      "begin" : 17,
      "end" : 19,
      "text" : "DE",
      "whiteSpace" : false
    }, {
      "id" : "s0-t4",
      "begin" : 20,
      "end" : 22,
      "text" : "01",
      "whiteSpace" : false
    }, {
      "id" : "s0-t5",
      "begin" : 23,
      "end" : 25,
      "text" : "DE",
      "whiteSpace" : false
    }, {
      "id" : "s0-t6",
      "begin" : 26,
      "end" : 34,
      "text" : "DEZEMBRO",
      "whiteSpace" : false
    }, {
      "id" : "s0-t7",
      "begin" : 35,
      "end" : 37,
      "text" : "DE",
      "whiteSpace" : false
    }, {
      "id" : "s0-t8",
      "begin" : 38,
      "end" : 42,
      "text" : "2021",
      "whiteSpace" : false
    }, {
      "id" : "s0-t9",
      "begin" : 43,
      "end" : 44,
      "text" : "O",
      "whiteSpace" : false
    }, {
      "id" : "s0-t10",
      "begin" : 45,
      "end" : 53,
      "text" : "PREFEITO",
      "whiteSpace" : false
    }, {
      "id" : "s0-t11",
      "begin" : 54,
      "end" : 56,
      "text" : "DO",
      "whiteSpace" : false
    }, {
      "id" : "s0-t12",
      "begin" : 57,
      "end" : 63,
      "text" : "RECIFE",
      "whiteSpace" : false
    }, {
      "id" : "s0-t13",
      "begin" : 63,
      "end" : 64,
      "text" : ",",
      "whiteSpace" : false
    }, {
      "id" : "s0-t14",
      "begin" : 65,
      "end" : 67,
      "text" : "no",
      "whiteSpace" : false
    }, {
      "id" : "s0-t15",
      "begin" : 68,
      "end" : 71,
      "text" : "uso",
      "whiteSpace" : false
    }, {
      "id" : "s0-t16",
      "begin" : 72,
      "end" : 74,
      "text" : "de",
      "whiteSpace" : false
    }, {
      "id" : "s0-t17",
      "begin" : 75,
      "end" : 79,
      "text" : "suas",
      "whiteSpace" : false
    }, {
      "id" : "s0-t18",
      "begin" : 80,
      "end" : 91,
      "text" : "atribuições",
      "whiteSpace" : false
    }, {
      "id" : "s0-t19",
      "begin" : 91,
      "end" : 92,
      "text" : ",",
      "whiteSpace" : false
    }, {
      "id" : "s0-t20",
      "begin" : 93,
      "end" : 94,
      "text" : "e",
      "whiteSpace" : false
    }, {
      "id" : "s0-t21",
      "begin" : 95,
      "end" : 100,
      "text" : "tendo",
      "whiteSpace" : false
    }, {
      "id" : "s0-t22",
      "begin" : 101,
      "end" : 103,
      "text" : "em",
      "whiteSpace" : false
    }, {
      "id" : "s0-t23",
      "begin" : 104,
      "end" : 109,
      "text" : "vista",
      "whiteSpace" : false
    }, {
      "id" : "s0-t24",
      "begin" : 110,
      "end" : 111,
      "text" : "o",
      "whiteSpace" : false
    }, {
      "id" : "s0-t25",
      "begin" : 112,
      "end" : 119,
      "text" : "contido",
      "whiteSpace" : false
    }, {
      "id" : "s0-t26",
      "begin" : 120,
      "end" : 122,
      "text" : "no",
      "whiteSpace" : false
    }, {
      "id" : "s0-t27",
      "begin" : 123,
      "end" : 129,
      "text" : "ofício",
      "whiteSpace" : false
    }, {
      "id" : "s0-t28",
      "begin" : 130,
      "end" : 131,
      "text" : "n",
      "whiteSpace" : false
    }, {
      "id" : "s0-t29",
      "begin" : 131,
      "end" : 132,
      "text" : "°",
      "whiteSpace" : false
    }, {
      "id" : "s0-t30",
      "begin" : 133,
      "end" : 141,
      "text" : "543/2021",
      "whiteSpace" : false
    }, {
      "id" : "s0-t31",
      "begin" : 142,
      "end" : 143,
      "text" : "-",
      "whiteSpace" : false
    }, {
      "id" : "s0-t32",
      "begin" : 144,
      "end" : 154,
      "text" : "DPR/EMLURB",
      "whiteSpace" : false
    }, {
      "id" : "s0-t33",
      "begin" : 154,
      "end" : 155,
      "text" : ",",
      "whiteSpace" : false
    } ]
  }, {
    "id" : "s1",
    "begin" : 157,
    "end" : 227,
    "text" : "R E S O L V E:\nNomear ALINE JULIANA DA SILVA OMAR, CPF nº ***.859.284.",
    "tokens" : [ {
      "id" : "s1-t0",
      "begin" : 157,
      "end" : 158,
      "text" : "R",
      "whiteSpace" : false
    }, {
      "id" : "s1-t1",
      "begin" : 159,
      "end" : 160,
      "text" : "E",
      "whiteSpace" : false
    }, {
      "id" : "s1-t2",
      "begin" : 161,
      "end" : 162,
      "text" : "S",
      "whiteSpace" : false
    }, {
      "id" : "s1-t3",
      "begin" : 163,
      "end" : 164,
      "text" : "O",
      "whiteSpace" : false
    }, {
      "id" : "s1-t4",
      "begin" : 165,
      "end" : 166,
      "text" : "L",
      "whiteSpace" : false
    }, {
      "id" : "s1-t5",
      "begin" : 167,
      "end" : 168,
      "text" : "V",
      "whiteSpace" : false
    }, {
      "id" : "s1-t6",
      "begin" : 169,
      "end" : 170,
      "text" : "E",
      "whiteSpace" : false
    }, {
      "id" : "s1-t7",
      "begin" : 170,
      "end" : 171,
      "text" : ":",
      "whiteSpace" : false
    }, {
      "id" : "s1-t8",
      "begin" : 172,
      "end" : 178,
      "text" : "Nomear",
      "whiteSpace" : false
    }, {
      "id" : "s1-t9",
      "begin" : 179,
      "end" : 184,
      "text" : "ALINE",
      "whiteSpace" : false
    }, {
      "id" : "s1-t10",
      "begin" : 185,
      "end" : 192,
      "text" : "JULIANA",
      "whiteSpace" : false
    }, {
      "id" : "s1-t11",
      "begin" : 193,
      "end" : 195,
      "text" : "DA",
      "whiteSpace" : false
    }, {
      "id" : "s1-t12",
      "begin" : 196,
      "end" : 201,
      "text" : "SILVA",
      "whiteSpace" : false
    }, {
      "id" : "s1-t13",
      "begin" : 202,
      "end" : 206,
      "text" : "OMAR",
      "whiteSpace" : false
    }, {
      "id" : "s1-t14",
      "begin" : 206,
      "end" : 207,
      "text" : ",",
      "whiteSpace" : false
    }, {
      "id" : "s1-t15",
      "begin" : 208,
      "end" : 211,
      "text" : "CPF",
      "whiteSpace" : false
    }, {
      "id" : "s1-t16",
      "begin" : 212,
      "end" : 214,
      "text" : "nº",
      "whiteSpace" : false
    }, {
      "id" : "s1-t17",
      "begin" : 215,
      "end" : 218,
      "text" : "***",
      "whiteSpace" : false
    }, {
      "id" : "s1-t18",
      "begin" : 218,
      "end" : 226,
      "text" : ".859.284",
      "whiteSpace" : false
    }, {
      "id" : "s1-t19",
      "begin" : 226,
      "end" : 227,
      "text" : ".",
      "whiteSpace" : false
    } ]
  }, {
    "id" : "s2",
    "begin" : 227,
    "end" : 423,
    "text" : "**, para exercer o cargo de provimento em comissão de Gestor da \nUnidade Socioambiental, símbolo “CAA-1”, da Autarquia de Manutenção e Limpeza Urbana - EMLURB, a contar de 01 de dezembro \nde 2021.",
    "tokens" : [ {
      "id" : "s2-t0",
      "begin" : 227,
      "end" : 228,
      "text" : "*",
      "whiteSpace" : false
    }, {
      "id" : "s2-t1",
      "begin" : 228,
      "end" : 229,
      "text" : "*",
      "whiteSpace" : false
    }, {
      "id" : "s2-t2",
      "begin" : 229,
      "end" : 230,
      "text" : ",",
      "whiteSpace" : false
    }, {
      "id" : "s2-t3",
      "begin" : 231,
      "end" : 235,
      "text" : "para",
      "whiteSpace" : false
    }, {
      "id" : "s2-t4",
      "begin" : 236,
      "end" : 243,
      "text" : "exercer",
      "whiteSpace" : false
    }, {
      "id" : "s2-t5",
      "begin" : 244,
      "end" : 245,
      "text" : "o",
      "whiteSpace" : false
    }, {
      "id" : "s2-t6",
      "begin" : 246,
      "end" : 251,
      "text" : "cargo",
      "whiteSpace" : false
    }, {
      "id" : "s2-t7",
      "begin" : 252,
      "end" : 254,
      "text" : "de",
      "whiteSpace" : false
    }, {
      "id" : "s2-t8",
      "begin" : 255,
      "end" : 265,
      "text" : "provimento",
      "whiteSpace" : false
    }, {
      "id" : "s2-t9",
      "begin" : 266,
      "end" : 268,
      "text" : "em",
      "whiteSpace" : false
    }, {
      "id" : "s2-t10",
      "begin" : 269,
      "end" : 277,
      "text" : "comissão",
      "whiteSpace" : false
    }, {
      "id" : "s2-t11",
      "begin" : 278,
      "end" : 280,
      "text" : "de",
      "whiteSpace" : false
    }, {
      "id" : "s2-t12",
      "begin" : 281,
      "end" : 287,
      "text" : "Gestor",
      "whiteSpace" : false
    }, {
      "id" : "s2-t13",
      "begin" : 288,
      "end" : 290,
      "text" : "da",
      "whiteSpace" : false
    }, {
      "id" : "s2-t14",
      "begin" : 292,
      "end" : 299,
      "text" : "Unidade",
      "whiteSpace" : false
    }, {
      "id" : "s2-t15",
      "begin" : 300,
      "end" : 314,
      "text" : "Socioambiental",
      "whiteSpace" : false
    }, {
      "id" : "s2-t16",
      "begin" : 314,
      "end" : 315,
      "text" : ",",
      "whiteSpace" : false
    }, {
      "id" : "s2-t17",
      "begin" : 316,
      "end" : 323,
      "text" : "símbolo",
      "whiteSpace" : false
    }, {
      "id" : "s2-t18",
      "begin" : 324,
      "end" : 325,
      "text" : "“",
      "whiteSpace" : false
    }, {
      "id" : "s2-t19",
      "begin" : 325,
      "end" : 330,
      "text" : "CAA-1",
      "whiteSpace" : false
    }, {
      "id" : "s2-t20",
      "begin" : 330,
      "end" : 331,
      "text" : "”",
      "whiteSpace" : false
    }, {
      "id" : "s2-t21",
      "begin" : 331,
      "end" : 332,
      "text" : ",",
      "whiteSpace" : false
    }, {
      "id" : "s2-t22",
      "begin" : 333,
      "end" : 335,
      "text" : "da",
      "whiteSpace" : false
    }, {
      "id" : "s2-t23",
      "begin" : 336,
      "end" : 345,
      "text" : "Autarquia",
      "whiteSpace" : false
    }, {
      "id" : "s2-t24",
      "begin" : 346,
      "end" : 348,
      "text" : "de",
      "whiteSpace" : false
    }, {
      "id" : "s2-t25",
      "begin" : 349,
      "end" : 359,
      "text" : "Manutenção",
      "whiteSpace" : false
    }, {
      "id" : "s2-t26",
      "begin" : 360,
      "end" : 361,
      "text" : "e",
      "whiteSpace" : false
    }, {
      "id" : "s2-t27",
      "begin" : 362,
      "end" : 369,
      "text" : "Limpeza",
      "whiteSpace" : false
    }, {
      "id" : "s2-t28",
      "begin" : 370,
      "end" : 376,
      "text" : "Urbana",
      "whiteSpace" : false
    }, {
      "id" : "s2-t29",
      "begin" : 377,
      "end" : 378,
      "text" : "-",
      "whiteSpace" : false
    }, {
      "id" : "s2-t30",
      "begin" : 379,
      "end" : 385,
      "text" : "EMLURB",
      "whiteSpace" : false
    }, {
      "id" : "s2-t31",
      "begin" : 385,
      "end" : 386,
      "text" : ",",
      "whiteSpace" : false
    }, {
      "id" : "s2-t32",
      "begin" : 387,
      "end" : 388,
      "text" : "a",
      "whiteSpace" : false
    }, {
      "id" : "s2-t33",
      "begin" : 389,
      "end" : 395,
      "text" : "contar",
      "whiteSpace" : false
    }, {
      "id" : "s2-t34",
      "begin" : 396,
      "end" : 398,
      "text" : "de",
      "whiteSpace" : false
    }, {
      "id" : "s2-t35",
      "begin" : 399,
      "end" : 401,
      "text" : "01",
      "whiteSpace" : false
    }, {
      "id" : "s2-t36",
      "begin" : 402,
      "end" : 404,
      "text" : "de",
      "whiteSpace" : false
    }, {
      "id" : "s2-t37",
      "begin" : 405,
      "end" : 413,
      "text" : "dezembro",
      "whiteSpace" : false
    }, {
      "id" : "s2-t38",
      "begin" : 415,
      "end" : 417,
      "text" : "de",
      "whiteSpace" : false
    }, {
      "id" : "s2-t39",
      "begin" : 418,
      "end" : 422,
      "text" : "2021",
      "whiteSpace" : false
    }, {
      "id" : "s2-t40",
      "begin" : 422,
      "end" : 423,
      "text" : ".",
      "whiteSpace" : false
    } ]
  } ],
  "mentions" : [ {
    "id" : "s0-m1",
    "properties" : {
      "SIRE_MENTION_ROLE" : "portaria",
      "SIRE_ENTITY_SUBTYPE" : "NONE",
      "SIRE_MENTION_TYPE" : "NONE",
      "SIRE_MENTION_CLASS" : "SPC"
    },
    "type" : "portaria",
    "begin" : 12,
    "end" : 16,
    "inCoref" : false
  }, {
    "id" : "s0-m2",
    "properties" : {
      "SIRE_MENTION_ROLE" : "dia",
      "SIRE_ENTITY_SUBTYPE" : "NONE",
      "SIRE_MENTION_TYPE" : "NONE",
      "SIRE_MENTION_CLASS" : "SPC"
    },
    "type" : "dia",
    "begin" : 20,
    "end" : 22,
    "inCoref" : false
  }, {
    "id" : "s0-m3",
    "properties" : {
      "SIRE_MENTION_ROLE" : "mes",
      "SIRE_ENTITY_SUBTYPE" : "NONE",
      "SIRE_MENTION_TYPE" : "NONE",
      "SIRE_MENTION_CLASS" : "SPC"
    },
    "type" : "mes",
    "begin" : 26,
    "end" : 34,
    "inCoref" : false
  }, {
    "id" : "s0-m4",
    "properties" : {
      "SIRE_MENTION_ROLE" : "ano",
      "SIRE_ENTITY_SUBTYPE" : "NONE",
      "SIRE_MENTION_TYPE" : "NONE",
      "SIRE_MENTION_CLASS" : "SPC"
    },
    "type" : "ano",
    "begin" : 38,
    "end" : 42,
    "inCoref" : false
  }, {
    "id" : "s1-m1",
    "properties" : {
      "SIRE_MENTION_ROLE" : "ato",
      "SIRE_ENTITY_SUBTYPE" : "NONE",
      "SIRE_MENTION_TYPE" : "NONE",
      "SIRE_MENTION_CLASS" : "SPC"
    },
    "type" : "ato",
    "begin" : 172,
    "end" : 178,
    "inCoref" : false
  }, {
    "id" : "s1-m2",
    "properties" : {
      "SIRE_MENTION_ROLE" : "nome",
      "SIRE_ENTITY_SUBTYPE" : "NONE",
      "SIRE_MENTION_TYPE" : "NONE",
      "SIRE_MENTION_CLASS" : "SPC"
    },
    "type" : "nome",
    "begin" : 179,
    "end" : 206,
    "inCoref" : false
  }, {
    "id" : "s2-m1",
    "properties" : {
      "SIRE_MENTION_ROLE" : "cargo",
      "SIRE_ENTITY_SUBTYPE" : "NONE",
      "SIRE_MENTION_TYPE" : "NONE",
      "SIRE_MENTION_CLASS" : "SPC"
    },
    "type" : "cargo",
    "begin" : 281,
    "end" : 314,
    "inCoref" : false
  } ],
  "relations" : [ ],
  "corefs" : [ ],
  "typeResolved" : true,
  "userResolved" : false
}