{
  "id" : "f17cd4f0-6eec-11ec-bfc5-1d2301fb7f11-5",
  "name" : "buffer_rec_nom_06.txt",
  "createdDate" : 0,
  "version" : 3,
  "text" : "PORTARIA Nº 1527 DE 01 DE DEZEMBRO DE 2021\nO PREFEITO DO RECIFE, no uso de suas atribuições, e o contido no ofício n° 384/2021 – SEPLAGTD/GAB,\n\nR E S O L V E:\nNomear MARCELA MAIA MAGALHÃES, CPF nº. ***. 938.194-**, para exercer o cargo de provimento em comissão de Assessor \nTécnico de Gerenciamento de Processos, símbolo \"CAA-1”, da Secretaria de Planejamento, Gestão e Transformação Digital, a con-\ntar de 01 de dezembro de 2021.\n",
  "docLength" : 0,
  "language" : "PT",
  "status" : "IN_PROGRESS",
  "modifiedDate" : 1641584411777,
  "documentSet" : [ ],
  "preannotation" : [ ],
  "sentences" : [ {
    "id" : "s0",
    "begin" : 0,
    "end" : 142,
    "text" : "PORTARIA Nº 1527 DE 01 DE DEZEMBRO DE 2021\nO PREFEITO DO RECIFE, no uso de suas atribuições, e o contido no ofício n° 384/2021 – SEPLAGTD/GAB,",
    "tokens" : [ {
      "id" : "s0-t0",
      "begin" : 0,
      "end" : 8,
      "text" : "PORTARIA",
      "whiteSpace" : false
    }, {
      "id" : "s0-t1",
      "begin" : 9,
      "end" : 11,
      "text" : "Nº",
      "whiteSpace" : false
    }, {
      "id" : "s0-t2",
      "begin" : 12,
      "end" : 16,
      "text" : "1527",
      "whiteSpace" : false
    }, {
      "id" : "s0-t3",
      "begin" : 17,
      "end" : 19,
      "text" : "DE",
      "whiteSpace" : false
    }, {
      "id" : "s0-t4",
      "begin" : 20,
      "end" : 22,
      "text" : "01",
      "whiteSpace" : false
    }, {
      "id" : "s0-t5",
      "begin" : 23,
      "end" : 25,
      "text" : "DE",
      "whiteSpace" : false
    }, {
      "id" : "s0-t6",
      "begin" : 26,
      "end" : 34,
      "text" : "DEZEMBRO",
      "whiteSpace" : false
    }, {
      "id" : "s0-t7",
      "begin" : 35,
      "end" : 37,
      "text" : "DE",
      "whiteSpace" : false
    }, {
      "id" : "s0-t8",
      "begin" : 38,
      "end" : 42,
      "text" : "2021",
      "whiteSpace" : false
    }, {
      "id" : "s0-t9",
      "begin" : 43,
      "end" : 44,
      "text" : "O",
      "whiteSpace" : false
    }, {
      "id" : "s0-t10",
      "begin" : 45,
      "end" : 53,
      "text" : "PREFEITO",
      "whiteSpace" : false
    }, {
      "id" : "s0-t11",
      "begin" : 54,
      "end" : 56,
      "text" : "DO",
      "whiteSpace" : false
    }, {
      "id" : "s0-t12",
      "begin" : 57,
      "end" : 63,
      "text" : "RECIFE",
      "whiteSpace" : false
    }, {
      "id" : "s0-t13",
      "begin" : 63,
      "end" : 64,
      "text" : ",",
      "whiteSpace" : false
    }, {
      "id" : "s0-t14",
      "begin" : 65,
      "end" : 67,
      "text" : "no",
      "whiteSpace" : false
    }, {
      "id" : "s0-t15",
      "begin" : 68,
      "end" : 71,
      "text" : "uso",
      "whiteSpace" : false
    }, {
      "id" : "s0-t16",
      "begin" : 72,
      "end" : 74,
      "text" : "de",
      "whiteSpace" : false
    }, {
      "id" : "s0-t17",
      "begin" : 75,
      "end" : 79,
      "text" : "suas",
      "whiteSpace" : false
    }, {
      "id" : "s0-t18",
      "begin" : 80,
      "end" : 91,
      "text" : "atribuições",
      "whiteSpace" : false
    }, {
      "id" : "s0-t19",
      "begin" : 91,
      "end" : 92,
      "text" : ",",
      "whiteSpace" : false
    }, {
      "id" : "s0-t20",
      "begin" : 93,
      "end" : 94,
      "text" : "e",
      "whiteSpace" : false
    }, {
      "id" : "s0-t21",
      "begin" : 95,
      "end" : 96,
      "text" : "o",
      "whiteSpace" : false
    }, {
      "id" : "s0-t22",
      "begin" : 97,
      "end" : 104,
      "text" : "contido",
      "whiteSpace" : false
    }, {
      "id" : "s0-t23",
      "begin" : 105,
      "end" : 107,
      "text" : "no",
      "whiteSpace" : false
    }, {
      "id" : "s0-t24",
      "begin" : 108,
      "end" : 114,
      "text" : "ofício",
      "whiteSpace" : false
    }, {
      "id" : "s0-t25",
      "begin" : 115,
      "end" : 116,
      "text" : "n",
      "whiteSpace" : false
    }, {
      "id" : "s0-t26",
      "begin" : 116,
      "end" : 117,
      "text" : "°",
      "whiteSpace" : false
    }, {
      "id" : "s0-t27",
      "begin" : 118,
      "end" : 126,
      "text" : "384/2021",
      "whiteSpace" : false
    }, {
      "id" : "s0-t28",
      "begin" : 127,
      "end" : 128,
      "text" : "–",
      "whiteSpace" : false
    }, {
      "id" : "s0-t29",
      "begin" : 129,
      "end" : 141,
      "text" : "SEPLAGTD/GAB",
      "whiteSpace" : false
    }, {
      "id" : "s0-t30",
      "begin" : 141,
      "end" : 142,
      "text" : ",",
      "whiteSpace" : false
    } ]
  }, {
    "id" : "s1",
    "begin" : 144,
    "end" : 197,
    "text" : "R E S O L V E:\nNomear MARCELA MAIA MAGALHÃES, CPF nº.",
    "tokens" : [ {
      "id" : "s1-t0",
      "begin" : 144,
      "end" : 145,
      "text" : "R",
      "whiteSpace" : false
    }, {
      "id" : "s1-t1",
      "begin" : 146,
      "end" : 147,
      "text" : "E",
      "whiteSpace" : false
    }, {
      "id" : "s1-t2",
      "begin" : 148,
      "end" : 149,
      "text" : "S",
      "whiteSpace" : false
    }, {
      "id" : "s1-t3",
      "begin" : 150,
      "end" : 151,
      "text" : "O",
      "whiteSpace" : false
    }, {
      "id" : "s1-t4",
      "begin" : 152,
      "end" : 153,
      "text" : "L",
      "whiteSpace" : false
    }, {
      "id" : "s1-t5",
      "begin" : 154,
      "end" : 155,
      "text" : "V",
      "whiteSpace" : false
    }, {
      "id" : "s1-t6",
      "begin" : 156,
      "end" : 157,
      "text" : "E",
      "whiteSpace" : false
    }, {
      "id" : "s1-t7",
      "begin" : 157,
      "end" : 158,
      "text" : ":",
      "whiteSpace" : false
    }, {
      "id" : "s1-t8",
      "begin" : 159,
      "end" : 165,
      "text" : "Nomear",
      "whiteSpace" : false
    }, {
      "id" : "s1-t9",
      "begin" : 166,
      "end" : 173,
      "text" : "MARCELA",
      "whiteSpace" : false
    }, {
      "id" : "s1-t10",
      "begin" : 174,
      "end" : 178,
      "text" : "MAIA",
      "whiteSpace" : false
    }, {
      "id" : "s1-t11",
      "begin" : 179,
      "end" : 188,
      "text" : "MAGALHÃES",
      "whiteSpace" : false
    }, {
      "id" : "s1-t12",
      "begin" : 188,
      "end" : 189,
      "text" : ",",
      "whiteSpace" : false
    }, {
      "id" : "s1-t13",
      "begin" : 190,
      "end" : 193,
      "text" : "CPF",
      "whiteSpace" : false
    }, {
      "id" : "s1-t14",
      "begin" : 194,
      "end" : 196,
      "text" : "nº",
      "whiteSpace" : false
    }, {
      "id" : "s1-t15",
      "begin" : 196,
      "end" : 197,
      "text" : ".",
      "whiteSpace" : false
    } ]
  }, {
    "id" : "s2",
    "begin" : 198,
    "end" : 202,
    "text" : "***.",
    "tokens" : [ {
      "id" : "s2-t0",
      "begin" : 198,
      "end" : 201,
      "text" : "***",
      "whiteSpace" : false
    }, {
      "id" : "s2-t1",
      "begin" : 201,
      "end" : 202,
      "text" : ".",
      "whiteSpace" : false
    } ]
  }, {
    "id" : "s3",
    "begin" : 203,
    "end" : 431,
    "text" : "938.194-**, para exercer o cargo de provimento em comissão de Assessor \nTécnico de Gerenciamento de Processos, símbolo \"CAA-1”, da Secretaria de Planejamento, Gestão e Transformação Digital, a con-\ntar de 01 de dezembro de 2021.",
    "tokens" : [ {
      "id" : "s3-t0",
      "begin" : 203,
      "end" : 210,
      "text" : "938.194",
      "whiteSpace" : false
    }, {
      "id" : "s3-t1",
      "begin" : 210,
      "end" : 211,
      "text" : "-",
      "whiteSpace" : false
    }, {
      "id" : "s3-t2",
      "begin" : 211,
      "end" : 212,
      "text" : "*",
      "whiteSpace" : false
    }, {
      "id" : "s3-t3",
      "begin" : 212,
      "end" : 213,
      "text" : "*",
      "whiteSpace" : false
    }, {
      "id" : "s3-t4",
      "begin" : 213,
      "end" : 214,
      "text" : ",",
      "whiteSpace" : false
    }, {
      "id" : "s3-t5",
      "begin" : 215,
      "end" : 219,
      "text" : "para",
      "whiteSpace" : false
    }, {
      "id" : "s3-t6",
      "begin" : 220,
      "end" : 227,
      "text" : "exercer",
      "whiteSpace" : false
    }, {
      "id" : "s3-t7",
      "begin" : 228,
      "end" : 229,
      "text" : "o",
      "whiteSpace" : false
    }, {
      "id" : "s3-t8",
      "begin" : 230,
      "end" : 235,
      "text" : "cargo",
      "whiteSpace" : false
    }, {
      "id" : "s3-t9",
      "begin" : 236,
      "end" : 238,
      "text" : "de",
      "whiteSpace" : false
    }, {
      "id" : "s3-t10",
      "begin" : 239,
      "end" : 249,
      "text" : "provimento",
      "whiteSpace" : false
    }, {
      "id" : "s3-t11",
      "begin" : 250,
      "end" : 252,
      "text" : "em",
      "whiteSpace" : false
    }, {
      "id" : "s3-t12",
      "begin" : 253,
      "end" : 261,
      "text" : "comissão",
      "whiteSpace" : false
    }, {
      "id" : "s3-t13",
      "begin" : 262,
      "end" : 264,
      "text" : "de",
      "whiteSpace" : false
    }, {
      "id" : "s3-t14",
      "begin" : 265,
      "end" : 273,
      "text" : "Assessor",
      "whiteSpace" : false
    }, {
      "id" : "s3-t15",
      "begin" : 275,
      "end" : 282,
      "text" : "Técnico",
      "whiteSpace" : false
    }, {
      "id" : "s3-t16",
      "begin" : 283,
      "end" : 285,
      "text" : "de",
      "whiteSpace" : false
    }, {
      "id" : "s3-t17",
      "begin" : 286,
      "end" : 299,
      "text" : "Gerenciamento",
      "whiteSpace" : false
    }, {
      "id" : "s3-t18",
      "begin" : 300,
      "end" : 302,
      "text" : "de",
      "whiteSpace" : false
    }, {
      "id" : "s3-t19",
      "begin" : 303,
      "end" : 312,
      "text" : "Processos",
      "whiteSpace" : false
    }, {
      "id" : "s3-t20",
      "begin" : 312,
      "end" : 313,
      "text" : ",",
      "whiteSpace" : false
    }, {
      "id" : "s3-t21",
      "begin" : 314,
      "end" : 321,
      "text" : "símbolo",
      "whiteSpace" : false
    }, {
      "id" : "s3-t22",
      "begin" : 322,
      "end" : 323,
      "text" : "\"",
      "whiteSpace" : false
    }, {
      "id" : "s3-t23",
      "begin" : 323,
      "end" : 328,
      "text" : "CAA-1",
      "whiteSpace" : false
    }, {
      "id" : "s3-t24",
      "begin" : 328,
      "end" : 329,
      "text" : "”",
      "whiteSpace" : false
    }, {
      "id" : "s3-t25",
      "begin" : 329,
      "end" : 330,
      "text" : ",",
      "whiteSpace" : false
    }, {
      "id" : "s3-t26",
      "begin" : 331,
      "end" : 333,
      "text" : "da",
      "whiteSpace" : false
    }, {
      "id" : "s3-t27",
      "begin" : 334,
      "end" : 344,
      "text" : "Secretaria",
      "whiteSpace" : false
    }, {
      "id" : "s3-t28",
      "begin" : 345,
      "end" : 347,
      "text" : "de",
      "whiteSpace" : false
    }, {
      "id" : "s3-t29",
      "begin" : 348,
      "end" : 360,
      "text" : "Planejamento",
      "whiteSpace" : false
    }, {
      "id" : "s3-t30",
      "begin" : 360,
      "end" : 361,
      "text" : ",",
      "whiteSpace" : false
    }, {
      "id" : "s3-t31",
      "begin" : 362,
      "end" : 368,
      "text" : "Gestão",
      "whiteSpace" : false
    }, {
      "id" : "s3-t32",
      "begin" : 369,
      "end" : 370,
      "text" : "e",
      "whiteSpace" : false
    }, {
      "id" : "s3-t33",
      "begin" : 371,
      "end" : 384,
      "text" : "Transformação",
      "whiteSpace" : false
    }, {
      "id" : "s3-t34",
      "begin" : 385,
      "end" : 392,
      "text" : "Digital",
      "whiteSpace" : false
    }, {
      "id" : "s3-t35",
      "begin" : 392,
      "end" : 393,
      "text" : ",",
      "whiteSpace" : false
    }, {
      "id" : "s3-t36",
      "begin" : 394,
      "end" : 395,
      "text" : "a",
      "whiteSpace" : false
    }, {
      "id" : "s3-t37",
      "begin" : 396,
      "end" : 399,
      "text" : "con",
      "whiteSpace" : false
    }, {
      "id" : "s3-t38",
      "begin" : 399,
      "end" : 400,
      "text" : "-",
      "whiteSpace" : false
    }, {
      "id" : "s3-t39",
      "begin" : 401,
      "end" : 404,
      "text" : "tar",
      "whiteSpace" : false
    }, {
      "id" : "s3-t40",
      "begin" : 405,
      "end" : 407,
      "text" : "de",
      "whiteSpace" : false
    }, {
      "id" : "s3-t41",
      "begin" : 408,
      "end" : 410,
      "text" : "01",
      "whiteSpace" : false
    }, {
      "id" : "s3-t42",
      "begin" : 411,
      "end" : 413,
      "text" : "de",
      "whiteSpace" : false
    }, {
      "id" : "s3-t43",
      "begin" : 414,
      "end" : 422,
      "text" : "dezembro",
      "whiteSpace" : false
    }, {
      "id" : "s3-t44",
      "begin" : 423,
      "end" : 425,
      "text" : "de",
      "whiteSpace" : false
    }, {
      "id" : "s3-t45",
      "begin" : 426,
      "end" : 430,
      "text" : "2021",
      "whiteSpace" : false
    }, {
      "id" : "s3-t46",
      "begin" : 430,
      "end" : 431,
      "text" : ".",
      "whiteSpace" : false
    } ]
  } ],
  "mentions" : [ {
    "id" : "s0-m1",
    "properties" : {
      "SIRE_MENTION_ROLE" : "portaria",
      "SIRE_ENTITY_SUBTYPE" : "NONE",
      "SIRE_MENTION_TYPE" : "NONE",
      "SIRE_MENTION_CLASS" : "SPC"
    },
    "type" : "portaria",
    "begin" : 12,
    "end" : 16,
    "inCoref" : false
  }, {
    "id" : "s0-m2",
    "properties" : {
      "SIRE_MENTION_ROLE" : "dia",
      "SIRE_ENTITY_SUBTYPE" : "NONE",
      "SIRE_MENTION_TYPE" : "NONE",
      "SIRE_MENTION_CLASS" : "SPC"
    },
    "type" : "dia",
    "begin" : 20,
    "end" : 22,
    "inCoref" : false
  }, {
    "id" : "s0-m3",
    "properties" : {
      "SIRE_MENTION_ROLE" : "mes",
      "SIRE_ENTITY_SUBTYPE" : "NONE",
      "SIRE_MENTION_TYPE" : "NONE",
      "SIRE_MENTION_CLASS" : "SPC"
    },
    "type" : "mes",
    "begin" : 26,
    "end" : 34,
    "inCoref" : false
  }, {
    "id" : "s0-m4",
    "properties" : {
      "SIRE_MENTION_ROLE" : "ano",
      "SIRE_ENTITY_SUBTYPE" : "NONE",
      "SIRE_MENTION_TYPE" : "NONE",
      "SIRE_MENTION_CLASS" : "SPC"
    },
    "type" : "ano",
    "begin" : 38,
    "end" : 42,
    "inCoref" : false
  }, {
    "id" : "s1-m1",
    "properties" : {
      "SIRE_MENTION_ROLE" : "ato",
      "SIRE_ENTITY_SUBTYPE" : "NONE",
      "SIRE_MENTION_TYPE" : "NONE",
      "SIRE_MENTION_CLASS" : "SPC"
    },
    "type" : "ato",
    "begin" : 159,
    "end" : 165,
    "inCoref" : false
  }, {
    "id" : "s1-m2",
    "properties" : {
      "SIRE_MENTION_ROLE" : "nome",
      "SIRE_ENTITY_SUBTYPE" : "NONE",
      "SIRE_MENTION_TYPE" : "NONE",
      "SIRE_MENTION_CLASS" : "SPC"
    },
    "type" : "nome",
    "begin" : 166,
    "end" : 188,
    "inCoref" : false
  }, {
    "id" : "s3-m1",
    "properties" : {
      "SIRE_MENTION_ROLE" : "cargo",
      "SIRE_ENTITY_SUBTYPE" : "NONE",
      "SIRE_MENTION_TYPE" : "NONE",
      "SIRE_MENTION_CLASS" : "SPC"
    },
    "type" : "cargo",
    "begin" : 265,
    "end" : 312,
    "inCoref" : false
  } ],
  "relations" : [ ],
  "corefs" : [ ],
  "typeResolved" : true,
  "userResolved" : false
}