{
  "id" : "fa2db150-6e6a-11ec-a52f-0922da029c04-2",
  "name" : "buffer_mcz_nom_03.txt",
  "createdDate" : 0,
  "version" : 3,
  "text" : "GABINETE DO PREFEITO - GP PORTARIA Nº. 0068 MACEIÓ/AL, 06 DE JANEIRO DE 2021. O PREFEITO DO MUNICÍPIO DE MACEIÓ, no uso de suas atribuições e prerrogativas legais, RESOLVE: Art. 1º Nomear CLAUDIO LUIZ DOS SANTOS BEIRÃO, para o cargo em comissão de Diretor, da Diretoria de Benefícios Previdenciários, Símbolo DAS-4, CPF n°. 495.426.054-04, do(a) INSTITUTO DE PREVIDÊNCIA DOS SERVIDORES PÚBLICOS DO MUNICÍPIO DE MACEIÓ - IPREV, do Quadro de Pessoal do Poder Executivo Municipal. Art. 2º Esta Portaria entra em vigor na data de sua publicação, revogando-se as disposições em contrário. JHC Prefeito de Maceió Publicado por: Evandro José Cordeiro Código Identificador:DA6B1532\n",
  "docLength" : 0,
  "language" : "PT",
  "status" : "IN_PROGRESS",
  "modifiedDate" : 1641580900916,
  "documentSet" : [ ],
  "preannotation" : [ ],
  "sentences" : [ {
    "id" : "s0",
    "begin" : 0,
    "end" : 38,
    "text" : "GABINETE DO PREFEITO - GP PORTARIA Nº.",
    "tokens" : [ {
      "id" : "s0-t0",
      "begin" : 0,
      "end" : 8,
      "text" : "GABINETE",
      "whiteSpace" : false
    }, {
      "id" : "s0-t1",
      "begin" : 9,
      "end" : 11,
      "text" : "DO",
      "whiteSpace" : false
    }, {
      "id" : "s0-t2",
      "begin" : 12,
      "end" : 20,
      "text" : "PREFEITO",
      "whiteSpace" : false
    }, {
      "id" : "s0-t3",
      "begin" : 21,
      "end" : 22,
      "text" : "-",
      "whiteSpace" : false
    }, {
      "id" : "s0-t4",
      "begin" : 23,
      "end" : 25,
      "text" : "GP",
      "whiteSpace" : false
    }, {
      "id" : "s0-t5",
      "begin" : 26,
      "end" : 34,
      "text" : "PORTARIA",
      "whiteSpace" : false
    }, {
      "id" : "s0-t6",
      "begin" : 35,
      "end" : 37,
      "text" : "Nº",
      "whiteSpace" : false
    }, {
      "id" : "s0-t7",
      "begin" : 37,
      "end" : 38,
      "text" : ".",
      "whiteSpace" : false
    } ]
  }, {
    "id" : "s1",
    "begin" : 39,
    "end" : 77,
    "text" : "0068 MACEIÓ/AL, 06 DE JANEIRO DE 2021.",
    "tokens" : [ {
      "id" : "s1-t0",
      "begin" : 39,
      "end" : 43,
      "text" : "0068",
      "whiteSpace" : false
    }, {
      "id" : "s1-t1",
      "begin" : 44,
      "end" : 50,
      "text" : "MACEIÓ",
      "whiteSpace" : false
    }, {
      "id" : "s1-t2",
      "begin" : 50,
      "end" : 51,
      "text" : "/",
      "whiteSpace" : false
    }, {
      "id" : "s1-t3",
      "begin" : 51,
      "end" : 53,
      "text" : "AL",
      "whiteSpace" : false
    }, {
      "id" : "s1-t4",
      "begin" : 53,
      "end" : 54,
      "text" : ",",
      "whiteSpace" : false
    }, {
      "id" : "s1-t5",
      "begin" : 55,
      "end" : 57,
      "text" : "06",
      "whiteSpace" : false
    }, {
      "id" : "s1-t6",
      "begin" : 58,
      "end" : 60,
      "text" : "DE",
      "whiteSpace" : false
    }, {
      "id" : "s1-t7",
      "begin" : 61,
      "end" : 68,
      "text" : "JANEIRO",
      "whiteSpace" : false
    }, {
      "id" : "s1-t8",
      "begin" : 69,
      "end" : 71,
      "text" : "DE",
      "whiteSpace" : false
    }, {
      "id" : "s1-t9",
      "begin" : 72,
      "end" : 76,
      "text" : "2021",
      "whiteSpace" : false
    }, {
      "id" : "s1-t10",
      "begin" : 76,
      "end" : 77,
      "text" : ".",
      "whiteSpace" : false
    } ]
  }, {
    "id" : "s2",
    "begin" : 78,
    "end" : 177,
    "text" : "O PREFEITO DO MUNICÍPIO DE MACEIÓ, no uso de suas atribuições e prerrogativas legais, RESOLVE: Art.",
    "tokens" : [ {
      "id" : "s2-t0",
      "begin" : 78,
      "end" : 79,
      "text" : "O",
      "whiteSpace" : false
    }, {
      "id" : "s2-t1",
      "begin" : 80,
      "end" : 88,
      "text" : "PREFEITO",
      "whiteSpace" : false
    }, {
      "id" : "s2-t2",
      "begin" : 89,
      "end" : 91,
      "text" : "DO",
      "whiteSpace" : false
    }, {
      "id" : "s2-t3",
      "begin" : 92,
      "end" : 101,
      "text" : "MUNICÍPIO",
      "whiteSpace" : false
    }, {
      "id" : "s2-t4",
      "begin" : 102,
      "end" : 104,
      "text" : "DE",
      "whiteSpace" : false
    }, {
      "id" : "s2-t5",
      "begin" : 105,
      "end" : 111,
      "text" : "MACEIÓ",
      "whiteSpace" : false
    }, {
      "id" : "s2-t6",
      "begin" : 111,
      "end" : 112,
      "text" : ",",
      "whiteSpace" : false
    }, {
      "id" : "s2-t7",
      "begin" : 113,
      "end" : 115,
      "text" : "no",
      "whiteSpace" : false
    }, {
      "id" : "s2-t8",
      "begin" : 116,
      "end" : 119,
      "text" : "uso",
      "whiteSpace" : false
    }, {
      "id" : "s2-t9",
      "begin" : 120,
      "end" : 122,
      "text" : "de",
      "whiteSpace" : false
    }, {
      "id" : "s2-t10",
      "begin" : 123,
      "end" : 127,
      "text" : "suas",
      "whiteSpace" : false
    }, {
      "id" : "s2-t11",
      "begin" : 128,
      "end" : 139,
      "text" : "atribuições",
      "whiteSpace" : false
    }, {
      "id" : "s2-t12",
      "begin" : 140,
      "end" : 141,
      "text" : "e",
      "whiteSpace" : false
    }, {
      "id" : "s2-t13",
      "begin" : 142,
      "end" : 155,
      "text" : "prerrogativas",
      "whiteSpace" : false
    }, {
      "id" : "s2-t14",
      "begin" : 156,
      "end" : 162,
      "text" : "legais",
      "whiteSpace" : false
    }, {
      "id" : "s2-t15",
      "begin" : 162,
      "end" : 163,
      "text" : ",",
      "whiteSpace" : false
    }, {
      "id" : "s2-t16",
      "begin" : 164,
      "end" : 171,
      "text" : "RESOLVE",
      "whiteSpace" : false
    }, {
      "id" : "s2-t17",
      "begin" : 171,
      "end" : 172,
      "text" : ":",
      "whiteSpace" : false
    }, {
      "id" : "s2-t18",
      "begin" : 173,
      "end" : 176,
      "text" : "Art",
      "whiteSpace" : false
    }, {
      "id" : "s2-t19",
      "begin" : 176,
      "end" : 177,
      "text" : ".",
      "whiteSpace" : false
    } ]
  }, {
    "id" : "s3",
    "begin" : 178,
    "end" : 323,
    "text" : "1º Nomear CLAUDIO LUIZ DOS SANTOS BEIRÃO, para o cargo em comissão de Diretor, da Diretoria de Benefícios Previdenciários, Símbolo DAS-4, CPF n°.",
    "tokens" : [ {
      "id" : "s3-t0",
      "begin" : 178,
      "end" : 180,
      "text" : "1º",
      "whiteSpace" : false
    }, {
      "id" : "s3-t1",
      "begin" : 181,
      "end" : 187,
      "text" : "Nomear",
      "whiteSpace" : false
    }, {
      "id" : "s3-t2",
      "begin" : 188,
      "end" : 195,
      "text" : "CLAUDIO",
      "whiteSpace" : false
    }, {
      "id" : "s3-t3",
      "begin" : 196,
      "end" : 200,
      "text" : "LUIZ",
      "whiteSpace" : false
    }, {
      "id" : "s3-t4",
      "begin" : 201,
      "end" : 204,
      "text" : "DOS",
      "whiteSpace" : false
    }, {
      "id" : "s3-t5",
      "begin" : 205,
      "end" : 211,
      "text" : "SANTOS",
      "whiteSpace" : false
    }, {
      "id" : "s3-t6",
      "begin" : 212,
      "end" : 218,
      "text" : "BEIRÃO",
      "whiteSpace" : false
    }, {
      "id" : "s3-t7",
      "begin" : 218,
      "end" : 219,
      "text" : ",",
      "whiteSpace" : false
    }, {
      "id" : "s3-t8",
      "begin" : 220,
      "end" : 224,
      "text" : "para",
      "whiteSpace" : false
    }, {
      "id" : "s3-t9",
      "begin" : 225,
      "end" : 226,
      "text" : "o",
      "whiteSpace" : false
    }, {
      "id" : "s3-t10",
      "begin" : 227,
      "end" : 232,
      "text" : "cargo",
      "whiteSpace" : false
    }, {
      "id" : "s3-t11",
      "begin" : 233,
      "end" : 235,
      "text" : "em",
      "whiteSpace" : false
    }, {
      "id" : "s3-t12",
      "begin" : 236,
      "end" : 244,
      "text" : "comissão",
      "whiteSpace" : false
    }, {
      "id" : "s3-t13",
      "begin" : 245,
      "end" : 247,
      "text" : "de",
      "whiteSpace" : false
    }, {
      "id" : "s3-t14",
      "begin" : 248,
      "end" : 255,
      "text" : "Diretor",
      "whiteSpace" : false
    }, {
      "id" : "s3-t15",
      "begin" : 255,
      "end" : 256,
      "text" : ",",
      "whiteSpace" : false
    }, {
      "id" : "s3-t16",
      "begin" : 257,
      "end" : 259,
      "text" : "da",
      "whiteSpace" : false
    }, {
      "id" : "s3-t17",
      "begin" : 260,
      "end" : 269,
      "text" : "Diretoria",
      "whiteSpace" : false
    }, {
      "id" : "s3-t18",
      "begin" : 270,
      "end" : 272,
      "text" : "de",
      "whiteSpace" : false
    }, {
      "id" : "s3-t19",
      "begin" : 273,
      "end" : 283,
      "text" : "Benefícios",
      "whiteSpace" : false
    }, {
      "id" : "s3-t20",
      "begin" : 284,
      "end" : 299,
      "text" : "Previdenciários",
      "whiteSpace" : false
    }, {
      "id" : "s3-t21",
      "begin" : 299,
      "end" : 300,
      "text" : ",",
      "whiteSpace" : false
    }, {
      "id" : "s3-t22",
      "begin" : 301,
      "end" : 308,
      "text" : "Símbolo",
      "whiteSpace" : false
    }, {
      "id" : "s3-t23",
      "begin" : 309,
      "end" : 314,
      "text" : "DAS-4",
      "whiteSpace" : false
    }, {
      "id" : "s3-t24",
      "begin" : 314,
      "end" : 315,
      "text" : ",",
      "whiteSpace" : false
    }, {
      "id" : "s3-t25",
      "begin" : 316,
      "end" : 319,
      "text" : "CPF",
      "whiteSpace" : false
    }, {
      "id" : "s3-t26",
      "begin" : 320,
      "end" : 321,
      "text" : "n",
      "whiteSpace" : false
    }, {
      "id" : "s3-t27",
      "begin" : 321,
      "end" : 322,
      "text" : "°",
      "whiteSpace" : false
    }, {
      "id" : "s3-t28",
      "begin" : 322,
      "end" : 323,
      "text" : ".",
      "whiteSpace" : false
    } ]
  }, {
    "id" : "s4",
    "begin" : 324,
    "end" : 477,
    "text" : "495.426.054-04, do(a) INSTITUTO DE PREVIDÊNCIA DOS SERVIDORES PÚBLICOS DO MUNICÍPIO DE MACEIÓ - IPREV, do Quadro de Pessoal do Poder Executivo Municipal.",
    "tokens" : [ {
      "id" : "s4-t0",
      "begin" : 324,
      "end" : 338,
      "text" : "495.426.054-04",
      "whiteSpace" : false
    }, {
      "id" : "s4-t1",
      "begin" : 338,
      "end" : 339,
      "text" : ",",
      "whiteSpace" : false
    }, {
      "id" : "s4-t2",
      "begin" : 340,
      "end" : 342,
      "text" : "do",
      "whiteSpace" : false
    }, {
      "id" : "s4-t3",
      "begin" : 342,
      "end" : 343,
      "text" : "(",
      "whiteSpace" : false
    }, {
      "id" : "s4-t4",
      "begin" : 343,
      "end" : 344,
      "text" : "a",
      "whiteSpace" : false
    }, {
      "id" : "s4-t5",
      "begin" : 344,
      "end" : 345,
      "text" : ")",
      "whiteSpace" : false
    }, {
      "id" : "s4-t6",
      "begin" : 346,
      "end" : 355,
      "text" : "INSTITUTO",
      "whiteSpace" : false
    }, {
      "id" : "s4-t7",
      "begin" : 356,
      "end" : 358,
      "text" : "DE",
      "whiteSpace" : false
    }, {
      "id" : "s4-t8",
      "begin" : 359,
      "end" : 370,
      "text" : "PREVIDÊNCIA",
      "whiteSpace" : false
    }, {
      "id" : "s4-t9",
      "begin" : 371,
      "end" : 374,
      "text" : "DOS",
      "whiteSpace" : false
    }, {
      "id" : "s4-t10",
      "begin" : 375,
      "end" : 385,
      "text" : "SERVIDORES",
      "whiteSpace" : false
    }, {
      "id" : "s4-t11",
      "begin" : 386,
      "end" : 394,
      "text" : "PÚBLICOS",
      "whiteSpace" : false
    }, {
      "id" : "s4-t12",
      "begin" : 395,
      "end" : 397,
      "text" : "DO",
      "whiteSpace" : false
    }, {
      "id" : "s4-t13",
      "begin" : 398,
      "end" : 407,
      "text" : "MUNICÍPIO",
      "whiteSpace" : false
    }, {
      "id" : "s4-t14",
      "begin" : 408,
      "end" : 410,
      "text" : "DE",
      "whiteSpace" : false
    }, {
      "id" : "s4-t15",
      "begin" : 411,
      "end" : 417,
      "text" : "MACEIÓ",
      "whiteSpace" : false
    }, {
      "id" : "s4-t16",
      "begin" : 418,
      "end" : 419,
      "text" : "-",
      "whiteSpace" : false
    }, {
      "id" : "s4-t17",
      "begin" : 420,
      "end" : 425,
      "text" : "IPREV",
      "whiteSpace" : false
    }, {
      "id" : "s4-t18",
      "begin" : 425,
      "end" : 426,
      "text" : ",",
      "whiteSpace" : false
    }, {
      "id" : "s4-t19",
      "begin" : 427,
      "end" : 429,
      "text" : "do",
      "whiteSpace" : false
    }, {
      "id" : "s4-t20",
      "begin" : 430,
      "end" : 436,
      "text" : "Quadro",
      "whiteSpace" : false
    }, {
      "id" : "s4-t21",
      "begin" : 437,
      "end" : 439,
      "text" : "de",
      "whiteSpace" : false
    }, {
      "id" : "s4-t22",
      "begin" : 440,
      "end" : 447,
      "text" : "Pessoal",
      "whiteSpace" : false
    }, {
      "id" : "s4-t23",
      "begin" : 448,
      "end" : 450,
      "text" : "do",
      "whiteSpace" : false
    }, {
      "id" : "s4-t24",
      "begin" : 451,
      "end" : 456,
      "text" : "Poder",
      "whiteSpace" : false
    }, {
      "id" : "s4-t25",
      "begin" : 457,
      "end" : 466,
      "text" : "Executivo",
      "whiteSpace" : false
    }, {
      "id" : "s4-t26",
      "begin" : 467,
      "end" : 476,
      "text" : "Municipal",
      "whiteSpace" : false
    }, {
      "id" : "s4-t27",
      "begin" : 476,
      "end" : 477,
      "text" : ".",
      "whiteSpace" : false
    } ]
  }, {
    "id" : "s5",
    "begin" : 478,
    "end" : 482,
    "text" : "Art.",
    "tokens" : [ {
      "id" : "s5-t0",
      "begin" : 478,
      "end" : 481,
      "text" : "Art",
      "whiteSpace" : false
    }, {
      "id" : "s5-t1",
      "begin" : 481,
      "end" : 482,
      "text" : ".",
      "whiteSpace" : false
    } ]
  }, {
    "id" : "s6",
    "begin" : 483,
    "end" : 583,
    "text" : "2º Esta Portaria entra em vigor na data de sua publicação, revogando-se as disposições em contrário.",
    "tokens" : [ {
      "id" : "s6-t0",
      "begin" : 483,
      "end" : 485,
      "text" : "2º",
      "whiteSpace" : false
    }, {
      "id" : "s6-t1",
      "begin" : 486,
      "end" : 490,
      "text" : "Esta",
      "whiteSpace" : false
    }, {
      "id" : "s6-t2",
      "begin" : 491,
      "end" : 499,
      "text" : "Portaria",
      "whiteSpace" : false
    }, {
      "id" : "s6-t3",
      "begin" : 500,
      "end" : 505,
      "text" : "entra",
      "whiteSpace" : false
    }, {
      "id" : "s6-t4",
      "begin" : 506,
      "end" : 508,
      "text" : "em",
      "whiteSpace" : false
    }, {
      "id" : "s6-t5",
      "begin" : 509,
      "end" : 514,
      "text" : "vigor",
      "whiteSpace" : false
    }, {
      "id" : "s6-t6",
      "begin" : 515,
      "end" : 517,
      "text" : "na",
      "whiteSpace" : false
    }, {
      "id" : "s6-t7",
      "begin" : 518,
      "end" : 522,
      "text" : "data",
      "whiteSpace" : false
    }, {
      "id" : "s6-t8",
      "begin" : 523,
      "end" : 525,
      "text" : "de",
      "whiteSpace" : false
    }, {
      "id" : "s6-t9",
      "begin" : 526,
      "end" : 529,
      "text" : "sua",
      "whiteSpace" : false
    }, {
      "id" : "s6-t10",
      "begin" : 530,
      "end" : 540,
      "text" : "publicação",
      "whiteSpace" : false
    }, {
      "id" : "s6-t11",
      "begin" : 540,
      "end" : 541,
      "text" : ",",
      "whiteSpace" : false
    }, {
      "id" : "s6-t12",
      "begin" : 542,
      "end" : 554,
      "text" : "revogando-se",
      "whiteSpace" : false
    }, {
      "id" : "s6-t13",
      "begin" : 555,
      "end" : 557,
      "text" : "as",
      "whiteSpace" : false
    }, {
      "id" : "s6-t14",
      "begin" : 558,
      "end" : 569,
      "text" : "disposições",
      "whiteSpace" : false
    }, {
      "id" : "s6-t15",
      "begin" : 570,
      "end" : 572,
      "text" : "em",
      "whiteSpace" : false
    }, {
      "id" : "s6-t16",
      "begin" : 573,
      "end" : 582,
      "text" : "contrário",
      "whiteSpace" : false
    }, {
      "id" : "s6-t17",
      "begin" : 582,
      "end" : 583,
      "text" : ".",
      "whiteSpace" : false
    } ]
  }, {
    "id" : "s7",
    "begin" : 584,
    "end" : 673,
    "text" : "JHC Prefeito de Maceió Publicado por: Evandro José Cordeiro Código Identificador:DA6B1532",
    "tokens" : [ {
      "id" : "s7-t0",
      "begin" : 584,
      "end" : 587,
      "text" : "JHC",
      "whiteSpace" : false
    }, {
      "id" : "s7-t1",
      "begin" : 588,
      "end" : 596,
      "text" : "Prefeito",
      "whiteSpace" : false
    }, {
      "id" : "s7-t2",
      "begin" : 597,
      "end" : 599,
      "text" : "de",
      "whiteSpace" : false
    }, {
      "id" : "s7-t3",
      "begin" : 600,
      "end" : 606,
      "text" : "Maceió",
      "whiteSpace" : false
    }, {
      "id" : "s7-t4",
      "begin" : 607,
      "end" : 616,
      "text" : "Publicado",
      "whiteSpace" : false
    }, {
      "id" : "s7-t5",
      "begin" : 617,
      "end" : 620,
      "text" : "por",
      "whiteSpace" : false
    }, {
      "id" : "s7-t6",
      "begin" : 620,
      "end" : 621,
      "text" : ":",
      "whiteSpace" : false
    }, {
      "id" : "s7-t7",
      "begin" : 622,
      "end" : 629,
      "text" : "Evandro",
      "whiteSpace" : false
    }, {
      "id" : "s7-t8",
      "begin" : 630,
      "end" : 634,
      "text" : "José",
      "whiteSpace" : false
    }, {
      "id" : "s7-t9",
      "begin" : 635,
      "end" : 643,
      "text" : "Cordeiro",
      "whiteSpace" : false
    }, {
      "id" : "s7-t10",
      "begin" : 644,
      "end" : 650,
      "text" : "Código",
      "whiteSpace" : false
    }, {
      "id" : "s7-t11",
      "begin" : 651,
      "end" : 664,
      "text" : "Identificador",
      "whiteSpace" : false
    }, {
      "id" : "s7-t12",
      "begin" : 664,
      "end" : 665,
      "text" : ":",
      "whiteSpace" : false
    }, {
      "id" : "s7-t13",
      "begin" : 665,
      "end" : 673,
      "text" : "DA6B1532",
      "whiteSpace" : false
    } ]
  } ],
  "mentions" : [ {
    "id" : "s1-m1",
    "properties" : {
      "SIRE_MENTION_ROLE" : "portaria",
      "SIRE_ENTITY_SUBTYPE" : "NONE",
      "SIRE_MENTION_TYPE" : "NONE",
      "SIRE_MENTION_CLASS" : "SPC"
    },
    "type" : "portaria",
    "begin" : 39,
    "end" : 43,
    "inCoref" : false
  }, {
    "id" : "s1-m2",
    "properties" : {
      "SIRE_MENTION_ROLE" : "dia",
      "SIRE_ENTITY_SUBTYPE" : "NONE",
      "SIRE_MENTION_TYPE" : "NONE",
      "SIRE_MENTION_CLASS" : "SPC"
    },
    "type" : "dia",
    "begin" : 55,
    "end" : 57,
    "inCoref" : false
  }, {
    "id" : "s1-m3",
    "properties" : {
      "SIRE_MENTION_ROLE" : "mes",
      "SIRE_ENTITY_SUBTYPE" : "NONE",
      "SIRE_MENTION_TYPE" : "NONE",
      "SIRE_MENTION_CLASS" : "SPC"
    },
    "type" : "mes",
    "begin" : 61,
    "end" : 68,
    "inCoref" : false
  }, {
    "id" : "s1-m4",
    "properties" : {
      "SIRE_MENTION_ROLE" : "ano",
      "SIRE_ENTITY_SUBTYPE" : "NONE",
      "SIRE_MENTION_TYPE" : "NONE",
      "SIRE_MENTION_CLASS" : "SPC"
    },
    "type" : "ano",
    "begin" : 72,
    "end" : 76,
    "inCoref" : false
  }, {
    "id" : "s3-m1",
    "properties" : {
      "SIRE_MENTION_ROLE" : "ato",
      "SIRE_ENTITY_SUBTYPE" : "NONE",
      "SIRE_MENTION_TYPE" : "NONE",
      "SIRE_MENTION_CLASS" : "SPC"
    },
    "type" : "ato",
    "begin" : 181,
    "end" : 187,
    "inCoref" : false
  }, {
    "id" : "s3-m2",
    "properties" : {
      "SIRE_MENTION_ROLE" : "nome",
      "SIRE_ENTITY_SUBTYPE" : "NONE",
      "SIRE_MENTION_TYPE" : "NONE",
      "SIRE_MENTION_CLASS" : "SPC"
    },
    "type" : "nome",
    "begin" : 188,
    "end" : 218,
    "inCoref" : false
  }, {
    "id" : "s3-m3",
    "properties" : {
      "SIRE_MENTION_ROLE" : "cargo",
      "SIRE_ENTITY_SUBTYPE" : "NONE",
      "SIRE_MENTION_TYPE" : "NONE",
      "SIRE_MENTION_CLASS" : "SPC"
    },
    "type" : "cargo",
    "begin" : 248,
    "end" : 255,
    "inCoref" : false
  } ],
  "relations" : [ ],
  "corefs" : [ ],
  "typeResolved" : true,
  "userResolved" : false
}