{
  "id" : "fa2db150-6e6a-11ec-a52f-0922da029c04-7",
  "name" : "buffer_mcz_nom_08.txt",
  "createdDate" : 0,
  "version" : 3,
  "text" : "GABINETE DO PREFEITO - GP PORTARIA Nº. 0105 MACEIÓ/AL, 06 DE JANEIRO DE 2021. O PREFEITO DO MUNICÍPIO DE MACEIÓ, no uso de suas atribuições e prerrogativas legais, RESOLVE: Art. 1º Nomear THAISA PATRICIA SALES DOS SANTOS FONSECA, para o cargo em comissão de Assessor Técnico III, Símbolo DAS-2, CPF n°. 032.411.194-08, do(a) PROCURADORIA- GERAL DO MUNICÍPIO - PGM, do Quadro de Pessoal do Poder Executivo Municipal. ANO XXIV - Maceió/AL, Quinta-Feira, 07 de Janeiro de 2021 - Nº 6114 www.diariomunicipal.com.br/maceio 12 Art. 2º Esta Portaria entra em vigor na data de sua publicação, revogando-se as disposições em contrário. JHC Prefeito de Maceió Publicado por: Evandro José Cordeiro Código Identificador:F212EE3B\n",
  "docLength" : 0,
  "language" : "PT",
  "status" : "IN_PROGRESS",
  "modifiedDate" : 1641581121683,
  "documentSet" : [ ],
  "preannotation" : [ ],
  "sentences" : [ {
    "id" : "s0",
    "begin" : 0,
    "end" : 38,
    "text" : "GABINETE DO PREFEITO - GP PORTARIA Nº.",
    "tokens" : [ {
      "id" : "s0-t0",
      "begin" : 0,
      "end" : 8,
      "text" : "GABINETE",
      "whiteSpace" : false
    }, {
      "id" : "s0-t1",
      "begin" : 9,
      "end" : 11,
      "text" : "DO",
      "whiteSpace" : false
    }, {
      "id" : "s0-t2",
      "begin" : 12,
      "end" : 20,
      "text" : "PREFEITO",
      "whiteSpace" : false
    }, {
      "id" : "s0-t3",
      "begin" : 21,
      "end" : 22,
      "text" : "-",
      "whiteSpace" : false
    }, {
      "id" : "s0-t4",
      "begin" : 23,
      "end" : 25,
      "text" : "GP",
      "whiteSpace" : false
    }, {
      "id" : "s0-t5",
      "begin" : 26,
      "end" : 34,
      "text" : "PORTARIA",
      "whiteSpace" : false
    }, {
      "id" : "s0-t6",
      "begin" : 35,
      "end" : 37,
      "text" : "Nº",
      "whiteSpace" : false
    }, {
      "id" : "s0-t7",
      "begin" : 37,
      "end" : 38,
      "text" : ".",
      "whiteSpace" : false
    } ]
  }, {
    "id" : "s1",
    "begin" : 39,
    "end" : 77,
    "text" : "0105 MACEIÓ/AL, 06 DE JANEIRO DE 2021.",
    "tokens" : [ {
      "id" : "s1-t0",
      "begin" : 39,
      "end" : 43,
      "text" : "0105",
      "whiteSpace" : false
    }, {
      "id" : "s1-t1",
      "begin" : 44,
      "end" : 50,
      "text" : "MACEIÓ",
      "whiteSpace" : false
    }, {
      "id" : "s1-t2",
      "begin" : 50,
      "end" : 51,
      "text" : "/",
      "whiteSpace" : false
    }, {
      "id" : "s1-t3",
      "begin" : 51,
      "end" : 53,
      "text" : "AL",
      "whiteSpace" : false
    }, {
      "id" : "s1-t4",
      "begin" : 53,
      "end" : 54,
      "text" : ",",
      "whiteSpace" : false
    }, {
      "id" : "s1-t5",
      "begin" : 55,
      "end" : 57,
      "text" : "06",
      "whiteSpace" : false
    }, {
      "id" : "s1-t6",
      "begin" : 58,
      "end" : 60,
      "text" : "DE",
      "whiteSpace" : false
    }, {
      "id" : "s1-t7",
      "begin" : 61,
      "end" : 68,
      "text" : "JANEIRO",
      "whiteSpace" : false
    }, {
      "id" : "s1-t8",
      "begin" : 69,
      "end" : 71,
      "text" : "DE",
      "whiteSpace" : false
    }, {
      "id" : "s1-t9",
      "begin" : 72,
      "end" : 76,
      "text" : "2021",
      "whiteSpace" : false
    }, {
      "id" : "s1-t10",
      "begin" : 76,
      "end" : 77,
      "text" : ".",
      "whiteSpace" : false
    } ]
  }, {
    "id" : "s2",
    "begin" : 78,
    "end" : 177,
    "text" : "O PREFEITO DO MUNICÍPIO DE MACEIÓ, no uso de suas atribuições e prerrogativas legais, RESOLVE: Art.",
    "tokens" : [ {
      "id" : "s2-t0",
      "begin" : 78,
      "end" : 79,
      "text" : "O",
      "whiteSpace" : false
    }, {
      "id" : "s2-t1",
      "begin" : 80,
      "end" : 88,
      "text" : "PREFEITO",
      "whiteSpace" : false
    }, {
      "id" : "s2-t2",
      "begin" : 89,
      "end" : 91,
      "text" : "DO",
      "whiteSpace" : false
    }, {
      "id" : "s2-t3",
      "begin" : 92,
      "end" : 101,
      "text" : "MUNICÍPIO",
      "whiteSpace" : false
    }, {
      "id" : "s2-t4",
      "begin" : 102,
      "end" : 104,
      "text" : "DE",
      "whiteSpace" : false
    }, {
      "id" : "s2-t5",
      "begin" : 105,
      "end" : 111,
      "text" : "MACEIÓ",
      "whiteSpace" : false
    }, {
      "id" : "s2-t6",
      "begin" : 111,
      "end" : 112,
      "text" : ",",
      "whiteSpace" : false
    }, {
      "id" : "s2-t7",
      "begin" : 113,
      "end" : 115,
      "text" : "no",
      "whiteSpace" : false
    }, {
      "id" : "s2-t8",
      "begin" : 116,
      "end" : 119,
      "text" : "uso",
      "whiteSpace" : false
    }, {
      "id" : "s2-t9",
      "begin" : 120,
      "end" : 122,
      "text" : "de",
      "whiteSpace" : false
    }, {
      "id" : "s2-t10",
      "begin" : 123,
      "end" : 127,
      "text" : "suas",
      "whiteSpace" : false
    }, {
      "id" : "s2-t11",
      "begin" : 128,
      "end" : 139,
      "text" : "atribuições",
      "whiteSpace" : false
    }, {
      "id" : "s2-t12",
      "begin" : 140,
      "end" : 141,
      "text" : "e",
      "whiteSpace" : false
    }, {
      "id" : "s2-t13",
      "begin" : 142,
      "end" : 155,
      "text" : "prerrogativas",
      "whiteSpace" : false
    }, {
      "id" : "s2-t14",
      "begin" : 156,
      "end" : 162,
      "text" : "legais",
      "whiteSpace" : false
    }, {
      "id" : "s2-t15",
      "begin" : 162,
      "end" : 163,
      "text" : ",",
      "whiteSpace" : false
    }, {
      "id" : "s2-t16",
      "begin" : 164,
      "end" : 171,
      "text" : "RESOLVE",
      "whiteSpace" : false
    }, {
      "id" : "s2-t17",
      "begin" : 171,
      "end" : 172,
      "text" : ":",
      "whiteSpace" : false
    }, {
      "id" : "s2-t18",
      "begin" : 173,
      "end" : 176,
      "text" : "Art",
      "whiteSpace" : false
    }, {
      "id" : "s2-t19",
      "begin" : 176,
      "end" : 177,
      "text" : ".",
      "whiteSpace" : false
    } ]
  }, {
    "id" : "s3",
    "begin" : 178,
    "end" : 302,
    "text" : "1º Nomear THAISA PATRICIA SALES DOS SANTOS FONSECA, para o cargo em comissão de Assessor Técnico III, Símbolo DAS-2, CPF n°.",
    "tokens" : [ {
      "id" : "s3-t0",
      "begin" : 178,
      "end" : 180,
      "text" : "1º",
      "whiteSpace" : false
    }, {
      "id" : "s3-t1",
      "begin" : 181,
      "end" : 187,
      "text" : "Nomear",
      "whiteSpace" : false
    }, {
      "id" : "s3-t2",
      "begin" : 188,
      "end" : 194,
      "text" : "THAISA",
      "whiteSpace" : false
    }, {
      "id" : "s3-t3",
      "begin" : 195,
      "end" : 203,
      "text" : "PATRICIA",
      "whiteSpace" : false
    }, {
      "id" : "s3-t4",
      "begin" : 204,
      "end" : 209,
      "text" : "SALES",
      "whiteSpace" : false
    }, {
      "id" : "s3-t5",
      "begin" : 210,
      "end" : 213,
      "text" : "DOS",
      "whiteSpace" : false
    }, {
      "id" : "s3-t6",
      "begin" : 214,
      "end" : 220,
      "text" : "SANTOS",
      "whiteSpace" : false
    }, {
      "id" : "s3-t7",
      "begin" : 221,
      "end" : 228,
      "text" : "FONSECA",
      "whiteSpace" : false
    }, {
      "id" : "s3-t8",
      "begin" : 228,
      "end" : 229,
      "text" : ",",
      "whiteSpace" : false
    }, {
      "id" : "s3-t9",
      "begin" : 230,
      "end" : 234,
      "text" : "para",
      "whiteSpace" : false
    }, {
      "id" : "s3-t10",
      "begin" : 235,
      "end" : 236,
      "text" : "o",
      "whiteSpace" : false
    }, {
      "id" : "s3-t11",
      "begin" : 237,
      "end" : 242,
      "text" : "cargo",
      "whiteSpace" : false
    }, {
      "id" : "s3-t12",
      "begin" : 243,
      "end" : 245,
      "text" : "em",
      "whiteSpace" : false
    }, {
      "id" : "s3-t13",
      "begin" : 246,
      "end" : 254,
      "text" : "comissão",
      "whiteSpace" : false
    }, {
      "id" : "s3-t14",
      "begin" : 255,
      "end" : 257,
      "text" : "de",
      "whiteSpace" : false
    }, {
      "id" : "s3-t15",
      "begin" : 258,
      "end" : 266,
      "text" : "Assessor",
      "whiteSpace" : false
    }, {
      "id" : "s3-t16",
      "begin" : 267,
      "end" : 274,
      "text" : "Técnico",
      "whiteSpace" : false
    }, {
      "id" : "s3-t17",
      "begin" : 275,
      "end" : 278,
      "text" : "III",
      "whiteSpace" : false
    }, {
      "id" : "s3-t18",
      "begin" : 278,
      "end" : 279,
      "text" : ",",
      "whiteSpace" : false
    }, {
      "id" : "s3-t19",
      "begin" : 280,
      "end" : 287,
      "text" : "Símbolo",
      "whiteSpace" : false
    }, {
      "id" : "s3-t20",
      "begin" : 288,
      "end" : 293,
      "text" : "DAS-2",
      "whiteSpace" : false
    }, {
      "id" : "s3-t21",
      "begin" : 293,
      "end" : 294,
      "text" : ",",
      "whiteSpace" : false
    }, {
      "id" : "s3-t22",
      "begin" : 295,
      "end" : 298,
      "text" : "CPF",
      "whiteSpace" : false
    }, {
      "id" : "s3-t23",
      "begin" : 299,
      "end" : 300,
      "text" : "n",
      "whiteSpace" : false
    }, {
      "id" : "s3-t24",
      "begin" : 300,
      "end" : 301,
      "text" : "°",
      "whiteSpace" : false
    }, {
      "id" : "s3-t25",
      "begin" : 301,
      "end" : 302,
      "text" : ".",
      "whiteSpace" : false
    } ]
  }, {
    "id" : "s4",
    "begin" : 303,
    "end" : 415,
    "text" : "032.411.194-08, do(a) PROCURADORIA- GERAL DO MUNICÍPIO - PGM, do Quadro de Pessoal do Poder Executivo Municipal.",
    "tokens" : [ {
      "id" : "s4-t0",
      "begin" : 303,
      "end" : 317,
      "text" : "032.411.194-08",
      "whiteSpace" : false
    }, {
      "id" : "s4-t1",
      "begin" : 317,
      "end" : 318,
      "text" : ",",
      "whiteSpace" : false
    }, {
      "id" : "s4-t2",
      "begin" : 319,
      "end" : 321,
      "text" : "do",
      "whiteSpace" : false
    }, {
      "id" : "s4-t3",
      "begin" : 321,
      "end" : 322,
      "text" : "(",
      "whiteSpace" : false
    }, {
      "id" : "s4-t4",
      "begin" : 322,
      "end" : 323,
      "text" : "a",
      "whiteSpace" : false
    }, {
      "id" : "s4-t5",
      "begin" : 323,
      "end" : 324,
      "text" : ")",
      "whiteSpace" : false
    }, {
      "id" : "s4-t6",
      "begin" : 325,
      "end" : 337,
      "text" : "PROCURADORIA",
      "whiteSpace" : false
    }, {
      "id" : "s4-t7",
      "begin" : 337,
      "end" : 338,
      "text" : "-",
      "whiteSpace" : false
    }, {
      "id" : "s4-t8",
      "begin" : 339,
      "end" : 344,
      "text" : "GERAL",
      "whiteSpace" : false
    }, {
      "id" : "s4-t9",
      "begin" : 345,
      "end" : 347,
      "text" : "DO",
      "whiteSpace" : false
    }, {
      "id" : "s4-t10",
      "begin" : 348,
      "end" : 357,
      "text" : "MUNICÍPIO",
      "whiteSpace" : false
    }, {
      "id" : "s4-t11",
      "begin" : 358,
      "end" : 359,
      "text" : "-",
      "whiteSpace" : false
    }, {
      "id" : "s4-t12",
      "begin" : 360,
      "end" : 363,
      "text" : "PGM",
      "whiteSpace" : false
    }, {
      "id" : "s4-t13",
      "begin" : 363,
      "end" : 364,
      "text" : ",",
      "whiteSpace" : false
    }, {
      "id" : "s4-t14",
      "begin" : 365,
      "end" : 367,
      "text" : "do",
      "whiteSpace" : false
    }, {
      "id" : "s4-t15",
      "begin" : 368,
      "end" : 374,
      "text" : "Quadro",
      "whiteSpace" : false
    }, {
      "id" : "s4-t16",
      "begin" : 375,
      "end" : 377,
      "text" : "de",
      "whiteSpace" : false
    }, {
      "id" : "s4-t17",
      "begin" : 378,
      "end" : 385,
      "text" : "Pessoal",
      "whiteSpace" : false
    }, {
      "id" : "s4-t18",
      "begin" : 386,
      "end" : 388,
      "text" : "do",
      "whiteSpace" : false
    }, {
      "id" : "s4-t19",
      "begin" : 389,
      "end" : 394,
      "text" : "Poder",
      "whiteSpace" : false
    }, {
      "id" : "s4-t20",
      "begin" : 395,
      "end" : 404,
      "text" : "Executivo",
      "whiteSpace" : false
    }, {
      "id" : "s4-t21",
      "begin" : 405,
      "end" : 414,
      "text" : "Municipal",
      "whiteSpace" : false
    }, {
      "id" : "s4-t22",
      "begin" : 414,
      "end" : 415,
      "text" : ".",
      "whiteSpace" : false
    } ]
  }, {
    "id" : "s5",
    "begin" : 416,
    "end" : 525,
    "text" : "ANO XXIV - Maceió/AL, Quinta-Feira, 07 de Janeiro de 2021 - Nº 6114 www.diariomunicipal.com.br/maceio 12 Art.",
    "tokens" : [ {
      "id" : "s5-t0",
      "begin" : 416,
      "end" : 419,
      "text" : "ANO",
      "whiteSpace" : false
    }, {
      "id" : "s5-t1",
      "begin" : 420,
      "end" : 424,
      "text" : "XXIV",
      "whiteSpace" : false
    }, {
      "id" : "s5-t2",
      "begin" : 425,
      "end" : 426,
      "text" : "-",
      "whiteSpace" : false
    }, {
      "id" : "s5-t3",
      "begin" : 427,
      "end" : 433,
      "text" : "Maceió",
      "whiteSpace" : false
    }, {
      "id" : "s5-t4",
      "begin" : 433,
      "end" : 434,
      "text" : "/",
      "whiteSpace" : false
    }, {
      "id" : "s5-t5",
      "begin" : 434,
      "end" : 436,
      "text" : "AL",
      "whiteSpace" : false
    }, {
      "id" : "s5-t6",
      "begin" : 436,
      "end" : 437,
      "text" : ",",
      "whiteSpace" : false
    }, {
      "id" : "s5-t7",
      "begin" : 438,
      "end" : 444,
      "text" : "Quinta",
      "whiteSpace" : false
    }, {
      "id" : "s5-t8",
      "begin" : 444,
      "end" : 445,
      "text" : "-",
      "whiteSpace" : false
    }, {
      "id" : "s5-t9",
      "begin" : 445,
      "end" : 450,
      "text" : "Feira",
      "whiteSpace" : false
    }, {
      "id" : "s5-t10",
      "begin" : 450,
      "end" : 451,
      "text" : ",",
      "whiteSpace" : false
    }, {
      "id" : "s5-t11",
      "begin" : 452,
      "end" : 454,
      "text" : "07",
      "whiteSpace" : false
    }, {
      "id" : "s5-t12",
      "begin" : 455,
      "end" : 457,
      "text" : "de",
      "whiteSpace" : false
    }, {
      "id" : "s5-t13",
      "begin" : 458,
      "end" : 465,
      "text" : "Janeiro",
      "whiteSpace" : false
    }, {
      "id" : "s5-t14",
      "begin" : 466,
      "end" : 468,
      "text" : "de",
      "whiteSpace" : false
    }, {
      "id" : "s5-t15",
      "begin" : 469,
      "end" : 473,
      "text" : "2021",
      "whiteSpace" : false
    }, {
      "id" : "s5-t16",
      "begin" : 474,
      "end" : 475,
      "text" : "-",
      "whiteSpace" : false
    }, {
      "id" : "s5-t17",
      "begin" : 476,
      "end" : 478,
      "text" : "Nº",
      "whiteSpace" : false
    }, {
      "id" : "s5-t18",
      "begin" : 479,
      "end" : 483,
      "text" : "6114",
      "whiteSpace" : false
    }, {
      "id" : "s5-t19",
      "begin" : 484,
      "end" : 517,
      "text" : "www.diariomunicipal.com.br/maceio",
      "whiteSpace" : false
    }, {
      "id" : "s5-t20",
      "begin" : 518,
      "end" : 520,
      "text" : "12",
      "whiteSpace" : false
    }, {
      "id" : "s5-t21",
      "begin" : 521,
      "end" : 524,
      "text" : "Art",
      "whiteSpace" : false
    }, {
      "id" : "s5-t22",
      "begin" : 524,
      "end" : 525,
      "text" : ".",
      "whiteSpace" : false
    } ]
  }, {
    "id" : "s6",
    "begin" : 526,
    "end" : 626,
    "text" : "2º Esta Portaria entra em vigor na data de sua publicação, revogando-se as disposições em contrário.",
    "tokens" : [ {
      "id" : "s6-t0",
      "begin" : 526,
      "end" : 528,
      "text" : "2º",
      "whiteSpace" : false
    }, {
      "id" : "s6-t1",
      "begin" : 529,
      "end" : 533,
      "text" : "Esta",
      "whiteSpace" : false
    }, {
      "id" : "s6-t2",
      "begin" : 534,
      "end" : 542,
      "text" : "Portaria",
      "whiteSpace" : false
    }, {
      "id" : "s6-t3",
      "begin" : 543,
      "end" : 548,
      "text" : "entra",
      "whiteSpace" : false
    }, {
      "id" : "s6-t4",
      "begin" : 549,
      "end" : 551,
      "text" : "em",
      "whiteSpace" : false
    }, {
      "id" : "s6-t5",
      "begin" : 552,
      "end" : 557,
      "text" : "vigor",
      "whiteSpace" : false
    }, {
      "id" : "s6-t6",
      "begin" : 558,
      "end" : 560,
      "text" : "na",
      "whiteSpace" : false
    }, {
      "id" : "s6-t7",
      "begin" : 561,
      "end" : 565,
      "text" : "data",
      "whiteSpace" : false
    }, {
      "id" : "s6-t8",
      "begin" : 566,
      "end" : 568,
      "text" : "de",
      "whiteSpace" : false
    }, {
      "id" : "s6-t9",
      "begin" : 569,
      "end" : 572,
      "text" : "sua",
      "whiteSpace" : false
    }, {
      "id" : "s6-t10",
      "begin" : 573,
      "end" : 583,
      "text" : "publicação",
      "whiteSpace" : false
    }, {
      "id" : "s6-t11",
      "begin" : 583,
      "end" : 584,
      "text" : ",",
      "whiteSpace" : false
    }, {
      "id" : "s6-t12",
      "begin" : 585,
      "end" : 597,
      "text" : "revogando-se",
      "whiteSpace" : false
    }, {
      "id" : "s6-t13",
      "begin" : 598,
      "end" : 600,
      "text" : "as",
      "whiteSpace" : false
    }, {
      "id" : "s6-t14",
      "begin" : 601,
      "end" : 612,
      "text" : "disposições",
      "whiteSpace" : false
    }, {
      "id" : "s6-t15",
      "begin" : 613,
      "end" : 615,
      "text" : "em",
      "whiteSpace" : false
    }, {
      "id" : "s6-t16",
      "begin" : 616,
      "end" : 625,
      "text" : "contrário",
      "whiteSpace" : false
    }, {
      "id" : "s6-t17",
      "begin" : 625,
      "end" : 626,
      "text" : ".",
      "whiteSpace" : false
    } ]
  }, {
    "id" : "s7",
    "begin" : 627,
    "end" : 716,
    "text" : "JHC Prefeito de Maceió Publicado por: Evandro José Cordeiro Código Identificador:F212EE3B",
    "tokens" : [ {
      "id" : "s7-t0",
      "begin" : 627,
      "end" : 630,
      "text" : "JHC",
      "whiteSpace" : false
    }, {
      "id" : "s7-t1",
      "begin" : 631,
      "end" : 639,
      "text" : "Prefeito",
      "whiteSpace" : false
    }, {
      "id" : "s7-t2",
      "begin" : 640,
      "end" : 642,
      "text" : "de",
      "whiteSpace" : false
    }, {
      "id" : "s7-t3",
      "begin" : 643,
      "end" : 649,
      "text" : "Maceió",
      "whiteSpace" : false
    }, {
      "id" : "s7-t4",
      "begin" : 650,
      "end" : 659,
      "text" : "Publicado",
      "whiteSpace" : false
    }, {
      "id" : "s7-t5",
      "begin" : 660,
      "end" : 663,
      "text" : "por",
      "whiteSpace" : false
    }, {
      "id" : "s7-t6",
      "begin" : 663,
      "end" : 664,
      "text" : ":",
      "whiteSpace" : false
    }, {
      "id" : "s7-t7",
      "begin" : 665,
      "end" : 672,
      "text" : "Evandro",
      "whiteSpace" : false
    }, {
      "id" : "s7-t8",
      "begin" : 673,
      "end" : 677,
      "text" : "José",
      "whiteSpace" : false
    }, {
      "id" : "s7-t9",
      "begin" : 678,
      "end" : 686,
      "text" : "Cordeiro",
      "whiteSpace" : false
    }, {
      "id" : "s7-t10",
      "begin" : 687,
      "end" : 693,
      "text" : "Código",
      "whiteSpace" : false
    }, {
      "id" : "s7-t11",
      "begin" : 694,
      "end" : 707,
      "text" : "Identificador",
      "whiteSpace" : false
    }, {
      "id" : "s7-t12",
      "begin" : 707,
      "end" : 716,
      "text" : ":F212EE3B",
      "whiteSpace" : false
    } ]
  } ],
  "mentions" : [ {
    "id" : "s1-m1",
    "properties" : {
      "SIRE_MENTION_ROLE" : "portaria",
      "SIRE_ENTITY_SUBTYPE" : "NONE",
      "SIRE_MENTION_TYPE" : "NONE",
      "SIRE_MENTION_CLASS" : "SPC"
    },
    "type" : "portaria",
    "begin" : 39,
    "end" : 43,
    "inCoref" : false
  }, {
    "id" : "s1-m2",
    "properties" : {
      "SIRE_MENTION_ROLE" : "dia",
      "SIRE_ENTITY_SUBTYPE" : "NONE",
      "SIRE_MENTION_TYPE" : "NONE",
      "SIRE_MENTION_CLASS" : "SPC"
    },
    "type" : "dia",
    "begin" : 55,
    "end" : 57,
    "inCoref" : false
  }, {
    "id" : "s1-m3",
    "properties" : {
      "SIRE_MENTION_ROLE" : "mes",
      "SIRE_ENTITY_SUBTYPE" : "NONE",
      "SIRE_MENTION_TYPE" : "NONE",
      "SIRE_MENTION_CLASS" : "SPC"
    },
    "type" : "mes",
    "begin" : 61,
    "end" : 68,
    "inCoref" : false
  }, {
    "id" : "s1-m4",
    "properties" : {
      "SIRE_MENTION_ROLE" : "ano",
      "SIRE_ENTITY_SUBTYPE" : "NONE",
      "SIRE_MENTION_TYPE" : "NONE",
      "SIRE_MENTION_CLASS" : "SPC"
    },
    "type" : "ano",
    "begin" : 72,
    "end" : 76,
    "inCoref" : false
  }, {
    "id" : "s3-m1",
    "properties" : {
      "SIRE_MENTION_ROLE" : "ato",
      "SIRE_ENTITY_SUBTYPE" : "NONE",
      "SIRE_MENTION_TYPE" : "NONE",
      "SIRE_MENTION_CLASS" : "SPC"
    },
    "type" : "ato",
    "begin" : 181,
    "end" : 187,
    "inCoref" : false
  }, {
    "id" : "s3-m2",
    "properties" : {
      "SIRE_MENTION_ROLE" : "nome",
      "SIRE_ENTITY_SUBTYPE" : "NONE",
      "SIRE_MENTION_TYPE" : "NONE",
      "SIRE_MENTION_CLASS" : "SPC"
    },
    "type" : "nome",
    "begin" : 188,
    "end" : 228,
    "inCoref" : false
  }, {
    "id" : "s3-m3",
    "properties" : {
      "SIRE_MENTION_ROLE" : "cargo",
      "SIRE_ENTITY_SUBTYPE" : "NONE",
      "SIRE_MENTION_TYPE" : "NONE",
      "SIRE_MENTION_CLASS" : "SPC"
    },
    "type" : "cargo",
    "begin" : 258,
    "end" : 278,
    "inCoref" : false
  } ],
  "relations" : [ ],
  "corefs" : [ ],
  "typeResolved" : true,
  "userResolved" : false
}