{
  "id" : "fa2db150-6e6a-11ec-a52f-0922da029c04-8",
  "name" : "buffer_mcz_nom_09.txt",
  "createdDate" : 0,
  "version" : 3,
  "text" : "GABINETE DO PREFEITO - GP PORTARIA Nº. 0122 MACEIÓ/AL, 06 DE JANEIRO DE 2021. O PREFEITO DO MUNICÍPIO DE MACEIÓ, no uso de suas atribuições e prerrogativas legais, RESOLVE: Art. 1º Nomear SERGIO HONORATO LEONARDO, para o cargo em comissão de Assessor, Símbolo DAS-1, CPF n°. 020.278.694-33, do(a) SECRETARIA MUNICIPAL DE COMUNICAÇÃO - SECOM, do Quadro de Pessoal do Poder Executivo Municipal. Art. 2º Esta Portaria entra em vigor na data de sua publicação, revogando-se as disposições em contrário. JHC Prefeito de Maceió Publicado por: Evandro José Cordeiro Código Identificador:F54E6209\n",
  "docLength" : 0,
  "language" : "PT",
  "status" : "IN_PROGRESS",
  "modifiedDate" : 1641581153980,
  "documentSet" : [ ],
  "preannotation" : [ ],
  "sentences" : [ {
    "id" : "s0",
    "begin" : 0,
    "end" : 38,
    "text" : "GABINETE DO PREFEITO - GP PORTARIA Nº.",
    "tokens" : [ {
      "id" : "s0-t0",
      "begin" : 0,
      "end" : 8,
      "text" : "GABINETE",
      "whiteSpace" : false
    }, {
      "id" : "s0-t1",
      "begin" : 9,
      "end" : 11,
      "text" : "DO",
      "whiteSpace" : false
    }, {
      "id" : "s0-t2",
      "begin" : 12,
      "end" : 20,
      "text" : "PREFEITO",
      "whiteSpace" : false
    }, {
      "id" : "s0-t3",
      "begin" : 21,
      "end" : 22,
      "text" : "-",
      "whiteSpace" : false
    }, {
      "id" : "s0-t4",
      "begin" : 23,
      "end" : 25,
      "text" : "GP",
      "whiteSpace" : false
    }, {
      "id" : "s0-t5",
      "begin" : 26,
      "end" : 34,
      "text" : "PORTARIA",
      "whiteSpace" : false
    }, {
      "id" : "s0-t6",
      "begin" : 35,
      "end" : 37,
      "text" : "Nº",
      "whiteSpace" : false
    }, {
      "id" : "s0-t7",
      "begin" : 37,
      "end" : 38,
      "text" : ".",
      "whiteSpace" : false
    } ]
  }, {
    "id" : "s1",
    "begin" : 39,
    "end" : 77,
    "text" : "0122 MACEIÓ/AL, 06 DE JANEIRO DE 2021.",
    "tokens" : [ {
      "id" : "s1-t0",
      "begin" : 39,
      "end" : 43,
      "text" : "0122",
      "whiteSpace" : false
    }, {
      "id" : "s1-t1",
      "begin" : 44,
      "end" : 50,
      "text" : "MACEIÓ",
      "whiteSpace" : false
    }, {
      "id" : "s1-t2",
      "begin" : 50,
      "end" : 51,
      "text" : "/",
      "whiteSpace" : false
    }, {
      "id" : "s1-t3",
      "begin" : 51,
      "end" : 53,
      "text" : "AL",
      "whiteSpace" : false
    }, {
      "id" : "s1-t4",
      "begin" : 53,
      "end" : 54,
      "text" : ",",
      "whiteSpace" : false
    }, {
      "id" : "s1-t5",
      "begin" : 55,
      "end" : 57,
      "text" : "06",
      "whiteSpace" : false
    }, {
      "id" : "s1-t6",
      "begin" : 58,
      "end" : 60,
      "text" : "DE",
      "whiteSpace" : false
    }, {
      "id" : "s1-t7",
      "begin" : 61,
      "end" : 68,
      "text" : "JANEIRO",
      "whiteSpace" : false
    }, {
      "id" : "s1-t8",
      "begin" : 69,
      "end" : 71,
      "text" : "DE",
      "whiteSpace" : false
    }, {
      "id" : "s1-t9",
      "begin" : 72,
      "end" : 76,
      "text" : "2021",
      "whiteSpace" : false
    }, {
      "id" : "s1-t10",
      "begin" : 76,
      "end" : 77,
      "text" : ".",
      "whiteSpace" : false
    } ]
  }, {
    "id" : "s2",
    "begin" : 78,
    "end" : 177,
    "text" : "O PREFEITO DO MUNICÍPIO DE MACEIÓ, no uso de suas atribuições e prerrogativas legais, RESOLVE: Art.",
    "tokens" : [ {
      "id" : "s2-t0",
      "begin" : 78,
      "end" : 79,
      "text" : "O",
      "whiteSpace" : false
    }, {
      "id" : "s2-t1",
      "begin" : 80,
      "end" : 88,
      "text" : "PREFEITO",
      "whiteSpace" : false
    }, {
      "id" : "s2-t2",
      "begin" : 89,
      "end" : 91,
      "text" : "DO",
      "whiteSpace" : false
    }, {
      "id" : "s2-t3",
      "begin" : 92,
      "end" : 101,
      "text" : "MUNICÍPIO",
      "whiteSpace" : false
    }, {
      "id" : "s2-t4",
      "begin" : 102,
      "end" : 104,
      "text" : "DE",
      "whiteSpace" : false
    }, {
      "id" : "s2-t5",
      "begin" : 105,
      "end" : 111,
      "text" : "MACEIÓ",
      "whiteSpace" : false
    }, {
      "id" : "s2-t6",
      "begin" : 111,
      "end" : 112,
      "text" : ",",
      "whiteSpace" : false
    }, {
      "id" : "s2-t7",
      "begin" : 113,
      "end" : 115,
      "text" : "no",
      "whiteSpace" : false
    }, {
      "id" : "s2-t8",
      "begin" : 116,
      "end" : 119,
      "text" : "uso",
      "whiteSpace" : false
    }, {
      "id" : "s2-t9",
      "begin" : 120,
      "end" : 122,
      "text" : "de",
      "whiteSpace" : false
    }, {
      "id" : "s2-t10",
      "begin" : 123,
      "end" : 127,
      "text" : "suas",
      "whiteSpace" : false
    }, {
      "id" : "s2-t11",
      "begin" : 128,
      "end" : 139,
      "text" : "atribuições",
      "whiteSpace" : false
    }, {
      "id" : "s2-t12",
      "begin" : 140,
      "end" : 141,
      "text" : "e",
      "whiteSpace" : false
    }, {
      "id" : "s2-t13",
      "begin" : 142,
      "end" : 155,
      "text" : "prerrogativas",
      "whiteSpace" : false
    }, {
      "id" : "s2-t14",
      "begin" : 156,
      "end" : 162,
      "text" : "legais",
      "whiteSpace" : false
    }, {
      "id" : "s2-t15",
      "begin" : 162,
      "end" : 163,
      "text" : ",",
      "whiteSpace" : false
    }, {
      "id" : "s2-t16",
      "begin" : 164,
      "end" : 171,
      "text" : "RESOLVE",
      "whiteSpace" : false
    }, {
      "id" : "s2-t17",
      "begin" : 171,
      "end" : 172,
      "text" : ":",
      "whiteSpace" : false
    }, {
      "id" : "s2-t18",
      "begin" : 173,
      "end" : 176,
      "text" : "Art",
      "whiteSpace" : false
    }, {
      "id" : "s2-t19",
      "begin" : 176,
      "end" : 177,
      "text" : ".",
      "whiteSpace" : false
    } ]
  }, {
    "id" : "s3",
    "begin" : 178,
    "end" : 274,
    "text" : "1º Nomear SERGIO HONORATO LEONARDO, para o cargo em comissão de Assessor, Símbolo DAS-1, CPF n°.",
    "tokens" : [ {
      "id" : "s3-t0",
      "begin" : 178,
      "end" : 180,
      "text" : "1º",
      "whiteSpace" : false
    }, {
      "id" : "s3-t1",
      "begin" : 181,
      "end" : 187,
      "text" : "Nomear",
      "whiteSpace" : false
    }, {
      "id" : "s3-t2",
      "begin" : 188,
      "end" : 194,
      "text" : "SERGIO",
      "whiteSpace" : false
    }, {
      "id" : "s3-t3",
      "begin" : 195,
      "end" : 203,
      "text" : "HONORATO",
      "whiteSpace" : false
    }, {
      "id" : "s3-t4",
      "begin" : 204,
      "end" : 212,
      "text" : "LEONARDO",
      "whiteSpace" : false
    }, {
      "id" : "s3-t5",
      "begin" : 212,
      "end" : 213,
      "text" : ",",
      "whiteSpace" : false
    }, {
      "id" : "s3-t6",
      "begin" : 214,
      "end" : 218,
      "text" : "para",
      "whiteSpace" : false
    }, {
      "id" : "s3-t7",
      "begin" : 219,
      "end" : 220,
      "text" : "o",
      "whiteSpace" : false
    }, {
      "id" : "s3-t8",
      "begin" : 221,
      "end" : 226,
      "text" : "cargo",
      "whiteSpace" : false
    }, {
      "id" : "s3-t9",
      "begin" : 227,
      "end" : 229,
      "text" : "em",
      "whiteSpace" : false
    }, {
      "id" : "s3-t10",
      "begin" : 230,
      "end" : 238,
      "text" : "comissão",
      "whiteSpace" : false
    }, {
      "id" : "s3-t11",
      "begin" : 239,
      "end" : 241,
      "text" : "de",
      "whiteSpace" : false
    }, {
      "id" : "s3-t12",
      "begin" : 242,
      "end" : 250,
      "text" : "Assessor",
      "whiteSpace" : false
    }, {
      "id" : "s3-t13",
      "begin" : 250,
      "end" : 251,
      "text" : ",",
      "whiteSpace" : false
    }, {
      "id" : "s3-t14",
      "begin" : 252,
      "end" : 259,
      "text" : "Símbolo",
      "whiteSpace" : false
    }, {
      "id" : "s3-t15",
      "begin" : 260,
      "end" : 265,
      "text" : "DAS-1",
      "whiteSpace" : false
    }, {
      "id" : "s3-t16",
      "begin" : 265,
      "end" : 266,
      "text" : ",",
      "whiteSpace" : false
    }, {
      "id" : "s3-t17",
      "begin" : 267,
      "end" : 270,
      "text" : "CPF",
      "whiteSpace" : false
    }, {
      "id" : "s3-t18",
      "begin" : 271,
      "end" : 272,
      "text" : "n",
      "whiteSpace" : false
    }, {
      "id" : "s3-t19",
      "begin" : 272,
      "end" : 273,
      "text" : "°",
      "whiteSpace" : false
    }, {
      "id" : "s3-t20",
      "begin" : 273,
      "end" : 274,
      "text" : ".",
      "whiteSpace" : false
    } ]
  }, {
    "id" : "s4",
    "begin" : 275,
    "end" : 392,
    "text" : "020.278.694-33, do(a) SECRETARIA MUNICIPAL DE COMUNICAÇÃO - SECOM, do Quadro de Pessoal do Poder Executivo Municipal.",
    "tokens" : [ {
      "id" : "s4-t0",
      "begin" : 275,
      "end" : 289,
      "text" : "020.278.694-33",
      "whiteSpace" : false
    }, {
      "id" : "s4-t1",
      "begin" : 289,
      "end" : 290,
      "text" : ",",
      "whiteSpace" : false
    }, {
      "id" : "s4-t2",
      "begin" : 291,
      "end" : 293,
      "text" : "do",
      "whiteSpace" : false
    }, {
      "id" : "s4-t3",
      "begin" : 293,
      "end" : 294,
      "text" : "(",
      "whiteSpace" : false
    }, {
      "id" : "s4-t4",
      "begin" : 294,
      "end" : 295,
      "text" : "a",
      "whiteSpace" : false
    }, {
      "id" : "s4-t5",
      "begin" : 295,
      "end" : 296,
      "text" : ")",
      "whiteSpace" : false
    }, {
      "id" : "s4-t6",
      "begin" : 297,
      "end" : 307,
      "text" : "SECRETARIA",
      "whiteSpace" : false
    }, {
      "id" : "s4-t7",
      "begin" : 308,
      "end" : 317,
      "text" : "MUNICIPAL",
      "whiteSpace" : false
    }, {
      "id" : "s4-t8",
      "begin" : 318,
      "end" : 320,
      "text" : "DE",
      "whiteSpace" : false
    }, {
      "id" : "s4-t9",
      "begin" : 321,
      "end" : 332,
      "text" : "COMUNICAÇÃO",
      "whiteSpace" : false
    }, {
      "id" : "s4-t10",
      "begin" : 333,
      "end" : 334,
      "text" : "-",
      "whiteSpace" : false
    }, {
      "id" : "s4-t11",
      "begin" : 335,
      "end" : 340,
      "text" : "SECOM",
      "whiteSpace" : false
    }, {
      "id" : "s4-t12",
      "begin" : 340,
      "end" : 341,
      "text" : ",",
      "whiteSpace" : false
    }, {
      "id" : "s4-t13",
      "begin" : 342,
      "end" : 344,
      "text" : "do",
      "whiteSpace" : false
    }, {
      "id" : "s4-t14",
      "begin" : 345,
      "end" : 351,
      "text" : "Quadro",
      "whiteSpace" : false
    }, {
      "id" : "s4-t15",
      "begin" : 352,
      "end" : 354,
      "text" : "de",
      "whiteSpace" : false
    }, {
      "id" : "s4-t16",
      "begin" : 355,
      "end" : 362,
      "text" : "Pessoal",
      "whiteSpace" : false
    }, {
      "id" : "s4-t17",
      "begin" : 363,
      "end" : 365,
      "text" : "do",
      "whiteSpace" : false
    }, {
      "id" : "s4-t18",
      "begin" : 366,
      "end" : 371,
      "text" : "Poder",
      "whiteSpace" : false
    }, {
      "id" : "s4-t19",
      "begin" : 372,
      "end" : 381,
      "text" : "Executivo",
      "whiteSpace" : false
    }, {
      "id" : "s4-t20",
      "begin" : 382,
      "end" : 391,
      "text" : "Municipal",
      "whiteSpace" : false
    }, {
      "id" : "s4-t21",
      "begin" : 391,
      "end" : 392,
      "text" : ".",
      "whiteSpace" : false
    } ]
  }, {
    "id" : "s5",
    "begin" : 393,
    "end" : 397,
    "text" : "Art.",
    "tokens" : [ {
      "id" : "s5-t0",
      "begin" : 393,
      "end" : 396,
      "text" : "Art",
      "whiteSpace" : false
    }, {
      "id" : "s5-t1",
      "begin" : 396,
      "end" : 397,
      "text" : ".",
      "whiteSpace" : false
    } ]
  }, {
    "id" : "s6",
    "begin" : 398,
    "end" : 498,
    "text" : "2º Esta Portaria entra em vigor na data de sua publicação, revogando-se as disposições em contrário.",
    "tokens" : [ {
      "id" : "s6-t0",
      "begin" : 398,
      "end" : 400,
      "text" : "2º",
      "whiteSpace" : false
    }, {
      "id" : "s6-t1",
      "begin" : 401,
      "end" : 405,
      "text" : "Esta",
      "whiteSpace" : false
    }, {
      "id" : "s6-t2",
      "begin" : 406,
      "end" : 414,
      "text" : "Portaria",
      "whiteSpace" : false
    }, {
      "id" : "s6-t3",
      "begin" : 415,
      "end" : 420,
      "text" : "entra",
      "whiteSpace" : false
    }, {
      "id" : "s6-t4",
      "begin" : 421,
      "end" : 423,
      "text" : "em",
      "whiteSpace" : false
    }, {
      "id" : "s6-t5",
      "begin" : 424,
      "end" : 429,
      "text" : "vigor",
      "whiteSpace" : false
    }, {
      "id" : "s6-t6",
      "begin" : 430,
      "end" : 432,
      "text" : "na",
      "whiteSpace" : false
    }, {
      "id" : "s6-t7",
      "begin" : 433,
      "end" : 437,
      "text" : "data",
      "whiteSpace" : false
    }, {
      "id" : "s6-t8",
      "begin" : 438,
      "end" : 440,
      "text" : "de",
      "whiteSpace" : false
    }, {
      "id" : "s6-t9",
      "begin" : 441,
      "end" : 444,
      "text" : "sua",
      "whiteSpace" : false
    }, {
      "id" : "s6-t10",
      "begin" : 445,
      "end" : 455,
      "text" : "publicação",
      "whiteSpace" : false
    }, {
      "id" : "s6-t11",
      "begin" : 455,
      "end" : 456,
      "text" : ",",
      "whiteSpace" : false
    }, {
      "id" : "s6-t12",
      "begin" : 457,
      "end" : 469,
      "text" : "revogando-se",
      "whiteSpace" : false
    }, {
      "id" : "s6-t13",
      "begin" : 470,
      "end" : 472,
      "text" : "as",
      "whiteSpace" : false
    }, {
      "id" : "s6-t14",
      "begin" : 473,
      "end" : 484,
      "text" : "disposições",
      "whiteSpace" : false
    }, {
      "id" : "s6-t15",
      "begin" : 485,
      "end" : 487,
      "text" : "em",
      "whiteSpace" : false
    }, {
      "id" : "s6-t16",
      "begin" : 488,
      "end" : 497,
      "text" : "contrário",
      "whiteSpace" : false
    }, {
      "id" : "s6-t17",
      "begin" : 497,
      "end" : 498,
      "text" : ".",
      "whiteSpace" : false
    } ]
  }, {
    "id" : "s7",
    "begin" : 499,
    "end" : 588,
    "text" : "JHC Prefeito de Maceió Publicado por: Evandro José Cordeiro Código Identificador:F54E6209",
    "tokens" : [ {
      "id" : "s7-t0",
      "begin" : 499,
      "end" : 502,
      "text" : "JHC",
      "whiteSpace" : false
    }, {
      "id" : "s7-t1",
      "begin" : 503,
      "end" : 511,
      "text" : "Prefeito",
      "whiteSpace" : false
    }, {
      "id" : "s7-t2",
      "begin" : 512,
      "end" : 514,
      "text" : "de",
      "whiteSpace" : false
    }, {
      "id" : "s7-t3",
      "begin" : 515,
      "end" : 521,
      "text" : "Maceió",
      "whiteSpace" : false
    }, {
      "id" : "s7-t4",
      "begin" : 522,
      "end" : 531,
      "text" : "Publicado",
      "whiteSpace" : false
    }, {
      "id" : "s7-t5",
      "begin" : 532,
      "end" : 535,
      "text" : "por",
      "whiteSpace" : false
    }, {
      "id" : "s7-t6",
      "begin" : 535,
      "end" : 536,
      "text" : ":",
      "whiteSpace" : false
    }, {
      "id" : "s7-t7",
      "begin" : 537,
      "end" : 544,
      "text" : "Evandro",
      "whiteSpace" : false
    }, {
      "id" : "s7-t8",
      "begin" : 545,
      "end" : 549,
      "text" : "José",
      "whiteSpace" : false
    }, {
      "id" : "s7-t9",
      "begin" : 550,
      "end" : 558,
      "text" : "Cordeiro",
      "whiteSpace" : false
    }, {
      "id" : "s7-t10",
      "begin" : 559,
      "end" : 565,
      "text" : "Código",
      "whiteSpace" : false
    }, {
      "id" : "s7-t11",
      "begin" : 566,
      "end" : 579,
      "text" : "Identificador",
      "whiteSpace" : false
    }, {
      "id" : "s7-t12",
      "begin" : 579,
      "end" : 588,
      "text" : ":F54E6209",
      "whiteSpace" : false
    } ]
  } ],
  "mentions" : [ {
    "id" : "s1-m1",
    "properties" : {
      "SIRE_MENTION_ROLE" : "portaria",
      "SIRE_ENTITY_SUBTYPE" : "NONE",
      "SIRE_MENTION_TYPE" : "NONE",
      "SIRE_MENTION_CLASS" : "SPC"
    },
    "type" : "portaria",
    "begin" : 39,
    "end" : 43,
    "inCoref" : false
  }, {
    "id" : "s1-m2",
    "properties" : {
      "SIRE_MENTION_ROLE" : "dia",
      "SIRE_ENTITY_SUBTYPE" : "NONE",
      "SIRE_MENTION_TYPE" : "NONE",
      "SIRE_MENTION_CLASS" : "SPC"
    },
    "type" : "dia",
    "begin" : 55,
    "end" : 57,
    "inCoref" : false
  }, {
    "id" : "s1-m3",
    "properties" : {
      "SIRE_MENTION_ROLE" : "mes",
      "SIRE_ENTITY_SUBTYPE" : "NONE",
      "SIRE_MENTION_TYPE" : "NONE",
      "SIRE_MENTION_CLASS" : "SPC"
    },
    "type" : "mes",
    "begin" : 61,
    "end" : 68,
    "inCoref" : false
  }, {
    "id" : "s1-m4",
    "properties" : {
      "SIRE_MENTION_ROLE" : "ano",
      "SIRE_ENTITY_SUBTYPE" : "NONE",
      "SIRE_MENTION_TYPE" : "NONE",
      "SIRE_MENTION_CLASS" : "SPC"
    },
    "type" : "ano",
    "begin" : 72,
    "end" : 76,
    "inCoref" : false
  }, {
    "id" : "s3-m1",
    "properties" : {
      "SIRE_MENTION_ROLE" : "ato",
      "SIRE_ENTITY_SUBTYPE" : "NONE",
      "SIRE_MENTION_TYPE" : "NONE",
      "SIRE_MENTION_CLASS" : "SPC"
    },
    "type" : "ato",
    "begin" : 181,
    "end" : 187,
    "inCoref" : false
  }, {
    "id" : "s3-m2",
    "properties" : {
      "SIRE_MENTION_ROLE" : "nome",
      "SIRE_ENTITY_SUBTYPE" : "NONE",
      "SIRE_MENTION_TYPE" : "NONE",
      "SIRE_MENTION_CLASS" : "SPC"
    },
    "type" : "nome",
    "begin" : 188,
    "end" : 212,
    "inCoref" : false
  }, {
    "id" : "s3-m3",
    "properties" : {
      "SIRE_MENTION_ROLE" : "cargo",
      "SIRE_ENTITY_SUBTYPE" : "NONE",
      "SIRE_MENTION_TYPE" : "NONE",
      "SIRE_MENTION_CLASS" : "SPC"
    },
    "type" : "cargo",
    "begin" : 242,
    "end" : 250,
    "inCoref" : false
  } ],
  "relations" : [ ],
  "corefs" : [ ],
  "typeResolved" : true,
  "userResolved" : false
}