{
  "id" : "fa2db150-6e6a-11ec-a52f-0922da029c04-4",
  "name" : "buffer_mcz_nom_05.txt",
  "createdDate" : 0,
  "version" : 3,
  "text" : "GABINETE DO PREFEITO - GP PORTARIA Nº. 0074 MACEIÓ/AL, 06 DE JANEIRO DE 2021. O PREFEITO DO MUNICÍPIO DE MACEIÓ, no uso de suas atribuições e prerrogativas legais, RESOLVE: Art. 1º Nomear ROSA GARDÊNIA VASCONCELOS SILVA, para o cargo em comissão de Chefe de Gabinete, Símbolo DAS-3, CPF n°. 986.461.764-87, do(a) GABINETE DO VICE-PREFEITO - GVP, do Quadro de Pessoal do Poder Executivo Municipal. Art. 2º Esta Portaria entra em vigor na data de sua publicação, revogando-se as disposições em contrário. ANO XXIV - Maceió/AL, Quinta-Feira, 07 de Janeiro de 2021 - Nº 6114 www.diariomunicipal.com.br/maceio 7 JHC Prefeito de Maceió Publicado por: Evandro José Cordeiro Código Identificador:5D005829\n",
  "docLength" : 0,
  "language" : "PT",
  "status" : "IN_PROGRESS",
  "modifiedDate" : 1641581006204,
  "documentSet" : [ ],
  "preannotation" : [ ],
  "sentences" : [ {
    "id" : "s0",
    "begin" : 0,
    "end" : 38,
    "text" : "GABINETE DO PREFEITO - GP PORTARIA Nº.",
    "tokens" : [ {
      "id" : "s0-t0",
      "begin" : 0,
      "end" : 8,
      "text" : "GABINETE",
      "whiteSpace" : false
    }, {
      "id" : "s0-t1",
      "begin" : 9,
      "end" : 11,
      "text" : "DO",
      "whiteSpace" : false
    }, {
      "id" : "s0-t2",
      "begin" : 12,
      "end" : 20,
      "text" : "PREFEITO",
      "whiteSpace" : false
    }, {
      "id" : "s0-t3",
      "begin" : 21,
      "end" : 22,
      "text" : "-",
      "whiteSpace" : false
    }, {
      "id" : "s0-t4",
      "begin" : 23,
      "end" : 25,
      "text" : "GP",
      "whiteSpace" : false
    }, {
      "id" : "s0-t5",
      "begin" : 26,
      "end" : 34,
      "text" : "PORTARIA",
      "whiteSpace" : false
    }, {
      "id" : "s0-t6",
      "begin" : 35,
      "end" : 37,
      "text" : "Nº",
      "whiteSpace" : false
    }, {
      "id" : "s0-t7",
      "begin" : 37,
      "end" : 38,
      "text" : ".",
      "whiteSpace" : false
    } ]
  }, {
    "id" : "s1",
    "begin" : 39,
    "end" : 77,
    "text" : "0074 MACEIÓ/AL, 06 DE JANEIRO DE 2021.",
    "tokens" : [ {
      "id" : "s1-t0",
      "begin" : 39,
      "end" : 43,
      "text" : "0074",
      "whiteSpace" : false
    }, {
      "id" : "s1-t1",
      "begin" : 44,
      "end" : 50,
      "text" : "MACEIÓ",
      "whiteSpace" : false
    }, {
      "id" : "s1-t2",
      "begin" : 50,
      "end" : 51,
      "text" : "/",
      "whiteSpace" : false
    }, {
      "id" : "s1-t3",
      "begin" : 51,
      "end" : 53,
      "text" : "AL",
      "whiteSpace" : false
    }, {
      "id" : "s1-t4",
      "begin" : 53,
      "end" : 54,
      "text" : ",",
      "whiteSpace" : false
    }, {
      "id" : "s1-t5",
      "begin" : 55,
      "end" : 57,
      "text" : "06",
      "whiteSpace" : false
    }, {
      "id" : "s1-t6",
      "begin" : 58,
      "end" : 60,
      "text" : "DE",
      "whiteSpace" : false
    }, {
      "id" : "s1-t7",
      "begin" : 61,
      "end" : 68,
      "text" : "JANEIRO",
      "whiteSpace" : false
    }, {
      "id" : "s1-t8",
      "begin" : 69,
      "end" : 71,
      "text" : "DE",
      "whiteSpace" : false
    }, {
      "id" : "s1-t9",
      "begin" : 72,
      "end" : 76,
      "text" : "2021",
      "whiteSpace" : false
    }, {
      "id" : "s1-t10",
      "begin" : 76,
      "end" : 77,
      "text" : ".",
      "whiteSpace" : false
    } ]
  }, {
    "id" : "s2",
    "begin" : 78,
    "end" : 177,
    "text" : "O PREFEITO DO MUNICÍPIO DE MACEIÓ, no uso de suas atribuições e prerrogativas legais, RESOLVE: Art.",
    "tokens" : [ {
      "id" : "s2-t0",
      "begin" : 78,
      "end" : 79,
      "text" : "O",
      "whiteSpace" : false
    }, {
      "id" : "s2-t1",
      "begin" : 80,
      "end" : 88,
      "text" : "PREFEITO",
      "whiteSpace" : false
    }, {
      "id" : "s2-t2",
      "begin" : 89,
      "end" : 91,
      "text" : "DO",
      "whiteSpace" : false
    }, {
      "id" : "s2-t3",
      "begin" : 92,
      "end" : 101,
      "text" : "MUNICÍPIO",
      "whiteSpace" : false
    }, {
      "id" : "s2-t4",
      "begin" : 102,
      "end" : 104,
      "text" : "DE",
      "whiteSpace" : false
    }, {
      "id" : "s2-t5",
      "begin" : 105,
      "end" : 111,
      "text" : "MACEIÓ",
      "whiteSpace" : false
    }, {
      "id" : "s2-t6",
      "begin" : 111,
      "end" : 112,
      "text" : ",",
      "whiteSpace" : false
    }, {
      "id" : "s2-t7",
      "begin" : 113,
      "end" : 115,
      "text" : "no",
      "whiteSpace" : false
    }, {
      "id" : "s2-t8",
      "begin" : 116,
      "end" : 119,
      "text" : "uso",
      "whiteSpace" : false
    }, {
      "id" : "s2-t9",
      "begin" : 120,
      "end" : 122,
      "text" : "de",
      "whiteSpace" : false
    }, {
      "id" : "s2-t10",
      "begin" : 123,
      "end" : 127,
      "text" : "suas",
      "whiteSpace" : false
    }, {
      "id" : "s2-t11",
      "begin" : 128,
      "end" : 139,
      "text" : "atribuições",
      "whiteSpace" : false
    }, {
      "id" : "s2-t12",
      "begin" : 140,
      "end" : 141,
      "text" : "e",
      "whiteSpace" : false
    }, {
      "id" : "s2-t13",
      "begin" : 142,
      "end" : 155,
      "text" : "prerrogativas",
      "whiteSpace" : false
    }, {
      "id" : "s2-t14",
      "begin" : 156,
      "end" : 162,
      "text" : "legais",
      "whiteSpace" : false
    }, {
      "id" : "s2-t15",
      "begin" : 162,
      "end" : 163,
      "text" : ",",
      "whiteSpace" : false
    }, {
      "id" : "s2-t16",
      "begin" : 164,
      "end" : 171,
      "text" : "RESOLVE",
      "whiteSpace" : false
    }, {
      "id" : "s2-t17",
      "begin" : 171,
      "end" : 172,
      "text" : ":",
      "whiteSpace" : false
    }, {
      "id" : "s2-t18",
      "begin" : 173,
      "end" : 176,
      "text" : "Art",
      "whiteSpace" : false
    }, {
      "id" : "s2-t19",
      "begin" : 176,
      "end" : 177,
      "text" : ".",
      "whiteSpace" : false
    } ]
  }, {
    "id" : "s3",
    "begin" : 178,
    "end" : 290,
    "text" : "1º Nomear ROSA GARDÊNIA VASCONCELOS SILVA, para o cargo em comissão de Chefe de Gabinete, Símbolo DAS-3, CPF n°.",
    "tokens" : [ {
      "id" : "s3-t0",
      "begin" : 178,
      "end" : 180,
      "text" : "1º",
      "whiteSpace" : false
    }, {
      "id" : "s3-t1",
      "begin" : 181,
      "end" : 187,
      "text" : "Nomear",
      "whiteSpace" : false
    }, {
      "id" : "s3-t2",
      "begin" : 188,
      "end" : 192,
      "text" : "ROSA",
      "whiteSpace" : false
    }, {
      "id" : "s3-t3",
      "begin" : 193,
      "end" : 201,
      "text" : "GARDÊNIA",
      "whiteSpace" : false
    }, {
      "id" : "s3-t4",
      "begin" : 202,
      "end" : 213,
      "text" : "VASCONCELOS",
      "whiteSpace" : false
    }, {
      "id" : "s3-t5",
      "begin" : 214,
      "end" : 219,
      "text" : "SILVA",
      "whiteSpace" : false
    }, {
      "id" : "s3-t6",
      "begin" : 219,
      "end" : 220,
      "text" : ",",
      "whiteSpace" : false
    }, {
      "id" : "s3-t7",
      "begin" : 221,
      "end" : 225,
      "text" : "para",
      "whiteSpace" : false
    }, {
      "id" : "s3-t8",
      "begin" : 226,
      "end" : 227,
      "text" : "o",
      "whiteSpace" : false
    }, {
      "id" : "s3-t9",
      "begin" : 228,
      "end" : 233,
      "text" : "cargo",
      "whiteSpace" : false
    }, {
      "id" : "s3-t10",
      "begin" : 234,
      "end" : 236,
      "text" : "em",
      "whiteSpace" : false
    }, {
      "id" : "s3-t11",
      "begin" : 237,
      "end" : 245,
      "text" : "comissão",
      "whiteSpace" : false
    }, {
      "id" : "s3-t12",
      "begin" : 246,
      "end" : 248,
      "text" : "de",
      "whiteSpace" : false
    }, {
      "id" : "s3-t13",
      "begin" : 249,
      "end" : 254,
      "text" : "Chefe",
      "whiteSpace" : false
    }, {
      "id" : "s3-t14",
      "begin" : 255,
      "end" : 257,
      "text" : "de",
      "whiteSpace" : false
    }, {
      "id" : "s3-t15",
      "begin" : 258,
      "end" : 266,
      "text" : "Gabinete",
      "whiteSpace" : false
    }, {
      "id" : "s3-t16",
      "begin" : 266,
      "end" : 267,
      "text" : ",",
      "whiteSpace" : false
    }, {
      "id" : "s3-t17",
      "begin" : 268,
      "end" : 275,
      "text" : "Símbolo",
      "whiteSpace" : false
    }, {
      "id" : "s3-t18",
      "begin" : 276,
      "end" : 281,
      "text" : "DAS-3",
      "whiteSpace" : false
    }, {
      "id" : "s3-t19",
      "begin" : 281,
      "end" : 282,
      "text" : ",",
      "whiteSpace" : false
    }, {
      "id" : "s3-t20",
      "begin" : 283,
      "end" : 286,
      "text" : "CPF",
      "whiteSpace" : false
    }, {
      "id" : "s3-t21",
      "begin" : 287,
      "end" : 288,
      "text" : "n",
      "whiteSpace" : false
    }, {
      "id" : "s3-t22",
      "begin" : 288,
      "end" : 289,
      "text" : "°",
      "whiteSpace" : false
    }, {
      "id" : "s3-t23",
      "begin" : 289,
      "end" : 290,
      "text" : ".",
      "whiteSpace" : false
    } ]
  }, {
    "id" : "s4",
    "begin" : 291,
    "end" : 396,
    "text" : "986.461.764-87, do(a) GABINETE DO VICE-PREFEITO - GVP, do Quadro de Pessoal do Poder Executivo Municipal.",
    "tokens" : [ {
      "id" : "s4-t0",
      "begin" : 291,
      "end" : 305,
      "text" : "986.461.764-87",
      "whiteSpace" : false
    }, {
      "id" : "s4-t1",
      "begin" : 305,
      "end" : 306,
      "text" : ",",
      "whiteSpace" : false
    }, {
      "id" : "s4-t2",
      "begin" : 307,
      "end" : 309,
      "text" : "do",
      "whiteSpace" : false
    }, {
      "id" : "s4-t3",
      "begin" : 309,
      "end" : 310,
      "text" : "(",
      "whiteSpace" : false
    }, {
      "id" : "s4-t4",
      "begin" : 310,
      "end" : 311,
      "text" : "a",
      "whiteSpace" : false
    }, {
      "id" : "s4-t5",
      "begin" : 311,
      "end" : 312,
      "text" : ")",
      "whiteSpace" : false
    }, {
      "id" : "s4-t6",
      "begin" : 313,
      "end" : 321,
      "text" : "GABINETE",
      "whiteSpace" : false
    }, {
      "id" : "s4-t7",
      "begin" : 322,
      "end" : 324,
      "text" : "DO",
      "whiteSpace" : false
    }, {
      "id" : "s4-t8",
      "begin" : 325,
      "end" : 329,
      "text" : "VICE",
      "whiteSpace" : false
    }, {
      "id" : "s4-t9",
      "begin" : 329,
      "end" : 330,
      "text" : "-",
      "whiteSpace" : false
    }, {
      "id" : "s4-t10",
      "begin" : 330,
      "end" : 338,
      "text" : "PREFEITO",
      "whiteSpace" : false
    }, {
      "id" : "s4-t11",
      "begin" : 339,
      "end" : 340,
      "text" : "-",
      "whiteSpace" : false
    }, {
      "id" : "s4-t12",
      "begin" : 341,
      "end" : 344,
      "text" : "GVP",
      "whiteSpace" : false
    }, {
      "id" : "s4-t13",
      "begin" : 344,
      "end" : 345,
      "text" : ",",
      "whiteSpace" : false
    }, {
      "id" : "s4-t14",
      "begin" : 346,
      "end" : 348,
      "text" : "do",
      "whiteSpace" : false
    }, {
      "id" : "s4-t15",
      "begin" : 349,
      "end" : 355,
      "text" : "Quadro",
      "whiteSpace" : false
    }, {
      "id" : "s4-t16",
      "begin" : 356,
      "end" : 358,
      "text" : "de",
      "whiteSpace" : false
    }, {
      "id" : "s4-t17",
      "begin" : 359,
      "end" : 366,
      "text" : "Pessoal",
      "whiteSpace" : false
    }, {
      "id" : "s4-t18",
      "begin" : 367,
      "end" : 369,
      "text" : "do",
      "whiteSpace" : false
    }, {
      "id" : "s4-t19",
      "begin" : 370,
      "end" : 375,
      "text" : "Poder",
      "whiteSpace" : false
    }, {
      "id" : "s4-t20",
      "begin" : 376,
      "end" : 385,
      "text" : "Executivo",
      "whiteSpace" : false
    }, {
      "id" : "s4-t21",
      "begin" : 386,
      "end" : 395,
      "text" : "Municipal",
      "whiteSpace" : false
    }, {
      "id" : "s4-t22",
      "begin" : 395,
      "end" : 396,
      "text" : ".",
      "whiteSpace" : false
    } ]
  }, {
    "id" : "s5",
    "begin" : 397,
    "end" : 401,
    "text" : "Art.",
    "tokens" : [ {
      "id" : "s5-t0",
      "begin" : 397,
      "end" : 400,
      "text" : "Art",
      "whiteSpace" : false
    }, {
      "id" : "s5-t1",
      "begin" : 400,
      "end" : 401,
      "text" : ".",
      "whiteSpace" : false
    } ]
  }, {
    "id" : "s6",
    "begin" : 402,
    "end" : 502,
    "text" : "2º Esta Portaria entra em vigor na data de sua publicação, revogando-se as disposições em contrário.",
    "tokens" : [ {
      "id" : "s6-t0",
      "begin" : 402,
      "end" : 404,
      "text" : "2º",
      "whiteSpace" : false
    }, {
      "id" : "s6-t1",
      "begin" : 405,
      "end" : 409,
      "text" : "Esta",
      "whiteSpace" : false
    }, {
      "id" : "s6-t2",
      "begin" : 410,
      "end" : 418,
      "text" : "Portaria",
      "whiteSpace" : false
    }, {
      "id" : "s6-t3",
      "begin" : 419,
      "end" : 424,
      "text" : "entra",
      "whiteSpace" : false
    }, {
      "id" : "s6-t4",
      "begin" : 425,
      "end" : 427,
      "text" : "em",
      "whiteSpace" : false
    }, {
      "id" : "s6-t5",
      "begin" : 428,
      "end" : 433,
      "text" : "vigor",
      "whiteSpace" : false
    }, {
      "id" : "s6-t6",
      "begin" : 434,
      "end" : 436,
      "text" : "na",
      "whiteSpace" : false
    }, {
      "id" : "s6-t7",
      "begin" : 437,
      "end" : 441,
      "text" : "data",
      "whiteSpace" : false
    }, {
      "id" : "s6-t8",
      "begin" : 442,
      "end" : 444,
      "text" : "de",
      "whiteSpace" : false
    }, {
      "id" : "s6-t9",
      "begin" : 445,
      "end" : 448,
      "text" : "sua",
      "whiteSpace" : false
    }, {
      "id" : "s6-t10",
      "begin" : 449,
      "end" : 459,
      "text" : "publicação",
      "whiteSpace" : false
    }, {
      "id" : "s6-t11",
      "begin" : 459,
      "end" : 460,
      "text" : ",",
      "whiteSpace" : false
    }, {
      "id" : "s6-t12",
      "begin" : 461,
      "end" : 473,
      "text" : "revogando-se",
      "whiteSpace" : false
    }, {
      "id" : "s6-t13",
      "begin" : 474,
      "end" : 476,
      "text" : "as",
      "whiteSpace" : false
    }, {
      "id" : "s6-t14",
      "begin" : 477,
      "end" : 488,
      "text" : "disposições",
      "whiteSpace" : false
    }, {
      "id" : "s6-t15",
      "begin" : 489,
      "end" : 491,
      "text" : "em",
      "whiteSpace" : false
    }, {
      "id" : "s6-t16",
      "begin" : 492,
      "end" : 501,
      "text" : "contrário",
      "whiteSpace" : false
    }, {
      "id" : "s6-t17",
      "begin" : 501,
      "end" : 502,
      "text" : ".",
      "whiteSpace" : false
    } ]
  }, {
    "id" : "s7",
    "begin" : 503,
    "end" : 696,
    "text" : "ANO XXIV - Maceió/AL, Quinta-Feira, 07 de Janeiro de 2021 - Nº 6114 www.diariomunicipal.com.br/maceio 7 JHC Prefeito de Maceió Publicado por: Evandro José Cordeiro Código Identificador:5D005829",
    "tokens" : [ {
      "id" : "s7-t0",
      "begin" : 503,
      "end" : 506,
      "text" : "ANO",
      "whiteSpace" : false
    }, {
      "id" : "s7-t1",
      "begin" : 507,
      "end" : 511,
      "text" : "XXIV",
      "whiteSpace" : false
    }, {
      "id" : "s7-t2",
      "begin" : 512,
      "end" : 513,
      "text" : "-",
      "whiteSpace" : false
    }, {
      "id" : "s7-t3",
      "begin" : 514,
      "end" : 520,
      "text" : "Maceió",
      "whiteSpace" : false
    }, {
      "id" : "s7-t4",
      "begin" : 520,
      "end" : 521,
      "text" : "/",
      "whiteSpace" : false
    }, {
      "id" : "s7-t5",
      "begin" : 521,
      "end" : 523,
      "text" : "AL",
      "whiteSpace" : false
    }, {
      "id" : "s7-t6",
      "begin" : 523,
      "end" : 524,
      "text" : ",",
      "whiteSpace" : false
    }, {
      "id" : "s7-t7",
      "begin" : 525,
      "end" : 531,
      "text" : "Quinta",
      "whiteSpace" : false
    }, {
      "id" : "s7-t8",
      "begin" : 531,
      "end" : 532,
      "text" : "-",
      "whiteSpace" : false
    }, {
      "id" : "s7-t9",
      "begin" : 532,
      "end" : 537,
      "text" : "Feira",
      "whiteSpace" : false
    }, {
      "id" : "s7-t10",
      "begin" : 537,
      "end" : 538,
      "text" : ",",
      "whiteSpace" : false
    }, {
      "id" : "s7-t11",
      "begin" : 539,
      "end" : 541,
      "text" : "07",
      "whiteSpace" : false
    }, {
      "id" : "s7-t12",
      "begin" : 542,
      "end" : 544,
      "text" : "de",
      "whiteSpace" : false
    }, {
      "id" : "s7-t13",
      "begin" : 545,
      "end" : 552,
      "text" : "Janeiro",
      "whiteSpace" : false
    }, {
      "id" : "s7-t14",
      "begin" : 553,
      "end" : 555,
      "text" : "de",
      "whiteSpace" : false
    }, {
      "id" : "s7-t15",
      "begin" : 556,
      "end" : 560,
      "text" : "2021",
      "whiteSpace" : false
    }, {
      "id" : "s7-t16",
      "begin" : 561,
      "end" : 562,
      "text" : "-",
      "whiteSpace" : false
    }, {
      "id" : "s7-t17",
      "begin" : 563,
      "end" : 565,
      "text" : "Nº",
      "whiteSpace" : false
    }, {
      "id" : "s7-t18",
      "begin" : 566,
      "end" : 570,
      "text" : "6114",
      "whiteSpace" : false
    }, {
      "id" : "s7-t19",
      "begin" : 571,
      "end" : 604,
      "text" : "www.diariomunicipal.com.br/maceio",
      "whiteSpace" : false
    }, {
      "id" : "s7-t20",
      "begin" : 605,
      "end" : 606,
      "text" : "7",
      "whiteSpace" : false
    }, {
      "id" : "s7-t21",
      "begin" : 607,
      "end" : 610,
      "text" : "JHC",
      "whiteSpace" : false
    }, {
      "id" : "s7-t22",
      "begin" : 611,
      "end" : 619,
      "text" : "Prefeito",
      "whiteSpace" : false
    }, {
      "id" : "s7-t23",
      "begin" : 620,
      "end" : 622,
      "text" : "de",
      "whiteSpace" : false
    }, {
      "id" : "s7-t24",
      "begin" : 623,
      "end" : 629,
      "text" : "Maceió",
      "whiteSpace" : false
    }, {
      "id" : "s7-t25",
      "begin" : 630,
      "end" : 639,
      "text" : "Publicado",
      "whiteSpace" : false
    }, {
      "id" : "s7-t26",
      "begin" : 640,
      "end" : 643,
      "text" : "por",
      "whiteSpace" : false
    }, {
      "id" : "s7-t27",
      "begin" : 643,
      "end" : 644,
      "text" : ":",
      "whiteSpace" : false
    }, {
      "id" : "s7-t28",
      "begin" : 645,
      "end" : 652,
      "text" : "Evandro",
      "whiteSpace" : false
    }, {
      "id" : "s7-t29",
      "begin" : 653,
      "end" : 657,
      "text" : "José",
      "whiteSpace" : false
    }, {
      "id" : "s7-t30",
      "begin" : 658,
      "end" : 666,
      "text" : "Cordeiro",
      "whiteSpace" : false
    }, {
      "id" : "s7-t31",
      "begin" : 667,
      "end" : 673,
      "text" : "Código",
      "whiteSpace" : false
    }, {
      "id" : "s7-t32",
      "begin" : 674,
      "end" : 687,
      "text" : "Identificador",
      "whiteSpace" : false
    }, {
      "id" : "s7-t33",
      "begin" : 687,
      "end" : 688,
      "text" : ":",
      "whiteSpace" : false
    }, {
      "id" : "s7-t34",
      "begin" : 688,
      "end" : 696,
      "text" : "5D005829",
      "whiteSpace" : false
    } ]
  } ],
  "mentions" : [ {
    "id" : "s1-m1",
    "properties" : {
      "SIRE_MENTION_ROLE" : "portaria",
      "SIRE_ENTITY_SUBTYPE" : "NONE",
      "SIRE_MENTION_TYPE" : "NONE",
      "SIRE_MENTION_CLASS" : "SPC"
    },
    "type" : "portaria",
    "begin" : 39,
    "end" : 43,
    "inCoref" : false
  }, {
    "id" : "s1-m2",
    "properties" : {
      "SIRE_MENTION_ROLE" : "dia",
      "SIRE_ENTITY_SUBTYPE" : "NONE",
      "SIRE_MENTION_TYPE" : "NONE",
      "SIRE_MENTION_CLASS" : "SPC"
    },
    "type" : "dia",
    "begin" : 55,
    "end" : 57,
    "inCoref" : false
  }, {
    "id" : "s1-m3",
    "properties" : {
      "SIRE_MENTION_ROLE" : "mes",
      "SIRE_ENTITY_SUBTYPE" : "NONE",
      "SIRE_MENTION_TYPE" : "NONE",
      "SIRE_MENTION_CLASS" : "SPC"
    },
    "type" : "mes",
    "begin" : 61,
    "end" : 68,
    "inCoref" : false
  }, {
    "id" : "s1-m4",
    "properties" : {
      "SIRE_MENTION_ROLE" : "ano",
      "SIRE_ENTITY_SUBTYPE" : "NONE",
      "SIRE_MENTION_TYPE" : "NONE",
      "SIRE_MENTION_CLASS" : "SPC"
    },
    "type" : "ano",
    "begin" : 72,
    "end" : 76,
    "inCoref" : false
  }, {
    "id" : "s3-m1",
    "properties" : {
      "SIRE_MENTION_ROLE" : "ato",
      "SIRE_ENTITY_SUBTYPE" : "NONE",
      "SIRE_MENTION_TYPE" : "NONE",
      "SIRE_MENTION_CLASS" : "SPC"
    },
    "type" : "ato",
    "begin" : 181,
    "end" : 187,
    "inCoref" : false
  }, {
    "id" : "s3-m2",
    "properties" : {
      "SIRE_MENTION_ROLE" : "nome",
      "SIRE_ENTITY_SUBTYPE" : "NONE",
      "SIRE_MENTION_TYPE" : "NONE",
      "SIRE_MENTION_CLASS" : "SPC"
    },
    "type" : "nome",
    "begin" : 188,
    "end" : 219,
    "inCoref" : false
  }, {
    "id" : "s3-m3",
    "properties" : {
      "SIRE_MENTION_ROLE" : "cargo",
      "SIRE_ENTITY_SUBTYPE" : "NONE",
      "SIRE_MENTION_TYPE" : "NONE",
      "SIRE_MENTION_CLASS" : "SPC"
    },
    "type" : "cargo",
    "begin" : 249,
    "end" : 266,
    "inCoref" : false
  } ],
  "relations" : [ ],
  "corefs" : [ ],
  "typeResolved" : true,
  "userResolved" : false
}