{
  "id" : "fa2db150-6e6a-11ec-a52f-0922da029c04-3",
  "name" : "buffer_mcz_nom_04.txt",
  "createdDate" : 0,
  "version" : 3,
  "text" : "GABINETE DO PREFEITO - GP PORTARIA Nº. 0067 MACEIÓ/AL, 06 DE JANEIRO DE 2021. O PREFEITO DO MUNICÍPIO DE MACEIÓ, no uso de suas atribuições e prerrogativas legais, RESOLVE: ANO XXIV - Maceió/AL, Quinta-Feira, 07 de Janeiro de 2021 - Nº 6114 www.diariomunicipal.com.br/maceio 6 Art. 1º Nomear ELESJANDELY CORREIA CALHEIROS MARQUES BASTOS, para o cargo em comissão de Diretor, da Diretoria de Administração, Orçamento e Finanças, Símbolo DAS-4, CPF n°. 058.772.074-31, do(a) INSTITUTO DE PREVIDÊNCIA DOS SERVIDORES PÚBLICOS DO MUNICÍPIO DE MACEIÓ - IPREV, do Quadro de Pessoal do Poder Executivo Municipal. Art. 2º Esta Portaria entra em vigor na data de sua publicação, revogando-se as disposições em contrário. JHC Prefeito de Maceió Publicado por: Evandro José Cordeiro Código Identificador:841CA643\n",
  "docLength" : 0,
  "language" : "PT",
  "status" : "IN_PROGRESS",
  "modifiedDate" : 1641580946640,
  "documentSet" : [ ],
  "preannotation" : [ ],
  "sentences" : [ {
    "id" : "s0",
    "begin" : 0,
    "end" : 38,
    "text" : "GABINETE DO PREFEITO - GP PORTARIA Nº.",
    "tokens" : [ {
      "id" : "s0-t0",
      "begin" : 0,
      "end" : 8,
      "text" : "GABINETE",
      "whiteSpace" : false
    }, {
      "id" : "s0-t1",
      "begin" : 9,
      "end" : 11,
      "text" : "DO",
      "whiteSpace" : false
    }, {
      "id" : "s0-t2",
      "begin" : 12,
      "end" : 20,
      "text" : "PREFEITO",
      "whiteSpace" : false
    }, {
      "id" : "s0-t3",
      "begin" : 21,
      "end" : 22,
      "text" : "-",
      "whiteSpace" : false
    }, {
      "id" : "s0-t4",
      "begin" : 23,
      "end" : 25,
      "text" : "GP",
      "whiteSpace" : false
    }, {
      "id" : "s0-t5",
      "begin" : 26,
      "end" : 34,
      "text" : "PORTARIA",
      "whiteSpace" : false
    }, {
      "id" : "s0-t6",
      "begin" : 35,
      "end" : 37,
      "text" : "Nº",
      "whiteSpace" : false
    }, {
      "id" : "s0-t7",
      "begin" : 37,
      "end" : 38,
      "text" : ".",
      "whiteSpace" : false
    } ]
  }, {
    "id" : "s1",
    "begin" : 39,
    "end" : 77,
    "text" : "0067 MACEIÓ/AL, 06 DE JANEIRO DE 2021.",
    "tokens" : [ {
      "id" : "s1-t0",
      "begin" : 39,
      "end" : 43,
      "text" : "0067",
      "whiteSpace" : false
    }, {
      "id" : "s1-t1",
      "begin" : 44,
      "end" : 50,
      "text" : "MACEIÓ",
      "whiteSpace" : false
    }, {
      "id" : "s1-t2",
      "begin" : 50,
      "end" : 51,
      "text" : "/",
      "whiteSpace" : false
    }, {
      "id" : "s1-t3",
      "begin" : 51,
      "end" : 53,
      "text" : "AL",
      "whiteSpace" : false
    }, {
      "id" : "s1-t4",
      "begin" : 53,
      "end" : 54,
      "text" : ",",
      "whiteSpace" : false
    }, {
      "id" : "s1-t5",
      "begin" : 55,
      "end" : 57,
      "text" : "06",
      "whiteSpace" : false
    }, {
      "id" : "s1-t6",
      "begin" : 58,
      "end" : 60,
      "text" : "DE",
      "whiteSpace" : false
    }, {
      "id" : "s1-t7",
      "begin" : 61,
      "end" : 68,
      "text" : "JANEIRO",
      "whiteSpace" : false
    }, {
      "id" : "s1-t8",
      "begin" : 69,
      "end" : 71,
      "text" : "DE",
      "whiteSpace" : false
    }, {
      "id" : "s1-t9",
      "begin" : 72,
      "end" : 76,
      "text" : "2021",
      "whiteSpace" : false
    }, {
      "id" : "s1-t10",
      "begin" : 76,
      "end" : 77,
      "text" : ".",
      "whiteSpace" : false
    } ]
  }, {
    "id" : "s2",
    "begin" : 78,
    "end" : 281,
    "text" : "O PREFEITO DO MUNICÍPIO DE MACEIÓ, no uso de suas atribuições e prerrogativas legais, RESOLVE: ANO XXIV - Maceió/AL, Quinta-Feira, 07 de Janeiro de 2021 - Nº 6114 www.diariomunicipal.com.br/maceio 6 Art.",
    "tokens" : [ {
      "id" : "s2-t0",
      "begin" : 78,
      "end" : 79,
      "text" : "O",
      "whiteSpace" : false
    }, {
      "id" : "s2-t1",
      "begin" : 80,
      "end" : 88,
      "text" : "PREFEITO",
      "whiteSpace" : false
    }, {
      "id" : "s2-t2",
      "begin" : 89,
      "end" : 91,
      "text" : "DO",
      "whiteSpace" : false
    }, {
      "id" : "s2-t3",
      "begin" : 92,
      "end" : 101,
      "text" : "MUNICÍPIO",
      "whiteSpace" : false
    }, {
      "id" : "s2-t4",
      "begin" : 102,
      "end" : 104,
      "text" : "DE",
      "whiteSpace" : false
    }, {
      "id" : "s2-t5",
      "begin" : 105,
      "end" : 111,
      "text" : "MACEIÓ",
      "whiteSpace" : false
    }, {
      "id" : "s2-t6",
      "begin" : 111,
      "end" : 112,
      "text" : ",",
      "whiteSpace" : false
    }, {
      "id" : "s2-t7",
      "begin" : 113,
      "end" : 115,
      "text" : "no",
      "whiteSpace" : false
    }, {
      "id" : "s2-t8",
      "begin" : 116,
      "end" : 119,
      "text" : "uso",
      "whiteSpace" : false
    }, {
      "id" : "s2-t9",
      "begin" : 120,
      "end" : 122,
      "text" : "de",
      "whiteSpace" : false
    }, {
      "id" : "s2-t10",
      "begin" : 123,
      "end" : 127,
      "text" : "suas",
      "whiteSpace" : false
    }, {
      "id" : "s2-t11",
      "begin" : 128,
      "end" : 139,
      "text" : "atribuições",
      "whiteSpace" : false
    }, {
      "id" : "s2-t12",
      "begin" : 140,
      "end" : 141,
      "text" : "e",
      "whiteSpace" : false
    }, {
      "id" : "s2-t13",
      "begin" : 142,
      "end" : 155,
      "text" : "prerrogativas",
      "whiteSpace" : false
    }, {
      "id" : "s2-t14",
      "begin" : 156,
      "end" : 162,
      "text" : "legais",
      "whiteSpace" : false
    }, {
      "id" : "s2-t15",
      "begin" : 162,
      "end" : 163,
      "text" : ",",
      "whiteSpace" : false
    }, {
      "id" : "s2-t16",
      "begin" : 164,
      "end" : 171,
      "text" : "RESOLVE",
      "whiteSpace" : false
    }, {
      "id" : "s2-t17",
      "begin" : 171,
      "end" : 172,
      "text" : ":",
      "whiteSpace" : false
    }, {
      "id" : "s2-t18",
      "begin" : 173,
      "end" : 176,
      "text" : "ANO",
      "whiteSpace" : false
    }, {
      "id" : "s2-t19",
      "begin" : 177,
      "end" : 181,
      "text" : "XXIV",
      "whiteSpace" : false
    }, {
      "id" : "s2-t20",
      "begin" : 182,
      "end" : 183,
      "text" : "-",
      "whiteSpace" : false
    }, {
      "id" : "s2-t21",
      "begin" : 184,
      "end" : 190,
      "text" : "Maceió",
      "whiteSpace" : false
    }, {
      "id" : "s2-t22",
      "begin" : 190,
      "end" : 191,
      "text" : "/",
      "whiteSpace" : false
    }, {
      "id" : "s2-t23",
      "begin" : 191,
      "end" : 193,
      "text" : "AL",
      "whiteSpace" : false
    }, {
      "id" : "s2-t24",
      "begin" : 193,
      "end" : 194,
      "text" : ",",
      "whiteSpace" : false
    }, {
      "id" : "s2-t25",
      "begin" : 195,
      "end" : 201,
      "text" : "Quinta",
      "whiteSpace" : false
    }, {
      "id" : "s2-t26",
      "begin" : 201,
      "end" : 202,
      "text" : "-",
      "whiteSpace" : false
    }, {
      "id" : "s2-t27",
      "begin" : 202,
      "end" : 207,
      "text" : "Feira",
      "whiteSpace" : false
    }, {
      "id" : "s2-t28",
      "begin" : 207,
      "end" : 208,
      "text" : ",",
      "whiteSpace" : false
    }, {
      "id" : "s2-t29",
      "begin" : 209,
      "end" : 211,
      "text" : "07",
      "whiteSpace" : false
    }, {
      "id" : "s2-t30",
      "begin" : 212,
      "end" : 214,
      "text" : "de",
      "whiteSpace" : false
    }, {
      "id" : "s2-t31",
      "begin" : 215,
      "end" : 222,
      "text" : "Janeiro",
      "whiteSpace" : false
    }, {
      "id" : "s2-t32",
      "begin" : 223,
      "end" : 225,
      "text" : "de",
      "whiteSpace" : false
    }, {
      "id" : "s2-t33",
      "begin" : 226,
      "end" : 230,
      "text" : "2021",
      "whiteSpace" : false
    }, {
      "id" : "s2-t34",
      "begin" : 231,
      "end" : 232,
      "text" : "-",
      "whiteSpace" : false
    }, {
      "id" : "s2-t35",
      "begin" : 233,
      "end" : 235,
      "text" : "Nº",
      "whiteSpace" : false
    }, {
      "id" : "s2-t36",
      "begin" : 236,
      "end" : 240,
      "text" : "6114",
      "whiteSpace" : false
    }, {
      "id" : "s2-t37",
      "begin" : 241,
      "end" : 274,
      "text" : "www.diariomunicipal.com.br/maceio",
      "whiteSpace" : false
    }, {
      "id" : "s2-t38",
      "begin" : 275,
      "end" : 276,
      "text" : "6",
      "whiteSpace" : false
    }, {
      "id" : "s2-t39",
      "begin" : 277,
      "end" : 280,
      "text" : "Art",
      "whiteSpace" : false
    }, {
      "id" : "s2-t40",
      "begin" : 280,
      "end" : 281,
      "text" : ".",
      "whiteSpace" : false
    } ]
  }, {
    "id" : "s3",
    "begin" : 282,
    "end" : 450,
    "text" : "1º Nomear ELESJANDELY CORREIA CALHEIROS MARQUES BASTOS, para o cargo em comissão de Diretor, da Diretoria de Administração, Orçamento e Finanças, Símbolo DAS-4, CPF n°.",
    "tokens" : [ {
      "id" : "s3-t0",
      "begin" : 282,
      "end" : 284,
      "text" : "1º",
      "whiteSpace" : false
    }, {
      "id" : "s3-t1",
      "begin" : 285,
      "end" : 291,
      "text" : "Nomear",
      "whiteSpace" : false
    }, {
      "id" : "s3-t2",
      "begin" : 292,
      "end" : 303,
      "text" : "ELESJANDELY",
      "whiteSpace" : false
    }, {
      "id" : "s3-t3",
      "begin" : 304,
      "end" : 311,
      "text" : "CORREIA",
      "whiteSpace" : false
    }, {
      "id" : "s3-t4",
      "begin" : 312,
      "end" : 321,
      "text" : "CALHEIROS",
      "whiteSpace" : false
    }, {
      "id" : "s3-t5",
      "begin" : 322,
      "end" : 329,
      "text" : "MARQUES",
      "whiteSpace" : false
    }, {
      "id" : "s3-t6",
      "begin" : 330,
      "end" : 336,
      "text" : "BASTOS",
      "whiteSpace" : false
    }, {
      "id" : "s3-t7",
      "begin" : 336,
      "end" : 337,
      "text" : ",",
      "whiteSpace" : false
    }, {
      "id" : "s3-t8",
      "begin" : 338,
      "end" : 342,
      "text" : "para",
      "whiteSpace" : false
    }, {
      "id" : "s3-t9",
      "begin" : 343,
      "end" : 344,
      "text" : "o",
      "whiteSpace" : false
    }, {
      "id" : "s3-t10",
      "begin" : 345,
      "end" : 350,
      "text" : "cargo",
      "whiteSpace" : false
    }, {
      "id" : "s3-t11",
      "begin" : 351,
      "end" : 353,
      "text" : "em",
      "whiteSpace" : false
    }, {
      "id" : "s3-t12",
      "begin" : 354,
      "end" : 362,
      "text" : "comissão",
      "whiteSpace" : false
    }, {
      "id" : "s3-t13",
      "begin" : 363,
      "end" : 365,
      "text" : "de",
      "whiteSpace" : false
    }, {
      "id" : "s3-t14",
      "begin" : 366,
      "end" : 373,
      "text" : "Diretor",
      "whiteSpace" : false
    }, {
      "id" : "s3-t15",
      "begin" : 373,
      "end" : 374,
      "text" : ",",
      "whiteSpace" : false
    }, {
      "id" : "s3-t16",
      "begin" : 375,
      "end" : 377,
      "text" : "da",
      "whiteSpace" : false
    }, {
      "id" : "s3-t17",
      "begin" : 378,
      "end" : 387,
      "text" : "Diretoria",
      "whiteSpace" : false
    }, {
      "id" : "s3-t18",
      "begin" : 388,
      "end" : 390,
      "text" : "de",
      "whiteSpace" : false
    }, {
      "id" : "s3-t19",
      "begin" : 391,
      "end" : 404,
      "text" : "Administração",
      "whiteSpace" : false
    }, {
      "id" : "s3-t20",
      "begin" : 404,
      "end" : 405,
      "text" : ",",
      "whiteSpace" : false
    }, {
      "id" : "s3-t21",
      "begin" : 406,
      "end" : 415,
      "text" : "Orçamento",
      "whiteSpace" : false
    }, {
      "id" : "s3-t22",
      "begin" : 416,
      "end" : 417,
      "text" : "e",
      "whiteSpace" : false
    }, {
      "id" : "s3-t23",
      "begin" : 418,
      "end" : 426,
      "text" : "Finanças",
      "whiteSpace" : false
    }, {
      "id" : "s3-t24",
      "begin" : 426,
      "end" : 427,
      "text" : ",",
      "whiteSpace" : false
    }, {
      "id" : "s3-t25",
      "begin" : 428,
      "end" : 435,
      "text" : "Símbolo",
      "whiteSpace" : false
    }, {
      "id" : "s3-t26",
      "begin" : 436,
      "end" : 441,
      "text" : "DAS-4",
      "whiteSpace" : false
    }, {
      "id" : "s3-t27",
      "begin" : 441,
      "end" : 442,
      "text" : ",",
      "whiteSpace" : false
    }, {
      "id" : "s3-t28",
      "begin" : 443,
      "end" : 446,
      "text" : "CPF",
      "whiteSpace" : false
    }, {
      "id" : "s3-t29",
      "begin" : 447,
      "end" : 448,
      "text" : "n",
      "whiteSpace" : false
    }, {
      "id" : "s3-t30",
      "begin" : 448,
      "end" : 449,
      "text" : "°",
      "whiteSpace" : false
    }, {
      "id" : "s3-t31",
      "begin" : 449,
      "end" : 450,
      "text" : ".",
      "whiteSpace" : false
    } ]
  }, {
    "id" : "s4",
    "begin" : 451,
    "end" : 604,
    "text" : "058.772.074-31, do(a) INSTITUTO DE PREVIDÊNCIA DOS SERVIDORES PÚBLICOS DO MUNICÍPIO DE MACEIÓ - IPREV, do Quadro de Pessoal do Poder Executivo Municipal.",
    "tokens" : [ {
      "id" : "s4-t0",
      "begin" : 451,
      "end" : 465,
      "text" : "058.772.074-31",
      "whiteSpace" : false
    }, {
      "id" : "s4-t1",
      "begin" : 465,
      "end" : 466,
      "text" : ",",
      "whiteSpace" : false
    }, {
      "id" : "s4-t2",
      "begin" : 467,
      "end" : 469,
      "text" : "do",
      "whiteSpace" : false
    }, {
      "id" : "s4-t3",
      "begin" : 469,
      "end" : 470,
      "text" : "(",
      "whiteSpace" : false
    }, {
      "id" : "s4-t4",
      "begin" : 470,
      "end" : 471,
      "text" : "a",
      "whiteSpace" : false
    }, {
      "id" : "s4-t5",
      "begin" : 471,
      "end" : 472,
      "text" : ")",
      "whiteSpace" : false
    }, {
      "id" : "s4-t6",
      "begin" : 473,
      "end" : 482,
      "text" : "INSTITUTO",
      "whiteSpace" : false
    }, {
      "id" : "s4-t7",
      "begin" : 483,
      "end" : 485,
      "text" : "DE",
      "whiteSpace" : false
    }, {
      "id" : "s4-t8",
      "begin" : 486,
      "end" : 497,
      "text" : "PREVIDÊNCIA",
      "whiteSpace" : false
    }, {
      "id" : "s4-t9",
      "begin" : 498,
      "end" : 501,
      "text" : "DOS",
      "whiteSpace" : false
    }, {
      "id" : "s4-t10",
      "begin" : 502,
      "end" : 512,
      "text" : "SERVIDORES",
      "whiteSpace" : false
    }, {
      "id" : "s4-t11",
      "begin" : 513,
      "end" : 521,
      "text" : "PÚBLICOS",
      "whiteSpace" : false
    }, {
      "id" : "s4-t12",
      "begin" : 522,
      "end" : 524,
      "text" : "DO",
      "whiteSpace" : false
    }, {
      "id" : "s4-t13",
      "begin" : 525,
      "end" : 534,
      "text" : "MUNICÍPIO",
      "whiteSpace" : false
    }, {
      "id" : "s4-t14",
      "begin" : 535,
      "end" : 537,
      "text" : "DE",
      "whiteSpace" : false
    }, {
      "id" : "s4-t15",
      "begin" : 538,
      "end" : 544,
      "text" : "MACEIÓ",
      "whiteSpace" : false
    }, {
      "id" : "s4-t16",
      "begin" : 545,
      "end" : 546,
      "text" : "-",
      "whiteSpace" : false
    }, {
      "id" : "s4-t17",
      "begin" : 547,
      "end" : 552,
      "text" : "IPREV",
      "whiteSpace" : false
    }, {
      "id" : "s4-t18",
      "begin" : 552,
      "end" : 553,
      "text" : ",",
      "whiteSpace" : false
    }, {
      "id" : "s4-t19",
      "begin" : 554,
      "end" : 556,
      "text" : "do",
      "whiteSpace" : false
    }, {
      "id" : "s4-t20",
      "begin" : 557,
      "end" : 563,
      "text" : "Quadro",
      "whiteSpace" : false
    }, {
      "id" : "s4-t21",
      "begin" : 564,
      "end" : 566,
      "text" : "de",
      "whiteSpace" : false
    }, {
      "id" : "s4-t22",
      "begin" : 567,
      "end" : 574,
      "text" : "Pessoal",
      "whiteSpace" : false
    }, {
      "id" : "s4-t23",
      "begin" : 575,
      "end" : 577,
      "text" : "do",
      "whiteSpace" : false
    }, {
      "id" : "s4-t24",
      "begin" : 578,
      "end" : 583,
      "text" : "Poder",
      "whiteSpace" : false
    }, {
      "id" : "s4-t25",
      "begin" : 584,
      "end" : 593,
      "text" : "Executivo",
      "whiteSpace" : false
    }, {
      "id" : "s4-t26",
      "begin" : 594,
      "end" : 603,
      "text" : "Municipal",
      "whiteSpace" : false
    }, {
      "id" : "s4-t27",
      "begin" : 603,
      "end" : 604,
      "text" : ".",
      "whiteSpace" : false
    } ]
  }, {
    "id" : "s5",
    "begin" : 605,
    "end" : 609,
    "text" : "Art.",
    "tokens" : [ {
      "id" : "s5-t0",
      "begin" : 605,
      "end" : 608,
      "text" : "Art",
      "whiteSpace" : false
    }, {
      "id" : "s5-t1",
      "begin" : 608,
      "end" : 609,
      "text" : ".",
      "whiteSpace" : false
    } ]
  }, {
    "id" : "s6",
    "begin" : 610,
    "end" : 710,
    "text" : "2º Esta Portaria entra em vigor na data de sua publicação, revogando-se as disposições em contrário.",
    "tokens" : [ {
      "id" : "s6-t0",
      "begin" : 610,
      "end" : 612,
      "text" : "2º",
      "whiteSpace" : false
    }, {
      "id" : "s6-t1",
      "begin" : 613,
      "end" : 617,
      "text" : "Esta",
      "whiteSpace" : false
    }, {
      "id" : "s6-t2",
      "begin" : 618,
      "end" : 626,
      "text" : "Portaria",
      "whiteSpace" : false
    }, {
      "id" : "s6-t3",
      "begin" : 627,
      "end" : 632,
      "text" : "entra",
      "whiteSpace" : false
    }, {
      "id" : "s6-t4",
      "begin" : 633,
      "end" : 635,
      "text" : "em",
      "whiteSpace" : false
    }, {
      "id" : "s6-t5",
      "begin" : 636,
      "end" : 641,
      "text" : "vigor",
      "whiteSpace" : false
    }, {
      "id" : "s6-t6",
      "begin" : 642,
      "end" : 644,
      "text" : "na",
      "whiteSpace" : false
    }, {
      "id" : "s6-t7",
      "begin" : 645,
      "end" : 649,
      "text" : "data",
      "whiteSpace" : false
    }, {
      "id" : "s6-t8",
      "begin" : 650,
      "end" : 652,
      "text" : "de",
      "whiteSpace" : false
    }, {
      "id" : "s6-t9",
      "begin" : 653,
      "end" : 656,
      "text" : "sua",
      "whiteSpace" : false
    }, {
      "id" : "s6-t10",
      "begin" : 657,
      "end" : 667,
      "text" : "publicação",
      "whiteSpace" : false
    }, {
      "id" : "s6-t11",
      "begin" : 667,
      "end" : 668,
      "text" : ",",
      "whiteSpace" : false
    }, {
      "id" : "s6-t12",
      "begin" : 669,
      "end" : 681,
      "text" : "revogando-se",
      "whiteSpace" : false
    }, {
      "id" : "s6-t13",
      "begin" : 682,
      "end" : 684,
      "text" : "as",
      "whiteSpace" : false
    }, {
      "id" : "s6-t14",
      "begin" : 685,
      "end" : 696,
      "text" : "disposições",
      "whiteSpace" : false
    }, {
      "id" : "s6-t15",
      "begin" : 697,
      "end" : 699,
      "text" : "em",
      "whiteSpace" : false
    }, {
      "id" : "s6-t16",
      "begin" : 700,
      "end" : 709,
      "text" : "contrário",
      "whiteSpace" : false
    }, {
      "id" : "s6-t17",
      "begin" : 709,
      "end" : 710,
      "text" : ".",
      "whiteSpace" : false
    } ]
  }, {
    "id" : "s7",
    "begin" : 711,
    "end" : 800,
    "text" : "JHC Prefeito de Maceió Publicado por: Evandro José Cordeiro Código Identificador:841CA643",
    "tokens" : [ {
      "id" : "s7-t0",
      "begin" : 711,
      "end" : 714,
      "text" : "JHC",
      "whiteSpace" : false
    }, {
      "id" : "s7-t1",
      "begin" : 715,
      "end" : 723,
      "text" : "Prefeito",
      "whiteSpace" : false
    }, {
      "id" : "s7-t2",
      "begin" : 724,
      "end" : 726,
      "text" : "de",
      "whiteSpace" : false
    }, {
      "id" : "s7-t3",
      "begin" : 727,
      "end" : 733,
      "text" : "Maceió",
      "whiteSpace" : false
    }, {
      "id" : "s7-t4",
      "begin" : 734,
      "end" : 743,
      "text" : "Publicado",
      "whiteSpace" : false
    }, {
      "id" : "s7-t5",
      "begin" : 744,
      "end" : 747,
      "text" : "por",
      "whiteSpace" : false
    }, {
      "id" : "s7-t6",
      "begin" : 747,
      "end" : 748,
      "text" : ":",
      "whiteSpace" : false
    }, {
      "id" : "s7-t7",
      "begin" : 749,
      "end" : 756,
      "text" : "Evandro",
      "whiteSpace" : false
    }, {
      "id" : "s7-t8",
      "begin" : 757,
      "end" : 761,
      "text" : "José",
      "whiteSpace" : false
    }, {
      "id" : "s7-t9",
      "begin" : 762,
      "end" : 770,
      "text" : "Cordeiro",
      "whiteSpace" : false
    }, {
      "id" : "s7-t10",
      "begin" : 771,
      "end" : 777,
      "text" : "Código",
      "whiteSpace" : false
    }, {
      "id" : "s7-t11",
      "begin" : 778,
      "end" : 791,
      "text" : "Identificador",
      "whiteSpace" : false
    }, {
      "id" : "s7-t12",
      "begin" : 791,
      "end" : 792,
      "text" : ":",
      "whiteSpace" : false
    }, {
      "id" : "s7-t13",
      "begin" : 792,
      "end" : 800,
      "text" : "841CA643",
      "whiteSpace" : false
    } ]
  } ],
  "mentions" : [ {
    "id" : "s1-m1",
    "properties" : {
      "SIRE_MENTION_ROLE" : "portaria",
      "SIRE_ENTITY_SUBTYPE" : "NONE",
      "SIRE_MENTION_TYPE" : "NONE",
      "SIRE_MENTION_CLASS" : "SPC"
    },
    "type" : "portaria",
    "begin" : 39,
    "end" : 43,
    "inCoref" : false
  }, {
    "id" : "s1-m2",
    "properties" : {
      "SIRE_MENTION_ROLE" : "dia",
      "SIRE_ENTITY_SUBTYPE" : "NONE",
      "SIRE_MENTION_TYPE" : "NONE",
      "SIRE_MENTION_CLASS" : "SPC"
    },
    "type" : "dia",
    "begin" : 55,
    "end" : 57,
    "inCoref" : false
  }, {
    "id" : "s1-m3",
    "properties" : {
      "SIRE_MENTION_ROLE" : "mes",
      "SIRE_ENTITY_SUBTYPE" : "NONE",
      "SIRE_MENTION_TYPE" : "NONE",
      "SIRE_MENTION_CLASS" : "SPC"
    },
    "type" : "mes",
    "begin" : 61,
    "end" : 68,
    "inCoref" : false
  }, {
    "id" : "s1-m4",
    "properties" : {
      "SIRE_MENTION_ROLE" : "ano",
      "SIRE_ENTITY_SUBTYPE" : "NONE",
      "SIRE_MENTION_TYPE" : "NONE",
      "SIRE_MENTION_CLASS" : "SPC"
    },
    "type" : "ano",
    "begin" : 72,
    "end" : 76,
    "inCoref" : false
  }, {
    "id" : "s3-m1",
    "properties" : {
      "SIRE_MENTION_ROLE" : "ato",
      "SIRE_ENTITY_SUBTYPE" : "NONE",
      "SIRE_MENTION_TYPE" : "NONE",
      "SIRE_MENTION_CLASS" : "SPC"
    },
    "type" : "ato",
    "begin" : 285,
    "end" : 291,
    "inCoref" : false
  }, {
    "id" : "s3-m2",
    "properties" : {
      "SIRE_MENTION_ROLE" : "nome",
      "SIRE_ENTITY_SUBTYPE" : "NONE",
      "SIRE_MENTION_TYPE" : "NONE",
      "SIRE_MENTION_CLASS" : "SPC"
    },
    "type" : "nome",
    "begin" : 292,
    "end" : 336,
    "inCoref" : false
  }, {
    "id" : "s3-m3",
    "properties" : {
      "SIRE_MENTION_ROLE" : "cargo",
      "SIRE_ENTITY_SUBTYPE" : "NONE",
      "SIRE_MENTION_TYPE" : "NONE",
      "SIRE_MENTION_CLASS" : "SPC"
    },
    "type" : "cargo",
    "begin" : 366,
    "end" : 373,
    "inCoref" : false
  } ],
  "relations" : [ ],
  "corefs" : [ ],
  "typeResolved" : true,
  "userResolved" : false
}