{
  "id" : "fa2db150-6e6a-11ec-a52f-0922da029c04-9",
  "name" : "buffer_mcz_nom_10.txt",
  "createdDate" : 0,
  "version" : 3,
  "text" : "GABINETE DO PREFEITO - GP PORTARIA Nº. 0060 MACEIÓ/AL, 06 DE JANEIRO DE 2021. O PREFEITO DO MUNICÍPIO DE MACEIÓ, no uso de suas atribuições e prerrogativas legais, RESOLVE: Art. 1º Nomear LEILIANE MARINHO SILVA, para o cargo em comissão de Assessor Especial, Símbolo DAS-5, CPF n°. 074.937.494-26, do(a) PROCURADORIA-GERAL DO MUNICÍPIO - PGM, do Quadro de Pessoal do Poder Executivo Municipal. Art. 2º Esta Portaria entra em vigor na data de sua publicação, revogando-se as disposições em contrário. ANO XXIV - Maceió/AL, Quinta-Feira, 07 de Janeiro de 2021 - Nº 6114 www.diariomunicipal.com.br/maceio 5 JHC Prefeito de Maceió Publicado por: Evandro José Cordeiro Código Identificador:3B1C4381\n",
  "docLength" : 0,
  "language" : "PT",
  "status" : "IN_PROGRESS",
  "modifiedDate" : 1641581187379,
  "documentSet" : [ ],
  "preannotation" : [ ],
  "sentences" : [ {
    "id" : "s0",
    "begin" : 0,
    "end" : 38,
    "text" : "GABINETE DO PREFEITO - GP PORTARIA Nº.",
    "tokens" : [ {
      "id" : "s0-t0",
      "begin" : 0,
      "end" : 8,
      "text" : "GABINETE",
      "whiteSpace" : false
    }, {
      "id" : "s0-t1",
      "begin" : 9,
      "end" : 11,
      "text" : "DO",
      "whiteSpace" : false
    }, {
      "id" : "s0-t2",
      "begin" : 12,
      "end" : 20,
      "text" : "PREFEITO",
      "whiteSpace" : false
    }, {
      "id" : "s0-t3",
      "begin" : 21,
      "end" : 22,
      "text" : "-",
      "whiteSpace" : false
    }, {
      "id" : "s0-t4",
      "begin" : 23,
      "end" : 25,
      "text" : "GP",
      "whiteSpace" : false
    }, {
      "id" : "s0-t5",
      "begin" : 26,
      "end" : 34,
      "text" : "PORTARIA",
      "whiteSpace" : false
    }, {
      "id" : "s0-t6",
      "begin" : 35,
      "end" : 37,
      "text" : "Nº",
      "whiteSpace" : false
    }, {
      "id" : "s0-t7",
      "begin" : 37,
      "end" : 38,
      "text" : ".",
      "whiteSpace" : false
    } ]
  }, {
    "id" : "s1",
    "begin" : 39,
    "end" : 77,
    "text" : "0060 MACEIÓ/AL, 06 DE JANEIRO DE 2021.",
    "tokens" : [ {
      "id" : "s1-t0",
      "begin" : 39,
      "end" : 43,
      "text" : "0060",
      "whiteSpace" : false
    }, {
      "id" : "s1-t1",
      "begin" : 44,
      "end" : 50,
      "text" : "MACEIÓ",
      "whiteSpace" : false
    }, {
      "id" : "s1-t2",
      "begin" : 50,
      "end" : 51,
      "text" : "/",
      "whiteSpace" : false
    }, {
      "id" : "s1-t3",
      "begin" : 51,
      "end" : 53,
      "text" : "AL",
      "whiteSpace" : false
    }, {
      "id" : "s1-t4",
      "begin" : 53,
      "end" : 54,
      "text" : ",",
      "whiteSpace" : false
    }, {
      "id" : "s1-t5",
      "begin" : 55,
      "end" : 57,
      "text" : "06",
      "whiteSpace" : false
    }, {
      "id" : "s1-t6",
      "begin" : 58,
      "end" : 60,
      "text" : "DE",
      "whiteSpace" : false
    }, {
      "id" : "s1-t7",
      "begin" : 61,
      "end" : 68,
      "text" : "JANEIRO",
      "whiteSpace" : false
    }, {
      "id" : "s1-t8",
      "begin" : 69,
      "end" : 71,
      "text" : "DE",
      "whiteSpace" : false
    }, {
      "id" : "s1-t9",
      "begin" : 72,
      "end" : 76,
      "text" : "2021",
      "whiteSpace" : false
    }, {
      "id" : "s1-t10",
      "begin" : 76,
      "end" : 77,
      "text" : ".",
      "whiteSpace" : false
    } ]
  }, {
    "id" : "s2",
    "begin" : 78,
    "end" : 177,
    "text" : "O PREFEITO DO MUNICÍPIO DE MACEIÓ, no uso de suas atribuições e prerrogativas legais, RESOLVE: Art.",
    "tokens" : [ {
      "id" : "s2-t0",
      "begin" : 78,
      "end" : 79,
      "text" : "O",
      "whiteSpace" : false
    }, {
      "id" : "s2-t1",
      "begin" : 80,
      "end" : 88,
      "text" : "PREFEITO",
      "whiteSpace" : false
    }, {
      "id" : "s2-t2",
      "begin" : 89,
      "end" : 91,
      "text" : "DO",
      "whiteSpace" : false
    }, {
      "id" : "s2-t3",
      "begin" : 92,
      "end" : 101,
      "text" : "MUNICÍPIO",
      "whiteSpace" : false
    }, {
      "id" : "s2-t4",
      "begin" : 102,
      "end" : 104,
      "text" : "DE",
      "whiteSpace" : false
    }, {
      "id" : "s2-t5",
      "begin" : 105,
      "end" : 111,
      "text" : "MACEIÓ",
      "whiteSpace" : false
    }, {
      "id" : "s2-t6",
      "begin" : 111,
      "end" : 112,
      "text" : ",",
      "whiteSpace" : false
    }, {
      "id" : "s2-t7",
      "begin" : 113,
      "end" : 115,
      "text" : "no",
      "whiteSpace" : false
    }, {
      "id" : "s2-t8",
      "begin" : 116,
      "end" : 119,
      "text" : "uso",
      "whiteSpace" : false
    }, {
      "id" : "s2-t9",
      "begin" : 120,
      "end" : 122,
      "text" : "de",
      "whiteSpace" : false
    }, {
      "id" : "s2-t10",
      "begin" : 123,
      "end" : 127,
      "text" : "suas",
      "whiteSpace" : false
    }, {
      "id" : "s2-t11",
      "begin" : 128,
      "end" : 139,
      "text" : "atribuições",
      "whiteSpace" : false
    }, {
      "id" : "s2-t12",
      "begin" : 140,
      "end" : 141,
      "text" : "e",
      "whiteSpace" : false
    }, {
      "id" : "s2-t13",
      "begin" : 142,
      "end" : 155,
      "text" : "prerrogativas",
      "whiteSpace" : false
    }, {
      "id" : "s2-t14",
      "begin" : 156,
      "end" : 162,
      "text" : "legais",
      "whiteSpace" : false
    }, {
      "id" : "s2-t15",
      "begin" : 162,
      "end" : 163,
      "text" : ",",
      "whiteSpace" : false
    }, {
      "id" : "s2-t16",
      "begin" : 164,
      "end" : 171,
      "text" : "RESOLVE",
      "whiteSpace" : false
    }, {
      "id" : "s2-t17",
      "begin" : 171,
      "end" : 172,
      "text" : ":",
      "whiteSpace" : false
    }, {
      "id" : "s2-t18",
      "begin" : 173,
      "end" : 176,
      "text" : "Art",
      "whiteSpace" : false
    }, {
      "id" : "s2-t19",
      "begin" : 176,
      "end" : 177,
      "text" : ".",
      "whiteSpace" : false
    } ]
  }, {
    "id" : "s3",
    "begin" : 178,
    "end" : 281,
    "text" : "1º Nomear LEILIANE MARINHO SILVA, para o cargo em comissão de Assessor Especial, Símbolo DAS-5, CPF n°.",
    "tokens" : [ {
      "id" : "s3-t0",
      "begin" : 178,
      "end" : 180,
      "text" : "1º",
      "whiteSpace" : false
    }, {
      "id" : "s3-t1",
      "begin" : 181,
      "end" : 187,
      "text" : "Nomear",
      "whiteSpace" : false
    }, {
      "id" : "s3-t2",
      "begin" : 188,
      "end" : 196,
      "text" : "LEILIANE",
      "whiteSpace" : false
    }, {
      "id" : "s3-t3",
      "begin" : 197,
      "end" : 204,
      "text" : "MARINHO",
      "whiteSpace" : false
    }, {
      "id" : "s3-t4",
      "begin" : 205,
      "end" : 210,
      "text" : "SILVA",
      "whiteSpace" : false
    }, {
      "id" : "s3-t5",
      "begin" : 210,
      "end" : 211,
      "text" : ",",
      "whiteSpace" : false
    }, {
      "id" : "s3-t6",
      "begin" : 212,
      "end" : 216,
      "text" : "para",
      "whiteSpace" : false
    }, {
      "id" : "s3-t7",
      "begin" : 217,
      "end" : 218,
      "text" : "o",
      "whiteSpace" : false
    }, {
      "id" : "s3-t8",
      "begin" : 219,
      "end" : 224,
      "text" : "cargo",
      "whiteSpace" : false
    }, {
      "id" : "s3-t9",
      "begin" : 225,
      "end" : 227,
      "text" : "em",
      "whiteSpace" : false
    }, {
      "id" : "s3-t10",
      "begin" : 228,
      "end" : 236,
      "text" : "comissão",
      "whiteSpace" : false
    }, {
      "id" : "s3-t11",
      "begin" : 237,
      "end" : 239,
      "text" : "de",
      "whiteSpace" : false
    }, {
      "id" : "s3-t12",
      "begin" : 240,
      "end" : 248,
      "text" : "Assessor",
      "whiteSpace" : false
    }, {
      "id" : "s3-t13",
      "begin" : 249,
      "end" : 257,
      "text" : "Especial",
      "whiteSpace" : false
    }, {
      "id" : "s3-t14",
      "begin" : 257,
      "end" : 258,
      "text" : ",",
      "whiteSpace" : false
    }, {
      "id" : "s3-t15",
      "begin" : 259,
      "end" : 266,
      "text" : "Símbolo",
      "whiteSpace" : false
    }, {
      "id" : "s3-t16",
      "begin" : 267,
      "end" : 272,
      "text" : "DAS-5",
      "whiteSpace" : false
    }, {
      "id" : "s3-t17",
      "begin" : 272,
      "end" : 273,
      "text" : ",",
      "whiteSpace" : false
    }, {
      "id" : "s3-t18",
      "begin" : 274,
      "end" : 277,
      "text" : "CPF",
      "whiteSpace" : false
    }, {
      "id" : "s3-t19",
      "begin" : 278,
      "end" : 279,
      "text" : "n",
      "whiteSpace" : false
    }, {
      "id" : "s3-t20",
      "begin" : 279,
      "end" : 280,
      "text" : "°",
      "whiteSpace" : false
    }, {
      "id" : "s3-t21",
      "begin" : 280,
      "end" : 281,
      "text" : ".",
      "whiteSpace" : false
    } ]
  }, {
    "id" : "s4",
    "begin" : 282,
    "end" : 393,
    "text" : "074.937.494-26, do(a) PROCURADORIA-GERAL DO MUNICÍPIO - PGM, do Quadro de Pessoal do Poder Executivo Municipal.",
    "tokens" : [ {
      "id" : "s4-t0",
      "begin" : 282,
      "end" : 296,
      "text" : "074.937.494-26",
      "whiteSpace" : false
    }, {
      "id" : "s4-t1",
      "begin" : 296,
      "end" : 297,
      "text" : ",",
      "whiteSpace" : false
    }, {
      "id" : "s4-t2",
      "begin" : 298,
      "end" : 300,
      "text" : "do",
      "whiteSpace" : false
    }, {
      "id" : "s4-t3",
      "begin" : 300,
      "end" : 301,
      "text" : "(",
      "whiteSpace" : false
    }, {
      "id" : "s4-t4",
      "begin" : 301,
      "end" : 302,
      "text" : "a",
      "whiteSpace" : false
    }, {
      "id" : "s4-t5",
      "begin" : 302,
      "end" : 303,
      "text" : ")",
      "whiteSpace" : false
    }, {
      "id" : "s4-t6",
      "begin" : 304,
      "end" : 322,
      "text" : "PROCURADORIA-GERAL",
      "whiteSpace" : false
    }, {
      "id" : "s4-t7",
      "begin" : 323,
      "end" : 325,
      "text" : "DO",
      "whiteSpace" : false
    }, {
      "id" : "s4-t8",
      "begin" : 326,
      "end" : 335,
      "text" : "MUNICÍPIO",
      "whiteSpace" : false
    }, {
      "id" : "s4-t9",
      "begin" : 336,
      "end" : 337,
      "text" : "-",
      "whiteSpace" : false
    }, {
      "id" : "s4-t10",
      "begin" : 338,
      "end" : 341,
      "text" : "PGM",
      "whiteSpace" : false
    }, {
      "id" : "s4-t11",
      "begin" : 341,
      "end" : 342,
      "text" : ",",
      "whiteSpace" : false
    }, {
      "id" : "s4-t12",
      "begin" : 343,
      "end" : 345,
      "text" : "do",
      "whiteSpace" : false
    }, {
      "id" : "s4-t13",
      "begin" : 346,
      "end" : 352,
      "text" : "Quadro",
      "whiteSpace" : false
    }, {
      "id" : "s4-t14",
      "begin" : 353,
      "end" : 355,
      "text" : "de",
      "whiteSpace" : false
    }, {
      "id" : "s4-t15",
      "begin" : 356,
      "end" : 363,
      "text" : "Pessoal",
      "whiteSpace" : false
    }, {
      "id" : "s4-t16",
      "begin" : 364,
      "end" : 366,
      "text" : "do",
      "whiteSpace" : false
    }, {
      "id" : "s4-t17",
      "begin" : 367,
      "end" : 372,
      "text" : "Poder",
      "whiteSpace" : false
    }, {
      "id" : "s4-t18",
      "begin" : 373,
      "end" : 382,
      "text" : "Executivo",
      "whiteSpace" : false
    }, {
      "id" : "s4-t19",
      "begin" : 383,
      "end" : 392,
      "text" : "Municipal",
      "whiteSpace" : false
    }, {
      "id" : "s4-t20",
      "begin" : 392,
      "end" : 393,
      "text" : ".",
      "whiteSpace" : false
    } ]
  }, {
    "id" : "s5",
    "begin" : 394,
    "end" : 398,
    "text" : "Art.",
    "tokens" : [ {
      "id" : "s5-t0",
      "begin" : 394,
      "end" : 397,
      "text" : "Art",
      "whiteSpace" : false
    }, {
      "id" : "s5-t1",
      "begin" : 397,
      "end" : 398,
      "text" : ".",
      "whiteSpace" : false
    } ]
  }, {
    "id" : "s6",
    "begin" : 399,
    "end" : 499,
    "text" : "2º Esta Portaria entra em vigor na data de sua publicação, revogando-se as disposições em contrário.",
    "tokens" : [ {
      "id" : "s6-t0",
      "begin" : 399,
      "end" : 401,
      "text" : "2º",
      "whiteSpace" : false
    }, {
      "id" : "s6-t1",
      "begin" : 402,
      "end" : 406,
      "text" : "Esta",
      "whiteSpace" : false
    }, {
      "id" : "s6-t2",
      "begin" : 407,
      "end" : 415,
      "text" : "Portaria",
      "whiteSpace" : false
    }, {
      "id" : "s6-t3",
      "begin" : 416,
      "end" : 421,
      "text" : "entra",
      "whiteSpace" : false
    }, {
      "id" : "s6-t4",
      "begin" : 422,
      "end" : 424,
      "text" : "em",
      "whiteSpace" : false
    }, {
      "id" : "s6-t5",
      "begin" : 425,
      "end" : 430,
      "text" : "vigor",
      "whiteSpace" : false
    }, {
      "id" : "s6-t6",
      "begin" : 431,
      "end" : 433,
      "text" : "na",
      "whiteSpace" : false
    }, {
      "id" : "s6-t7",
      "begin" : 434,
      "end" : 438,
      "text" : "data",
      "whiteSpace" : false
    }, {
      "id" : "s6-t8",
      "begin" : 439,
      "end" : 441,
      "text" : "de",
      "whiteSpace" : false
    }, {
      "id" : "s6-t9",
      "begin" : 442,
      "end" : 445,
      "text" : "sua",
      "whiteSpace" : false
    }, {
      "id" : "s6-t10",
      "begin" : 446,
      "end" : 456,
      "text" : "publicação",
      "whiteSpace" : false
    }, {
      "id" : "s6-t11",
      "begin" : 456,
      "end" : 457,
      "text" : ",",
      "whiteSpace" : false
    }, {
      "id" : "s6-t12",
      "begin" : 458,
      "end" : 470,
      "text" : "revogando-se",
      "whiteSpace" : false
    }, {
      "id" : "s6-t13",
      "begin" : 471,
      "end" : 473,
      "text" : "as",
      "whiteSpace" : false
    }, {
      "id" : "s6-t14",
      "begin" : 474,
      "end" : 485,
      "text" : "disposições",
      "whiteSpace" : false
    }, {
      "id" : "s6-t15",
      "begin" : 486,
      "end" : 488,
      "text" : "em",
      "whiteSpace" : false
    }, {
      "id" : "s6-t16",
      "begin" : 489,
      "end" : 498,
      "text" : "contrário",
      "whiteSpace" : false
    }, {
      "id" : "s6-t17",
      "begin" : 498,
      "end" : 499,
      "text" : ".",
      "whiteSpace" : false
    } ]
  }, {
    "id" : "s7",
    "begin" : 500,
    "end" : 693,
    "text" : "ANO XXIV - Maceió/AL, Quinta-Feira, 07 de Janeiro de 2021 - Nº 6114 www.diariomunicipal.com.br/maceio 5 JHC Prefeito de Maceió Publicado por: Evandro José Cordeiro Código Identificador:3B1C4381",
    "tokens" : [ {
      "id" : "s7-t0",
      "begin" : 500,
      "end" : 503,
      "text" : "ANO",
      "whiteSpace" : false
    }, {
      "id" : "s7-t1",
      "begin" : 504,
      "end" : 508,
      "text" : "XXIV",
      "whiteSpace" : false
    }, {
      "id" : "s7-t2",
      "begin" : 509,
      "end" : 510,
      "text" : "-",
      "whiteSpace" : false
    }, {
      "id" : "s7-t3",
      "begin" : 511,
      "end" : 517,
      "text" : "Maceió",
      "whiteSpace" : false
    }, {
      "id" : "s7-t4",
      "begin" : 517,
      "end" : 518,
      "text" : "/",
      "whiteSpace" : false
    }, {
      "id" : "s7-t5",
      "begin" : 518,
      "end" : 520,
      "text" : "AL",
      "whiteSpace" : false
    }, {
      "id" : "s7-t6",
      "begin" : 520,
      "end" : 521,
      "text" : ",",
      "whiteSpace" : false
    }, {
      "id" : "s7-t7",
      "begin" : 522,
      "end" : 528,
      "text" : "Quinta",
      "whiteSpace" : false
    }, {
      "id" : "s7-t8",
      "begin" : 528,
      "end" : 529,
      "text" : "-",
      "whiteSpace" : false
    }, {
      "id" : "s7-t9",
      "begin" : 529,
      "end" : 534,
      "text" : "Feira",
      "whiteSpace" : false
    }, {
      "id" : "s7-t10",
      "begin" : 534,
      "end" : 535,
      "text" : ",",
      "whiteSpace" : false
    }, {
      "id" : "s7-t11",
      "begin" : 536,
      "end" : 538,
      "text" : "07",
      "whiteSpace" : false
    }, {
      "id" : "s7-t12",
      "begin" : 539,
      "end" : 541,
      "text" : "de",
      "whiteSpace" : false
    }, {
      "id" : "s7-t13",
      "begin" : 542,
      "end" : 549,
      "text" : "Janeiro",
      "whiteSpace" : false
    }, {
      "id" : "s7-t14",
      "begin" : 550,
      "end" : 552,
      "text" : "de",
      "whiteSpace" : false
    }, {
      "id" : "s7-t15",
      "begin" : 553,
      "end" : 557,
      "text" : "2021",
      "whiteSpace" : false
    }, {
      "id" : "s7-t16",
      "begin" : 558,
      "end" : 559,
      "text" : "-",
      "whiteSpace" : false
    }, {
      "id" : "s7-t17",
      "begin" : 560,
      "end" : 562,
      "text" : "Nº",
      "whiteSpace" : false
    }, {
      "id" : "s7-t18",
      "begin" : 563,
      "end" : 567,
      "text" : "6114",
      "whiteSpace" : false
    }, {
      "id" : "s7-t19",
      "begin" : 568,
      "end" : 601,
      "text" : "www.diariomunicipal.com.br/maceio",
      "whiteSpace" : false
    }, {
      "id" : "s7-t20",
      "begin" : 602,
      "end" : 603,
      "text" : "5",
      "whiteSpace" : false
    }, {
      "id" : "s7-t21",
      "begin" : 604,
      "end" : 607,
      "text" : "JHC",
      "whiteSpace" : false
    }, {
      "id" : "s7-t22",
      "begin" : 608,
      "end" : 616,
      "text" : "Prefeito",
      "whiteSpace" : false
    }, {
      "id" : "s7-t23",
      "begin" : 617,
      "end" : 619,
      "text" : "de",
      "whiteSpace" : false
    }, {
      "id" : "s7-t24",
      "begin" : 620,
      "end" : 626,
      "text" : "Maceió",
      "whiteSpace" : false
    }, {
      "id" : "s7-t25",
      "begin" : 627,
      "end" : 636,
      "text" : "Publicado",
      "whiteSpace" : false
    }, {
      "id" : "s7-t26",
      "begin" : 637,
      "end" : 640,
      "text" : "por",
      "whiteSpace" : false
    }, {
      "id" : "s7-t27",
      "begin" : 640,
      "end" : 641,
      "text" : ":",
      "whiteSpace" : false
    }, {
      "id" : "s7-t28",
      "begin" : 642,
      "end" : 649,
      "text" : "Evandro",
      "whiteSpace" : false
    }, {
      "id" : "s7-t29",
      "begin" : 650,
      "end" : 654,
      "text" : "José",
      "whiteSpace" : false
    }, {
      "id" : "s7-t30",
      "begin" : 655,
      "end" : 663,
      "text" : "Cordeiro",
      "whiteSpace" : false
    }, {
      "id" : "s7-t31",
      "begin" : 664,
      "end" : 670,
      "text" : "Código",
      "whiteSpace" : false
    }, {
      "id" : "s7-t32",
      "begin" : 671,
      "end" : 684,
      "text" : "Identificador",
      "whiteSpace" : false
    }, {
      "id" : "s7-t33",
      "begin" : 684,
      "end" : 685,
      "text" : ":",
      "whiteSpace" : false
    }, {
      "id" : "s7-t34",
      "begin" : 685,
      "end" : 693,
      "text" : "3B1C4381",
      "whiteSpace" : false
    } ]
  } ],
  "mentions" : [ {
    "id" : "s1-m1",
    "properties" : {
      "SIRE_MENTION_ROLE" : "portaria",
      "SIRE_ENTITY_SUBTYPE" : "NONE",
      "SIRE_MENTION_TYPE" : "NONE",
      "SIRE_MENTION_CLASS" : "SPC"
    },
    "type" : "portaria",
    "begin" : 39,
    "end" : 43,
    "inCoref" : false
  }, {
    "id" : "s1-m2",
    "properties" : {
      "SIRE_MENTION_ROLE" : "dia",
      "SIRE_ENTITY_SUBTYPE" : "NONE",
      "SIRE_MENTION_TYPE" : "NONE",
      "SIRE_MENTION_CLASS" : "SPC"
    },
    "type" : "dia",
    "begin" : 55,
    "end" : 57,
    "inCoref" : false
  }, {
    "id" : "s1-m3",
    "properties" : {
      "SIRE_MENTION_ROLE" : "mes",
      "SIRE_ENTITY_SUBTYPE" : "NONE",
      "SIRE_MENTION_TYPE" : "NONE",
      "SIRE_MENTION_CLASS" : "SPC"
    },
    "type" : "mes",
    "begin" : 61,
    "end" : 68,
    "inCoref" : false
  }, {
    "id" : "s1-m4",
    "properties" : {
      "SIRE_MENTION_ROLE" : "ano",
      "SIRE_ENTITY_SUBTYPE" : "NONE",
      "SIRE_MENTION_TYPE" : "NONE",
      "SIRE_MENTION_CLASS" : "SPC"
    },
    "type" : "ano",
    "begin" : 72,
    "end" : 76,
    "inCoref" : false
  }, {
    "id" : "s3-m1",
    "properties" : {
      "SIRE_MENTION_ROLE" : "ato",
      "SIRE_ENTITY_SUBTYPE" : "NONE",
      "SIRE_MENTION_TYPE" : "NONE",
      "SIRE_MENTION_CLASS" : "SPC"
    },
    "type" : "ato",
    "begin" : 181,
    "end" : 187,
    "inCoref" : false
  }, {
    "id" : "s3-m2",
    "properties" : {
      "SIRE_MENTION_ROLE" : "nome",
      "SIRE_ENTITY_SUBTYPE" : "NONE",
      "SIRE_MENTION_TYPE" : "NONE",
      "SIRE_MENTION_CLASS" : "SPC"
    },
    "type" : "nome",
    "begin" : 188,
    "end" : 210,
    "inCoref" : false
  }, {
    "id" : "s3-m3",
    "properties" : {
      "SIRE_MENTION_ROLE" : "cargo",
      "SIRE_ENTITY_SUBTYPE" : "NONE",
      "SIRE_MENTION_TYPE" : "NONE",
      "SIRE_MENTION_CLASS" : "SPC"
    },
    "type" : "cargo",
    "begin" : 240,
    "end" : 257,
    "inCoref" : false
  } ],
  "relations" : [ ],
  "corefs" : [ ],
  "typeResolved" : true,
  "userResolved" : false
}