{
  "id" : "fa2db150-6e6a-11ec-a52f-0922da029c04-1",
  "name" : "buffer_mcz_nom_02.txt",
  "createdDate" : 0,
  "version" : 3,
  "text" : "GABINETE DO PREFEITO - GP PORTARIA Nº. 0058 MACEIÓ/AL, 06 DE JANEIRO DE 2021. O PREFEITO DO MUNICÍPIO DE MACEIÓ, no uso de suas atribuições e prerrogativas legais, RESOLVE: Art. 1º Nomear ANDREA KARLA PEREIRA DA SILVA, para o cargo em comissão de Assessor Especial, Símbolo DAS-5, CPF n°. 007.901.664-29, do(a) PROCURADORIA-GERAL DO MUNICÍPIO - PGM, do Quadro de Pessoal do Poder Executivo Municipal. Art. 2º Esta Portaria entra em vigor na data de sua publicação, revogando-se as disposições em contrário. JHC Prefeito de Maceió Publicado por: Evandro José Cordeiro Código Identificador:6941446D\n",
  "docLength" : 0,
  "language" : "PT",
  "status" : "IN_PROGRESS",
  "modifiedDate" : 1641580807119,
  "documentSet" : [ ],
  "preannotation" : [ ],
  "sentences" : [ {
    "id" : "s0",
    "begin" : 0,
    "end" : 38,
    "text" : "GABINETE DO PREFEITO - GP PORTARIA Nº.",
    "tokens" : [ {
      "id" : "s0-t0",
      "begin" : 0,
      "end" : 8,
      "text" : "GABINETE",
      "whiteSpace" : false
    }, {
      "id" : "s0-t1",
      "begin" : 9,
      "end" : 11,
      "text" : "DO",
      "whiteSpace" : false
    }, {
      "id" : "s0-t2",
      "begin" : 12,
      "end" : 20,
      "text" : "PREFEITO",
      "whiteSpace" : false
    }, {
      "id" : "s0-t3",
      "begin" : 21,
      "end" : 22,
      "text" : "-",
      "whiteSpace" : false
    }, {
      "id" : "s0-t4",
      "begin" : 23,
      "end" : 25,
      "text" : "GP",
      "whiteSpace" : false
    }, {
      "id" : "s0-t5",
      "begin" : 26,
      "end" : 34,
      "text" : "PORTARIA",
      "whiteSpace" : false
    }, {
      "id" : "s0-t6",
      "begin" : 35,
      "end" : 37,
      "text" : "Nº",
      "whiteSpace" : false
    }, {
      "id" : "s0-t7",
      "begin" : 37,
      "end" : 38,
      "text" : ".",
      "whiteSpace" : false
    } ]
  }, {
    "id" : "s1",
    "begin" : 39,
    "end" : 77,
    "text" : "0058 MACEIÓ/AL, 06 DE JANEIRO DE 2021.",
    "tokens" : [ {
      "id" : "s1-t0",
      "begin" : 39,
      "end" : 43,
      "text" : "0058",
      "whiteSpace" : false
    }, {
      "id" : "s1-t1",
      "begin" : 44,
      "end" : 50,
      "text" : "MACEIÓ",
      "whiteSpace" : false
    }, {
      "id" : "s1-t2",
      "begin" : 50,
      "end" : 51,
      "text" : "/",
      "whiteSpace" : false
    }, {
      "id" : "s1-t3",
      "begin" : 51,
      "end" : 53,
      "text" : "AL",
      "whiteSpace" : false
    }, {
      "id" : "s1-t4",
      "begin" : 53,
      "end" : 54,
      "text" : ",",
      "whiteSpace" : false
    }, {
      "id" : "s1-t5",
      "begin" : 55,
      "end" : 57,
      "text" : "06",
      "whiteSpace" : false
    }, {
      "id" : "s1-t6",
      "begin" : 58,
      "end" : 60,
      "text" : "DE",
      "whiteSpace" : false
    }, {
      "id" : "s1-t7",
      "begin" : 61,
      "end" : 68,
      "text" : "JANEIRO",
      "whiteSpace" : false
    }, {
      "id" : "s1-t8",
      "begin" : 69,
      "end" : 71,
      "text" : "DE",
      "whiteSpace" : false
    }, {
      "id" : "s1-t9",
      "begin" : 72,
      "end" : 76,
      "text" : "2021",
      "whiteSpace" : false
    }, {
      "id" : "s1-t10",
      "begin" : 76,
      "end" : 77,
      "text" : ".",
      "whiteSpace" : false
    } ]
  }, {
    "id" : "s2",
    "begin" : 78,
    "end" : 177,
    "text" : "O PREFEITO DO MUNICÍPIO DE MACEIÓ, no uso de suas atribuições e prerrogativas legais, RESOLVE: Art.",
    "tokens" : [ {
      "id" : "s2-t0",
      "begin" : 78,
      "end" : 79,
      "text" : "O",
      "whiteSpace" : false
    }, {
      "id" : "s2-t1",
      "begin" : 80,
      "end" : 88,
      "text" : "PREFEITO",
      "whiteSpace" : false
    }, {
      "id" : "s2-t2",
      "begin" : 89,
      "end" : 91,
      "text" : "DO",
      "whiteSpace" : false
    }, {
      "id" : "s2-t3",
      "begin" : 92,
      "end" : 101,
      "text" : "MUNICÍPIO",
      "whiteSpace" : false
    }, {
      "id" : "s2-t4",
      "begin" : 102,
      "end" : 104,
      "text" : "DE",
      "whiteSpace" : false
    }, {
      "id" : "s2-t5",
      "begin" : 105,
      "end" : 111,
      "text" : "MACEIÓ",
      "whiteSpace" : false
    }, {
      "id" : "s2-t6",
      "begin" : 111,
      "end" : 112,
      "text" : ",",
      "whiteSpace" : false
    }, {
      "id" : "s2-t7",
      "begin" : 113,
      "end" : 115,
      "text" : "no",
      "whiteSpace" : false
    }, {
      "id" : "s2-t8",
      "begin" : 116,
      "end" : 119,
      "text" : "uso",
      "whiteSpace" : false
    }, {
      "id" : "s2-t9",
      "begin" : 120,
      "end" : 122,
      "text" : "de",
      "whiteSpace" : false
    }, {
      "id" : "s2-t10",
      "begin" : 123,
      "end" : 127,
      "text" : "suas",
      "whiteSpace" : false
    }, {
      "id" : "s2-t11",
      "begin" : 128,
      "end" : 139,
      "text" : "atribuições",
      "whiteSpace" : false
    }, {
      "id" : "s2-t12",
      "begin" : 140,
      "end" : 141,
      "text" : "e",
      "whiteSpace" : false
    }, {
      "id" : "s2-t13",
      "begin" : 142,
      "end" : 155,
      "text" : "prerrogativas",
      "whiteSpace" : false
    }, {
      "id" : "s2-t14",
      "begin" : 156,
      "end" : 162,
      "text" : "legais",
      "whiteSpace" : false
    }, {
      "id" : "s2-t15",
      "begin" : 162,
      "end" : 163,
      "text" : ",",
      "whiteSpace" : false
    }, {
      "id" : "s2-t16",
      "begin" : 164,
      "end" : 171,
      "text" : "RESOLVE",
      "whiteSpace" : false
    }, {
      "id" : "s2-t17",
      "begin" : 171,
      "end" : 172,
      "text" : ":",
      "whiteSpace" : false
    }, {
      "id" : "s2-t18",
      "begin" : 173,
      "end" : 176,
      "text" : "Art",
      "whiteSpace" : false
    }, {
      "id" : "s2-t19",
      "begin" : 176,
      "end" : 177,
      "text" : ".",
      "whiteSpace" : false
    } ]
  }, {
    "id" : "s3",
    "begin" : 178,
    "end" : 288,
    "text" : "1º Nomear ANDREA KARLA PEREIRA DA SILVA, para o cargo em comissão de Assessor Especial, Símbolo DAS-5, CPF n°.",
    "tokens" : [ {
      "id" : "s3-t0",
      "begin" : 178,
      "end" : 180,
      "text" : "1º",
      "whiteSpace" : false
    }, {
      "id" : "s3-t1",
      "begin" : 181,
      "end" : 187,
      "text" : "Nomear",
      "whiteSpace" : false
    }, {
      "id" : "s3-t2",
      "begin" : 188,
      "end" : 194,
      "text" : "ANDREA",
      "whiteSpace" : false
    }, {
      "id" : "s3-t3",
      "begin" : 195,
      "end" : 200,
      "text" : "KARLA",
      "whiteSpace" : false
    }, {
      "id" : "s3-t4",
      "begin" : 201,
      "end" : 208,
      "text" : "PEREIRA",
      "whiteSpace" : false
    }, {
      "id" : "s3-t5",
      "begin" : 209,
      "end" : 211,
      "text" : "DA",
      "whiteSpace" : false
    }, {
      "id" : "s3-t6",
      "begin" : 212,
      "end" : 217,
      "text" : "SILVA",
      "whiteSpace" : false
    }, {
      "id" : "s3-t7",
      "begin" : 217,
      "end" : 218,
      "text" : ",",
      "whiteSpace" : false
    }, {
      "id" : "s3-t8",
      "begin" : 219,
      "end" : 223,
      "text" : "para",
      "whiteSpace" : false
    }, {
      "id" : "s3-t9",
      "begin" : 224,
      "end" : 225,
      "text" : "o",
      "whiteSpace" : false
    }, {
      "id" : "s3-t10",
      "begin" : 226,
      "end" : 231,
      "text" : "cargo",
      "whiteSpace" : false
    }, {
      "id" : "s3-t11",
      "begin" : 232,
      "end" : 234,
      "text" : "em",
      "whiteSpace" : false
    }, {
      "id" : "s3-t12",
      "begin" : 235,
      "end" : 243,
      "text" : "comissão",
      "whiteSpace" : false
    }, {
      "id" : "s3-t13",
      "begin" : 244,
      "end" : 246,
      "text" : "de",
      "whiteSpace" : false
    }, {
      "id" : "s3-t14",
      "begin" : 247,
      "end" : 255,
      "text" : "Assessor",
      "whiteSpace" : false
    }, {
      "id" : "s3-t15",
      "begin" : 256,
      "end" : 264,
      "text" : "Especial",
      "whiteSpace" : false
    }, {
      "id" : "s3-t16",
      "begin" : 264,
      "end" : 265,
      "text" : ",",
      "whiteSpace" : false
    }, {
      "id" : "s3-t17",
      "begin" : 266,
      "end" : 273,
      "text" : "Símbolo",
      "whiteSpace" : false
    }, {
      "id" : "s3-t18",
      "begin" : 274,
      "end" : 279,
      "text" : "DAS-5",
      "whiteSpace" : false
    }, {
      "id" : "s3-t19",
      "begin" : 279,
      "end" : 280,
      "text" : ",",
      "whiteSpace" : false
    }, {
      "id" : "s3-t20",
      "begin" : 281,
      "end" : 284,
      "text" : "CPF",
      "whiteSpace" : false
    }, {
      "id" : "s3-t21",
      "begin" : 285,
      "end" : 286,
      "text" : "n",
      "whiteSpace" : false
    }, {
      "id" : "s3-t22",
      "begin" : 286,
      "end" : 287,
      "text" : "°",
      "whiteSpace" : false
    }, {
      "id" : "s3-t23",
      "begin" : 287,
      "end" : 288,
      "text" : ".",
      "whiteSpace" : false
    } ]
  }, {
    "id" : "s4",
    "begin" : 289,
    "end" : 400,
    "text" : "007.901.664-29, do(a) PROCURADORIA-GERAL DO MUNICÍPIO - PGM, do Quadro de Pessoal do Poder Executivo Municipal.",
    "tokens" : [ {
      "id" : "s4-t0",
      "begin" : 289,
      "end" : 303,
      "text" : "007.901.664-29",
      "whiteSpace" : false
    }, {
      "id" : "s4-t1",
      "begin" : 303,
      "end" : 304,
      "text" : ",",
      "whiteSpace" : false
    }, {
      "id" : "s4-t2",
      "begin" : 305,
      "end" : 307,
      "text" : "do",
      "whiteSpace" : false
    }, {
      "id" : "s4-t3",
      "begin" : 307,
      "end" : 308,
      "text" : "(",
      "whiteSpace" : false
    }, {
      "id" : "s4-t4",
      "begin" : 308,
      "end" : 309,
      "text" : "a",
      "whiteSpace" : false
    }, {
      "id" : "s4-t5",
      "begin" : 309,
      "end" : 310,
      "text" : ")",
      "whiteSpace" : false
    }, {
      "id" : "s4-t6",
      "begin" : 311,
      "end" : 329,
      "text" : "PROCURADORIA-GERAL",
      "whiteSpace" : false
    }, {
      "id" : "s4-t7",
      "begin" : 330,
      "end" : 332,
      "text" : "DO",
      "whiteSpace" : false
    }, {
      "id" : "s4-t8",
      "begin" : 333,
      "end" : 342,
      "text" : "MUNICÍPIO",
      "whiteSpace" : false
    }, {
      "id" : "s4-t9",
      "begin" : 343,
      "end" : 344,
      "text" : "-",
      "whiteSpace" : false
    }, {
      "id" : "s4-t10",
      "begin" : 345,
      "end" : 348,
      "text" : "PGM",
      "whiteSpace" : false
    }, {
      "id" : "s4-t11",
      "begin" : 348,
      "end" : 349,
      "text" : ",",
      "whiteSpace" : false
    }, {
      "id" : "s4-t12",
      "begin" : 350,
      "end" : 352,
      "text" : "do",
      "whiteSpace" : false
    }, {
      "id" : "s4-t13",
      "begin" : 353,
      "end" : 359,
      "text" : "Quadro",
      "whiteSpace" : false
    }, {
      "id" : "s4-t14",
      "begin" : 360,
      "end" : 362,
      "text" : "de",
      "whiteSpace" : false
    }, {
      "id" : "s4-t15",
      "begin" : 363,
      "end" : 370,
      "text" : "Pessoal",
      "whiteSpace" : false
    }, {
      "id" : "s4-t16",
      "begin" : 371,
      "end" : 373,
      "text" : "do",
      "whiteSpace" : false
    }, {
      "id" : "s4-t17",
      "begin" : 374,
      "end" : 379,
      "text" : "Poder",
      "whiteSpace" : false
    }, {
      "id" : "s4-t18",
      "begin" : 380,
      "end" : 389,
      "text" : "Executivo",
      "whiteSpace" : false
    }, {
      "id" : "s4-t19",
      "begin" : 390,
      "end" : 399,
      "text" : "Municipal",
      "whiteSpace" : false
    }, {
      "id" : "s4-t20",
      "begin" : 399,
      "end" : 400,
      "text" : ".",
      "whiteSpace" : false
    } ]
  }, {
    "id" : "s5",
    "begin" : 401,
    "end" : 405,
    "text" : "Art.",
    "tokens" : [ {
      "id" : "s5-t0",
      "begin" : 401,
      "end" : 404,
      "text" : "Art",
      "whiteSpace" : false
    }, {
      "id" : "s5-t1",
      "begin" : 404,
      "end" : 405,
      "text" : ".",
      "whiteSpace" : false
    } ]
  }, {
    "id" : "s6",
    "begin" : 406,
    "end" : 506,
    "text" : "2º Esta Portaria entra em vigor na data de sua publicação, revogando-se as disposições em contrário.",
    "tokens" : [ {
      "id" : "s6-t0",
      "begin" : 406,
      "end" : 408,
      "text" : "2º",
      "whiteSpace" : false
    }, {
      "id" : "s6-t1",
      "begin" : 409,
      "end" : 413,
      "text" : "Esta",
      "whiteSpace" : false
    }, {
      "id" : "s6-t2",
      "begin" : 414,
      "end" : 422,
      "text" : "Portaria",
      "whiteSpace" : false
    }, {
      "id" : "s6-t3",
      "begin" : 423,
      "end" : 428,
      "text" : "entra",
      "whiteSpace" : false
    }, {
      "id" : "s6-t4",
      "begin" : 429,
      "end" : 431,
      "text" : "em",
      "whiteSpace" : false
    }, {
      "id" : "s6-t5",
      "begin" : 432,
      "end" : 437,
      "text" : "vigor",
      "whiteSpace" : false
    }, {
      "id" : "s6-t6",
      "begin" : 438,
      "end" : 440,
      "text" : "na",
      "whiteSpace" : false
    }, {
      "id" : "s6-t7",
      "begin" : 441,
      "end" : 445,
      "text" : "data",
      "whiteSpace" : false
    }, {
      "id" : "s6-t8",
      "begin" : 446,
      "end" : 448,
      "text" : "de",
      "whiteSpace" : false
    }, {
      "id" : "s6-t9",
      "begin" : 449,
      "end" : 452,
      "text" : "sua",
      "whiteSpace" : false
    }, {
      "id" : "s6-t10",
      "begin" : 453,
      "end" : 463,
      "text" : "publicação",
      "whiteSpace" : false
    }, {
      "id" : "s6-t11",
      "begin" : 463,
      "end" : 464,
      "text" : ",",
      "whiteSpace" : false
    }, {
      "id" : "s6-t12",
      "begin" : 465,
      "end" : 477,
      "text" : "revogando-se",
      "whiteSpace" : false
    }, {
      "id" : "s6-t13",
      "begin" : 478,
      "end" : 480,
      "text" : "as",
      "whiteSpace" : false
    }, {
      "id" : "s6-t14",
      "begin" : 481,
      "end" : 492,
      "text" : "disposições",
      "whiteSpace" : false
    }, {
      "id" : "s6-t15",
      "begin" : 493,
      "end" : 495,
      "text" : "em",
      "whiteSpace" : false
    }, {
      "id" : "s6-t16",
      "begin" : 496,
      "end" : 505,
      "text" : "contrário",
      "whiteSpace" : false
    }, {
      "id" : "s6-t17",
      "begin" : 505,
      "end" : 506,
      "text" : ".",
      "whiteSpace" : false
    } ]
  }, {
    "id" : "s7",
    "begin" : 507,
    "end" : 596,
    "text" : "JHC Prefeito de Maceió Publicado por: Evandro José Cordeiro Código Identificador:6941446D",
    "tokens" : [ {
      "id" : "s7-t0",
      "begin" : 507,
      "end" : 510,
      "text" : "JHC",
      "whiteSpace" : false
    }, {
      "id" : "s7-t1",
      "begin" : 511,
      "end" : 519,
      "text" : "Prefeito",
      "whiteSpace" : false
    }, {
      "id" : "s7-t2",
      "begin" : 520,
      "end" : 522,
      "text" : "de",
      "whiteSpace" : false
    }, {
      "id" : "s7-t3",
      "begin" : 523,
      "end" : 529,
      "text" : "Maceió",
      "whiteSpace" : false
    }, {
      "id" : "s7-t4",
      "begin" : 530,
      "end" : 539,
      "text" : "Publicado",
      "whiteSpace" : false
    }, {
      "id" : "s7-t5",
      "begin" : 540,
      "end" : 543,
      "text" : "por",
      "whiteSpace" : false
    }, {
      "id" : "s7-t6",
      "begin" : 543,
      "end" : 544,
      "text" : ":",
      "whiteSpace" : false
    }, {
      "id" : "s7-t7",
      "begin" : 545,
      "end" : 552,
      "text" : "Evandro",
      "whiteSpace" : false
    }, {
      "id" : "s7-t8",
      "begin" : 553,
      "end" : 557,
      "text" : "José",
      "whiteSpace" : false
    }, {
      "id" : "s7-t9",
      "begin" : 558,
      "end" : 566,
      "text" : "Cordeiro",
      "whiteSpace" : false
    }, {
      "id" : "s7-t10",
      "begin" : 567,
      "end" : 573,
      "text" : "Código",
      "whiteSpace" : false
    }, {
      "id" : "s7-t11",
      "begin" : 574,
      "end" : 587,
      "text" : "Identificador",
      "whiteSpace" : false
    }, {
      "id" : "s7-t12",
      "begin" : 587,
      "end" : 588,
      "text" : ":",
      "whiteSpace" : false
    }, {
      "id" : "s7-t13",
      "begin" : 588,
      "end" : 596,
      "text" : "6941446D",
      "whiteSpace" : false
    } ]
  } ],
  "mentions" : [ {
    "id" : "s1-m1",
    "properties" : {
      "SIRE_MENTION_ROLE" : "portaria",
      "SIRE_ENTITY_SUBTYPE" : "NONE",
      "SIRE_MENTION_TYPE" : "NONE",
      "SIRE_MENTION_CLASS" : "SPC"
    },
    "type" : "portaria",
    "begin" : 39,
    "end" : 43,
    "inCoref" : false
  }, {
    "id" : "s1-m2",
    "properties" : {
      "SIRE_MENTION_ROLE" : "dia",
      "SIRE_ENTITY_SUBTYPE" : "NONE",
      "SIRE_MENTION_TYPE" : "NONE",
      "SIRE_MENTION_CLASS" : "SPC"
    },
    "type" : "dia",
    "begin" : 55,
    "end" : 57,
    "inCoref" : false
  }, {
    "id" : "s1-m3",
    "properties" : {
      "SIRE_MENTION_ROLE" : "mes",
      "SIRE_ENTITY_SUBTYPE" : "NONE",
      "SIRE_MENTION_TYPE" : "NONE",
      "SIRE_MENTION_CLASS" : "SPC"
    },
    "type" : "mes",
    "begin" : 61,
    "end" : 68,
    "inCoref" : false
  }, {
    "id" : "s1-m4",
    "properties" : {
      "SIRE_MENTION_ROLE" : "ano",
      "SIRE_ENTITY_SUBTYPE" : "NONE",
      "SIRE_MENTION_TYPE" : "NONE",
      "SIRE_MENTION_CLASS" : "SPC"
    },
    "type" : "ano",
    "begin" : 72,
    "end" : 76,
    "inCoref" : false
  }, {
    "id" : "s3-m2",
    "properties" : {
      "SIRE_MENTION_ROLE" : "ato",
      "SIRE_ENTITY_SUBTYPE" : "NONE",
      "SIRE_MENTION_TYPE" : "NONE",
      "SIRE_MENTION_CLASS" : "SPC"
    },
    "type" : "ato",
    "begin" : 181,
    "end" : 187,
    "inCoref" : false
  }, {
    "id" : "s3-m1",
    "properties" : {
      "SIRE_MENTION_ROLE" : "nome",
      "SIRE_ENTITY_SUBTYPE" : "NONE",
      "SIRE_MENTION_TYPE" : "NONE",
      "SIRE_MENTION_CLASS" : "SPC"
    },
    "type" : "nome",
    "begin" : 188,
    "end" : 217,
    "inCoref" : false
  }, {
    "id" : "s3-m3",
    "properties" : {
      "SIRE_MENTION_ROLE" : "cargo",
      "SIRE_ENTITY_SUBTYPE" : "NONE",
      "SIRE_MENTION_TYPE" : "NONE",
      "SIRE_MENTION_CLASS" : "SPC"
    },
    "type" : "cargo",
    "begin" : 247,
    "end" : 264,
    "inCoref" : false
  } ],
  "relations" : [ ],
  "corefs" : [ ],
  "typeResolved" : true,
  "userResolved" : false
}